
C:/Users/harri/OneDrive/Documents/GitHub/MLPonFPGA_Summer2026/pico_to_fpga/build/pico_to_fpga.elf:     file format elf32-littlearm

Sections:
Idx Name          Size      VMA       LMA       File off  Algn
  0 .boot2        00000100  10000000  10000000  00001000  2**0
                  CONTENTS, ALLOC, LOAD, READONLY, CODE
  1 .text         00006e50  10000100  10000100  00001100  2**3
                  CONTENTS, ALLOC, LOAD, READONLY, CODE
  2 .rodata       0000143c  10006f50  10006f50  00007f50  2**3
                  CONTENTS, ALLOC, LOAD, READONLY, DATA
  3 .binary_info  00000020  1000838c  1000838c  0000938c  2**2
                  CONTENTS, ALLOC, LOAD, READONLY, DATA
  4 .xip_ram      00000000  15000000  15000000  0000b030  2**0
                  CONTENTS
  5 .ram_vector_table 000000c0  20000000  20000000  0000c000  2**2
                  ALLOC
  6 .uninitialized_data 00000000  200000c0  200000c0  0000b030  2**0
                  CONTENTS
  7 .data         00000f70  200000c0  100083ac  0000a0c0  2**4
                  CONTENTS, ALLOC, LOAD, READONLY, CODE
  8 .tdata        00000000  20001030  20001030  0000b030  2**0
                  CONTENTS, ALLOC, LOAD, DATA, THREAD_LOCAL
  9 .tbss         00000000  20001030  20001030  00000000  2**0
                  ALLOC, THREAD_LOCAL
 10 .tbss_space   00000000  20001030  20001030  0000b030  2**0
                  CONTENTS
 11 .bss          00001a20  20001030  1000931c  0000b030  2**3
                  ALLOC
 12 .tls0         00000000  20002a50  20002a50  0000b030  2**0
                  CONTENTS
 13 .tls1         00000000  20002a50  20002a50  0000b030  2**0
                  CONTENTS
 14 .persistent_data 00000000  20002a50  20002a50  0000b030  2**0
                  CONTENTS
 15 .dummy_pre_heap 00000000  20002a50  20002a50  0000b030  2**0
                  CONTENTS
 16 .heap         00000800  20002a50  20002a50  0000ba50  2**2
                  ALLOC, READONLY
 17 .scratch_x    00000000  20040000  20040000  0000b030  2**0
                  CONTENTS
 18 .scratch_y    00000000  20041000  20041000  0000b030  2**0
                  CONTENTS
 19 .stack_dummy  00000800  20041000  20041000  0000c000  2**5
                  ALLOC, READONLY
 20 .debug_info   00035ccc  00000000  00000000  0000b030  2**0
                  CONTENTS, READONLY, DEBUGGING, OCTETS
 21 .debug_abbrev 0000984c  00000000  00000000  00040cfc  2**0
                  CONTENTS, READONLY, DEBUGGING, OCTETS
 22 .debug_loclists 0001cbb0  00000000  00000000  0004a548  2**0
                  CONTENTS, READONLY, DEBUGGING, OCTETS
 23 .debug_aranges 00001858  00000000  00000000  000670f8  2**3
                  CONTENTS, READONLY, DEBUGGING, OCTETS
 24 .debug_rnglists 00004c6f  00000000  00000000  00068950  2**0
                  CONTENTS, READONLY, DEBUGGING, OCTETS
 25 .debug_line   00026c31  00000000  00000000  0006d5bf  2**0
                  CONTENTS, READONLY, DEBUGGING, OCTETS
 26 .debug_str    0000a332  00000000  00000000  000941f0  2**0
                  CONTENTS, READONLY, DEBUGGING, OCTETS
 27 .comment      00000045  00000000  00000000  0009e522  2**0
                  CONTENTS, READONLY
 28 .ARM.attributes 0000002a  00000000  00000000  0009e567  2**0
                  CONTENTS, READONLY
 29 .debug_frame  000032cc  00000000  00000000  0009e594  2**2
                  CONTENTS, READONLY, DEBUGGING, OCTETS
 30 .debug_line_str 00000386  00000000  00000000  000a1860  2**0
                  CONTENTS, READONLY, DEBUGGING, OCTETS

C:/Users/harri/OneDrive/Documents/GitHub/MLPonFPGA_Summer2026/pico_to_fpga/build/pico_to_fpga.elf:     file format elf32-littlearm


Disassembly of section .boot2:

10000000 <__boot2_start__>:
10000000:	4b32b500 	.word	0x4b32b500
10000004:	60582021 	.word	0x60582021
10000008:	21026898 	.word	0x21026898
1000000c:	60984388 	.word	0x60984388
10000010:	611860d8 	.word	0x611860d8
10000014:	4b2e6158 	.word	0x4b2e6158
10000018:	60992100 	.word	0x60992100
1000001c:	61592102 	.word	0x61592102
10000020:	22f02101 	.word	0x22f02101
10000024:	492b5099 	.word	0x492b5099
10000028:	21016019 	.word	0x21016019
1000002c:	20356099 	.word	0x20356099
10000030:	f844f000 	.word	0xf844f000
10000034:	42902202 	.word	0x42902202
10000038:	2106d014 	.word	0x2106d014
1000003c:	f0006619 	.word	0xf0006619
10000040:	6e19f834 	.word	0x6e19f834
10000044:	66192101 	.word	0x66192101
10000048:	66182000 	.word	0x66182000
1000004c:	f000661a 	.word	0xf000661a
10000050:	6e19f82c 	.word	0x6e19f82c
10000054:	6e196e19 	.word	0x6e196e19
10000058:	f0002005 	.word	0xf0002005
1000005c:	2101f82f 	.word	0x2101f82f
10000060:	d1f94208 	.word	0xd1f94208
10000064:	60992100 	.word	0x60992100
10000068:	6019491b 	.word	0x6019491b
1000006c:	60592100 	.word	0x60592100
10000070:	481b491a 	.word	0x481b491a
10000074:	21016001 	.word	0x21016001
10000078:	21eb6099 	.word	0x21eb6099
1000007c:	21a06619 	.word	0x21a06619
10000080:	f0006619 	.word	0xf0006619
10000084:	2100f812 	.word	0x2100f812
10000088:	49166099 	.word	0x49166099
1000008c:	60014814 	.word	0x60014814
10000090:	60992101 	.word	0x60992101
10000094:	2800bc01 	.word	0x2800bc01
10000098:	4700d000 	.word	0x4700d000
1000009c:	49134812 	.word	0x49134812
100000a0:	c8036008 	.word	0xc8036008
100000a4:	8808f380 	.word	0x8808f380
100000a8:	b5034708 	.word	0xb5034708
100000ac:	20046a99 	.word	0x20046a99
100000b0:	d0fb4201 	.word	0xd0fb4201
100000b4:	42012001 	.word	0x42012001
100000b8:	bd03d1f8 	.word	0xbd03d1f8
100000bc:	6618b502 	.word	0x6618b502
100000c0:	f7ff6618 	.word	0xf7ff6618
100000c4:	6e18fff2 	.word	0x6e18fff2
100000c8:	bd026e18 	.word	0xbd026e18
100000cc:	40020000 	.word	0x40020000
100000d0:	18000000 	.word	0x18000000
100000d4:	00070000 	.word	0x00070000
100000d8:	005f0300 	.word	0x005f0300
100000dc:	00002221 	.word	0x00002221
100000e0:	180000f4 	.word	0x180000f4
100000e4:	a0002022 	.word	0xa0002022
100000e8:	10000100 	.word	0x10000100
100000ec:	e000ed08 	.word	0xe000ed08
	...
100000fc:	7a4eb274 	.word	0x7a4eb274

Disassembly of section .text:

10000100 <__VECTOR_TABLE>:
10000100:	20042000 	.word	0x20042000
10000104:	100001f7 	.word	0x100001f7
10000108:	100001cb 	.word	0x100001cb
1000010c:	100001cd 	.word	0x100001cd
10000110:	100001c9 	.word	0x100001c9
10000114:	100001c9 	.word	0x100001c9
10000118:	100001c9 	.word	0x100001c9
1000011c:	100001c9 	.word	0x100001c9
10000120:	100001c9 	.word	0x100001c9
10000124:	100001c9 	.word	0x100001c9
10000128:	100001c9 	.word	0x100001c9
1000012c:	100001cf 	.word	0x100001cf
10000130:	100001c9 	.word	0x100001c9
10000134:	100001c9 	.word	0x100001c9
10000138:	100001d1 	.word	0x100001d1
1000013c:	100001d3 	.word	0x100001d3
10000140:	100001c1 	.word	0x100001c1
10000144:	100001c1 	.word	0x100001c1
10000148:	100001c1 	.word	0x100001c1
1000014c:	100001c1 	.word	0x100001c1
10000150:	100001c1 	.word	0x100001c1
10000154:	100001c1 	.word	0x100001c1
10000158:	100001c1 	.word	0x100001c1
1000015c:	100001c1 	.word	0x100001c1
10000160:	100001c1 	.word	0x100001c1
10000164:	100001c1 	.word	0x100001c1
10000168:	100001c1 	.word	0x100001c1
1000016c:	100001c1 	.word	0x100001c1
10000170:	100001c1 	.word	0x100001c1
10000174:	100001c1 	.word	0x100001c1
10000178:	100001c1 	.word	0x100001c1
1000017c:	100001c1 	.word	0x100001c1
10000180:	100001c1 	.word	0x100001c1
10000184:	100001c1 	.word	0x100001c1
10000188:	100001c1 	.word	0x100001c1
1000018c:	100001c1 	.word	0x100001c1
10000190:	100001c1 	.word	0x100001c1
10000194:	100001c1 	.word	0x100001c1
10000198:	100001c1 	.word	0x100001c1
1000019c:	100001c1 	.word	0x100001c1
100001a0:	100001c1 	.word	0x100001c1
100001a4:	100001c1 	.word	0x100001c1
100001a8:	100001c1 	.word	0x100001c1
100001ac:	100001c1 	.word	0x100001c1
100001b0:	100001c1 	.word	0x100001c1
100001b4:	100001c1 	.word	0x100001c1
100001b8:	100001c1 	.word	0x100001c1
100001bc:	100001c1 	.word	0x100001c1

100001c0 <__unhandled_user_irq>:
100001c0:	f3ef 8005 	mrs	r0, IPSR
100001c4:	3810      	subs	r0, #16

100001c6 <unhandled_user_irq_num_in_r0>:
100001c6:	be00      	bkpt	0x0000

100001c8 <isr_invalid>:
100001c8:	be00      	bkpt	0x0000

100001ca <isr_nmi>:
100001ca:	be00      	bkpt	0x0000

100001cc <isr_hardfault>:
100001cc:	be00      	bkpt	0x0000

100001ce <isr_svcall>:
100001ce:	be00      	bkpt	0x0000

100001d0 <isr_pendsv>:
100001d0:	be00      	bkpt	0x0000

100001d2 <isr_systick>:
100001d2:	be00      	bkpt	0x0000

100001d4 <__default_isrs_end>:
100001d4:	7188ebf2 	.word	0x7188ebf2
100001d8:	1000838c 	.word	0x1000838c
100001dc:	100083ac 	.word	0x100083ac
100001e0:	10000238 	.word	0x10000238
100001e4:	e71aa390 	.word	0xe71aa390

100001e8 <_entry_point>:
100001e8:	2000      	movs	r0, #0

100001ea <_enter_vtable_in_r0>:
100001ea:	491e      	ldr	r1, [pc, #120]	@ (10000264 <data_cpy_table+0x2c>)
100001ec:	6008      	str	r0, [r1, #0]
100001ee:	c806      	ldmia	r0!, {r1, r2}
100001f0:	f381 8808 	msr	MSP, r1
100001f4:	4710      	bx	r2

100001f6 <_reset_handler>:
100001f6:	481c      	ldr	r0, [pc, #112]	@ (10000268 <data_cpy_table+0x30>)
100001f8:	6800      	ldr	r0, [r0, #0]
100001fa:	2800      	cmp	r0, #0
100001fc:	d001      	beq.n	10000202 <hold_non_core0_in_bootrom+0x4>

100001fe <hold_non_core0_in_bootrom>:
100001fe:	2000      	movs	r0, #0
10000200:	e7f3      	b.n	100001ea <_enter_vtable_in_r0>
10000202:	a40d      	add	r4, pc, #52	@ (adr r4, 10000238 <data_cpy_table>)
10000204:	cc0e      	ldmia	r4!, {r1, r2, r3}
10000206:	2900      	cmp	r1, #0
10000208:	d002      	beq.n	10000210 <hold_non_core0_in_bootrom+0x12>
1000020a:	f000 f812 	bl	10000232 <data_cpy>
1000020e:	e7f9      	b.n	10000204 <hold_non_core0_in_bootrom+0x6>
10000210:	4916      	ldr	r1, [pc, #88]	@ (1000026c <data_cpy_table+0x34>)
10000212:	4a17      	ldr	r2, [pc, #92]	@ (10000270 <data_cpy_table+0x38>)
10000214:	2000      	movs	r0, #0
10000216:	e000      	b.n	1000021a <bss_fill_test>

10000218 <bss_fill_loop>:
10000218:	c101      	stmia	r1!, {r0}

1000021a <bss_fill_test>:
1000021a:	4291      	cmp	r1, r2
1000021c:	d1fc      	bne.n	10000218 <bss_fill_loop>

1000021e <platform_entry>:
1000021e:	4915      	ldr	r1, [pc, #84]	@ (10000274 <data_cpy_table+0x3c>)
10000220:	4788      	blx	r1
10000222:	4915      	ldr	r1, [pc, #84]	@ (10000278 <data_cpy_table+0x40>)
10000224:	4788      	blx	r1
10000226:	4915      	ldr	r1, [pc, #84]	@ (1000027c <data_cpy_table+0x44>)
10000228:	4788      	blx	r1
1000022a:	be00      	bkpt	0x0000
1000022c:	e7fd      	b.n	1000022a <platform_entry+0xc>

1000022e <data_cpy_loop>:
1000022e:	c901      	ldmia	r1!, {r0}
10000230:	c201      	stmia	r2!, {r0}

10000232 <data_cpy>:
10000232:	429a      	cmp	r2, r3
10000234:	d3fb      	bcc.n	1000022e <data_cpy_loop>

10000236 <data_cpy_done>:
10000236:	4770      	bx	lr

10000238 <data_cpy_table>:
10000238:	100083ac 	.word	0x100083ac
1000023c:	200000c0 	.word	0x200000c0
10000240:	20001030 	.word	0x20001030
10000244:	1000931c 	.word	0x1000931c
10000248:	20040000 	.word	0x20040000
1000024c:	20040000 	.word	0x20040000
10000250:	1000931c 	.word	0x1000931c
10000254:	20041000 	.word	0x20041000
10000258:	20041000 	.word	0x20041000
1000025c:	00000000 	.word	0x00000000
10000260:	4770      	bx	lr
10000262:	0000      	.short	0x0000
10000264:	e000ed08 	.word	0xe000ed08
10000268:	d0000000 	.word	0xd0000000
1000026c:	20001030 	.word	0x20001030
10000270:	20002a50 	.word	0x20002a50
10000274:	100043d1 	.word	0x100043d1
10000278:	10000281 	.word	0x10000281
1000027c:	100043c9 	.word	0x100043c9

10000280 <main>:
10000280:	b5f0      	push	{r4, r5, r6, r7, lr}
10000282:	46de      	mov	lr, fp
10000284:	464e      	mov	r6, r9
10000286:	4657      	mov	r7, sl
10000288:	4645      	mov	r5, r8
1000028a:	b5e0      	push	{r5, r6, r7, lr}
1000028c:	b087      	sub	sp, #28
1000028e:	f004 f9c3 	bl	10004618 <stdio_init_all>
10000292:	f000 fb0f 	bl	100008b4 <handshake_init>
10000296:	f000 f95d 	bl	10000554 <dma_packet_stream_init>
1000029a:	4b40      	ldr	r3, [pc, #256]	@ (1000039c <main+0x11c>)
1000029c:	4d40      	ldr	r5, [pc, #256]	@ (100003a0 <main+0x120>)
1000029e:	9303      	str	r3, [sp, #12]
100002a0:	4b40      	ldr	r3, [pc, #256]	@ (100003a4 <main+0x124>)
100002a2:	4f41      	ldr	r7, [pc, #260]	@ (100003a8 <main+0x128>)
100002a4:	4699      	mov	r9, r3
100002a6:	4b41      	ldr	r3, [pc, #260]	@ (100003ac <main+0x12c>)
100002a8:	4e41      	ldr	r6, [pc, #260]	@ (100003b0 <main+0x130>)
100002aa:	9301      	str	r3, [sp, #4]
100002ac:	4b41      	ldr	r3, [pc, #260]	@ (100003b4 <main+0x134>)
100002ae:	9304      	str	r3, [sp, #16]
100002b0:	4b41      	ldr	r3, [pc, #260]	@ (100003b8 <main+0x138>)
100002b2:	9305      	str	r3, [sp, #20]
100002b4:	4b41      	ldr	r3, [pc, #260]	@ (100003bc <main+0x13c>)
100002b6:	9302      	str	r3, [sp, #8]
100002b8:	9803      	ldr	r0, [sp, #12]
100002ba:	f000 fab5 	bl	10000828 <usb_receive_image>
100002be:	f000 f92b 	bl	10000518 <reset_packet_counters>
100002c2:	4b3f      	ldr	r3, [pc, #252]	@ (100003c0 <main+0x140>)
100002c4:	46bb      	mov	fp, r7
100002c6:	4698      	mov	r8, r3
100002c8:	2301      	movs	r3, #1
100002ca:	9300      	str	r3, [sp, #0]
100002cc:	4b3d      	ldr	r3, [pc, #244]	@ (100003c4 <main+0x144>)
100002ce:	0037      	movs	r7, r6
100002d0:	469a      	mov	sl, r3
100002d2:	002b      	movs	r3, r5
100002d4:	4645      	mov	r5, r8
100002d6:	46b0      	mov	r8, r6
100002d8:	001e      	movs	r6, r3
100002da:	464b      	mov	r3, r9
100002dc:	003c      	movs	r4, r7
100002de:	8819      	ldrh	r1, [r3, #0]
100002e0:	2000      	movs	r0, #0
100002e2:	f000 f877 	bl	100003d4 <form_packet>
100002e6:	6833      	ldr	r3, [r6, #0]
100002e8:	ba1b      	rev	r3, r3
100002ea:	c408      	stmia	r4!, {r3}
100002ec:	9b01      	ldr	r3, [sp, #4]
100002ee:	2001      	movs	r0, #1
100002f0:	8819      	ldrh	r1, [r3, #0]
100002f2:	f000 f86f 	bl	100003d4 <form_packet>
100002f6:	6833      	ldr	r3, [r6, #0]
100002f8:	ba1b      	rev	r3, r3
100002fa:	c408      	stmia	r4!, {r3}
100002fc:	42ac      	cmp	r4, r5
100002fe:	d1f5      	bne.n	100002ec <main+0x6c>
10000300:	23c5      	movs	r3, #197	@ 0xc5
10000302:	009b      	lsls	r3, r3, #2
10000304:	18ff      	adds	r7, r7, r3
10000306:	18e5      	adds	r5, r4, r3
10000308:	9b00      	ldr	r3, [sp, #0]
1000030a:	33c5      	adds	r3, #197	@ 0xc5
1000030c:	9300      	str	r3, [sp, #0]
1000030e:	4553      	cmp	r3, sl
10000310:	d1e3      	bne.n	100002da <main+0x5a>
10000312:	23c5      	movs	r3, #197	@ 0xc5
10000314:	0035      	movs	r5, r6
10000316:	4646      	mov	r6, r8
10000318:	011b      	lsls	r3, r3, #4
1000031a:	469a      	mov	sl, r3
1000031c:	4b2a      	ldr	r3, [pc, #168]	@ (100003c8 <main+0x148>)
1000031e:	465f      	mov	r7, fp
10000320:	18f4      	adds	r4, r6, r3
10000322:	23d2      	movs	r3, #210	@ 0xd2
10000324:	009b      	lsls	r3, r3, #2
10000326:	002e      	movs	r6, r5
10000328:	469b      	mov	fp, r3
1000032a:	0025      	movs	r5, r4
1000032c:	44c2      	add	sl, r8
1000032e:	464b      	mov	r3, r9
10000330:	2000      	movs	r0, #0
10000332:	8819      	ldrh	r1, [r3, #0]
10000334:	f000 f84e 	bl	100003d4 <form_packet>
10000338:	002c      	movs	r4, r5
1000033a:	4652      	mov	r2, sl
1000033c:	6833      	ldr	r3, [r6, #0]
1000033e:	3c40      	subs	r4, #64	@ 0x40
10000340:	ba1b      	rev	r3, r3
10000342:	6013      	str	r3, [r2, #0]
10000344:	2002      	movs	r0, #2
10000346:	8839      	ldrh	r1, [r7, #0]
10000348:	f000 f844 	bl	100003d4 <form_packet>
1000034c:	6833      	ldr	r3, [r6, #0]
1000034e:	ba1b      	rev	r3, r3
10000350:	c408      	stmia	r4!, {r3}
10000352:	42a5      	cmp	r5, r4
10000354:	d1f6      	bne.n	10000344 <main+0xc4>
10000356:	2344      	movs	r3, #68	@ 0x44
10000358:	449a      	add	sl, r3
1000035a:	9b00      	ldr	r3, [sp, #0]
1000035c:	3544      	adds	r5, #68	@ 0x44
1000035e:	3311      	adds	r3, #17
10000360:	9300      	str	r3, [sp, #0]
10000362:	455b      	cmp	r3, fp
10000364:	d1e3      	bne.n	1000032e <main+0xae>
10000366:	0035      	movs	r5, r6
10000368:	4646      	mov	r6, r8
1000036a:	4a18      	ldr	r2, [pc, #96]	@ (100003cc <main+0x14c>)
1000036c:	4918      	ldr	r1, [pc, #96]	@ (100003d0 <main+0x150>)
1000036e:	9804      	ldr	r0, [sp, #16]
10000370:	f004 fa62 	bl	10004838 <__wrap_printf>
10000374:	4916      	ldr	r1, [pc, #88]	@ (100003d0 <main+0x150>)
10000376:	0030      	movs	r0, r6
10000378:	f000 f962 	bl	10000640 <dma_packet_stream_start>
1000037c:	f000 fab0 	bl	100008e0 <send_start>
10000380:	f000 faba 	bl	100008f8 <wait_for_next_packet>
10000384:	f000 fab2 	bl	100008ec <send_start_end>
10000388:	9805      	ldr	r0, [sp, #20]
1000038a:	f004 f9d3 	bl	10004734 <__wrap_puts>
1000038e:	4810      	ldr	r0, [pc, #64]	@ (100003d0 <main+0x150>)
10000390:	f000 f986 	bl	100006a0 <dma_packet_stream_wait>
10000394:	9802      	ldr	r0, [sp, #8]
10000396:	f004 f9cd 	bl	10004734 <__wrap_puts>
1000039a:	e78d      	b.n	100002b8 <main+0x38>
1000039c:	20001c00 	.word	0x20001c00
100003a0:	20002a00 	.word	0x20002a00
100003a4:	20002a40 	.word	0x20002a40
100003a8:	20002a44 	.word	0x20002a44
100003ac:	20002a42 	.word	0x20002a42
100003b0:	20001ce4 	.word	0x20001ce4
100003b4:	10006f50 	.word	0x10006f50
100003b8:	10006f74 	.word	0x10006f74
100003bc:	10006f88 	.word	0x10006f88
100003c0:	20001ff8 	.word	0x20001ff8
100003c4:	00000315 	.word	0x00000315
100003c8:	00000c94 	.word	0x00000c94
100003cc:	00000d1c 	.word	0x00000d1c
100003d0:	00000347 	.word	0x00000347

100003d4 <form_packet>:
100003d4:	b570      	push	{r4, r5, r6, lr}
100003d6:	000c      	movs	r4, r1
100003d8:	2800      	cmp	r0, #0
100003da:	d10d      	bne.n	100003f8 <form_packet+0x24>
100003dc:	008b      	lsls	r3, r1, #2
100003de:	b29b      	uxth	r3, r3
100003e0:	4a45      	ldr	r2, [pc, #276]	@ (100004f8 <form_packet+0x124>)
100003e2:	2b19      	cmp	r3, #25
100003e4:	d91c      	bls.n	10000420 <form_packet+0x4c>
100003e6:	7010      	strb	r0, [r2, #0]
100003e8:	7050      	strb	r0, [r2, #1]
100003ea:	2300      	movs	r3, #0
100003ec:	7093      	strb	r3, [r2, #2]
100003ee:	4b43      	ldr	r3, [pc, #268]	@ (100004fc <form_packet+0x128>)
100003f0:	3401      	adds	r4, #1
100003f2:	70d0      	strb	r0, [r2, #3]
100003f4:	801c      	strh	r4, [r3, #0]
100003f6:	bd70      	pop	{r4, r5, r6, pc}
100003f8:	2801      	cmp	r0, #1
100003fa:	d124      	bne.n	10000446 <form_packet+0x72>
100003fc:	008b      	lsls	r3, r1, #2
100003fe:	b29a      	uxth	r2, r3
10000400:	23c4      	movs	r3, #196	@ 0xc4
10000402:	0015      	movs	r5, r2
10000404:	011b      	lsls	r3, r3, #4
10000406:	429a      	cmp	r2, r3
10000408:	d33d      	bcc.n	10000486 <form_packet+0xb2>
1000040a:	2300      	movs	r3, #0
1000040c:	2100      	movs	r1, #0
1000040e:	4a3a      	ldr	r2, [pc, #232]	@ (100004f8 <form_packet+0x124>)
10000410:	7013      	strb	r3, [r2, #0]
10000412:	7053      	strb	r3, [r2, #1]
10000414:	7093      	strb	r3, [r2, #2]
10000416:	4b3a      	ldr	r3, [pc, #232]	@ (10000500 <form_packet+0x12c>)
10000418:	3401      	adds	r4, #1
1000041a:	70d1      	strb	r1, [r2, #3]
1000041c:	801c      	strh	r4, [r3, #0]
1000041e:	e7ea      	b.n	100003f6 <form_packet+0x22>
10000420:	4938      	ldr	r1, [pc, #224]	@ (10000504 <form_packet+0x130>)
10000422:	468c      	mov	ip, r1
10000424:	4665      	mov	r5, ip
10000426:	5cc9      	ldrb	r1, [r1, r3]
10000428:	7011      	strb	r1, [r2, #0]
1000042a:	1c59      	adds	r1, r3, #1
1000042c:	b289      	uxth	r1, r1
1000042e:	5c69      	ldrb	r1, [r5, r1]
10000430:	7051      	strb	r1, [r2, #1]
10000432:	1c99      	adds	r1, r3, #2
10000434:	b289      	uxth	r1, r1
10000436:	291a      	cmp	r1, #26
10000438:	d0d7      	beq.n	100003ea <form_packet+0x16>
1000043a:	5c69      	ldrb	r1, [r5, r1]
1000043c:	3303      	adds	r3, #3
1000043e:	b29b      	uxth	r3, r3
10000440:	5ce8      	ldrb	r0, [r5, r3]
10000442:	7091      	strb	r1, [r2, #2]
10000444:	e7d3      	b.n	100003ee <form_packet+0x1a>
10000446:	2802      	cmp	r0, #2
10000448:	d1d5      	bne.n	100003f6 <form_packet+0x22>
1000044a:	230f      	movs	r3, #15
1000044c:	090a      	lsrs	r2, r1, #4
1000044e:	400b      	ands	r3, r1
10000450:	291f      	cmp	r1, #31
10000452:	d946      	bls.n	100004e2 <form_packet+0x10e>
10000454:	2202      	movs	r2, #2
10000456:	4694      	mov	ip, r2
10000458:	005b      	lsls	r3, r3, #1
1000045a:	3380      	adds	r3, #128	@ 0x80
1000045c:	492a      	ldr	r1, [pc, #168]	@ (10000508 <form_packet+0x134>)
1000045e:	4826      	ldr	r0, [pc, #152]	@ (100004f8 <form_packet+0x124>)
10000460:	5cca      	ldrb	r2, [r1, r3]
10000462:	0112      	lsls	r2, r2, #4
10000464:	7002      	strb	r2, [r0, #0]
10000466:	1c5a      	adds	r2, r3, #1
10000468:	b292      	uxth	r2, r2
1000046a:	5c8a      	ldrb	r2, [r1, r2]
1000046c:	0112      	lsls	r2, r2, #4
1000046e:	7042      	strb	r2, [r0, #1]
10000470:	4662      	mov	r2, ip
10000472:	2a02      	cmp	r2, #2
10000474:	d128      	bne.n	100004c8 <form_packet+0xf4>
10000476:	2100      	movs	r1, #0
10000478:	3002      	adds	r0, #2
1000047a:	f002 fbd5 	bl	10002c28 <__wrap_memset>
1000047e:	4b23      	ldr	r3, [pc, #140]	@ (1000050c <form_packet+0x138>)
10000480:	3401      	adds	r4, #1
10000482:	801c      	strh	r4, [r3, #0]
10000484:	e7b7      	b.n	100003f6 <form_packet+0x22>
10000486:	21c4      	movs	r1, #196	@ 0xc4
10000488:	0020      	movs	r0, r4
1000048a:	f001 fd3d 	bl	10001f08 <__wrap___aeabi_uidiv>
1000048e:	4b20      	ldr	r3, [pc, #128]	@ (10000510 <form_packet+0x13c>)
10000490:	b289      	uxth	r1, r1
10000492:	5c5b      	ldrb	r3, [r3, r1]
10000494:	210f      	movs	r1, #15
10000496:	481f      	ldr	r0, [pc, #124]	@ (10000514 <form_packet+0x140>)
10000498:	4019      	ands	r1, r3
1000049a:	5d43      	ldrb	r3, [r0, r5]
1000049c:	4a16      	ldr	r2, [pc, #88]	@ (100004f8 <form_packet+0x124>)
1000049e:	011b      	lsls	r3, r3, #4
100004a0:	430b      	orrs	r3, r1
100004a2:	7013      	strb	r3, [r2, #0]
100004a4:	1c6b      	adds	r3, r5, #1
100004a6:	b29b      	uxth	r3, r3
100004a8:	5cc3      	ldrb	r3, [r0, r3]
100004aa:	011b      	lsls	r3, r3, #4
100004ac:	430b      	orrs	r3, r1
100004ae:	7053      	strb	r3, [r2, #1]
100004b0:	1cab      	adds	r3, r5, #2
100004b2:	b29b      	uxth	r3, r3
100004b4:	5cc3      	ldrb	r3, [r0, r3]
100004b6:	011b      	lsls	r3, r3, #4
100004b8:	430b      	orrs	r3, r1
100004ba:	7093      	strb	r3, [r2, #2]
100004bc:	1ceb      	adds	r3, r5, #3
100004be:	b29b      	uxth	r3, r3
100004c0:	5cc3      	ldrb	r3, [r0, r3]
100004c2:	011b      	lsls	r3, r3, #4
100004c4:	4319      	orrs	r1, r3
100004c6:	e7a6      	b.n	10000416 <form_packet+0x42>
100004c8:	1c9a      	adds	r2, r3, #2
100004ca:	b292      	uxth	r2, r2
100004cc:	2aa0      	cmp	r2, #160	@ 0xa0
100004ce:	d00f      	beq.n	100004f0 <form_packet+0x11c>
100004d0:	3303      	adds	r3, #3
100004d2:	b29b      	uxth	r3, r3
100004d4:	5c8a      	ldrb	r2, [r1, r2]
100004d6:	5ccb      	ldrb	r3, [r1, r3]
100004d8:	0112      	lsls	r2, r2, #4
100004da:	011b      	lsls	r3, r3, #4
100004dc:	7082      	strb	r2, [r0, #2]
100004de:	70c3      	strb	r3, [r0, #3]
100004e0:	e7cd      	b.n	1000047e <form_packet+0xaa>
100004e2:	0192      	lsls	r2, r2, #6
100004e4:	009b      	lsls	r3, r3, #2
100004e6:	18d3      	adds	r3, r2, r3
100004e8:	2204      	movs	r2, #4
100004ea:	b29b      	uxth	r3, r3
100004ec:	4694      	mov	ip, r2
100004ee:	e7b5      	b.n	1000045c <form_packet+0x88>
100004f0:	2300      	movs	r3, #0
100004f2:	7083      	strb	r3, [r0, #2]
100004f4:	70c3      	strb	r3, [r0, #3]
100004f6:	e7c2      	b.n	1000047e <form_packet+0xaa>
100004f8:	20002a00 	.word	0x20002a00
100004fc:	20002a40 	.word	0x20002a40
10000500:	20002a42 	.word	0x20002a42
10000504:	100071dc 	.word	0x100071dc
10000508:	100071f8 	.word	0x100071f8
1000050c:	20002a44 	.word	0x20002a44
10000510:	20001c00 	.word	0x20001c00
10000514:	10007298 	.word	0x10007298

10000518 <reset_packet_counters>:
10000518:	2300      	movs	r3, #0
1000051a:	4a03      	ldr	r2, [pc, #12]	@ (10000528 <reset_packet_counters+0x10>)
1000051c:	8013      	strh	r3, [r2, #0]
1000051e:	4a03      	ldr	r2, [pc, #12]	@ (1000052c <reset_packet_counters+0x14>)
10000520:	8013      	strh	r3, [r2, #0]
10000522:	4a03      	ldr	r2, [pc, #12]	@ (10000530 <reset_packet_counters+0x18>)
10000524:	8013      	strh	r3, [r2, #0]
10000526:	4770      	bx	lr
10000528:	20002a40 	.word	0x20002a40
1000052c:	20002a42 	.word	0x20002a42
10000530:	20002a44 	.word	0x20002a44

10000534 <packet_complete_irq>:
10000534:	2201      	movs	r2, #1
10000536:	4b05      	ldr	r3, [pc, #20]	@ (1000054c <packet_complete_irq+0x18>)
10000538:	6b19      	ldr	r1, [r3, #48]	@ 0x30
1000053a:	420a      	tst	r2, r1
1000053c:	d004      	beq.n	10000548 <packet_complete_irq+0x14>
1000053e:	631a      	str	r2, [r3, #48]	@ 0x30
10000540:	4a03      	ldr	r2, [pc, #12]	@ (10000550 <packet_complete_irq+0x1c>)
10000542:	6813      	ldr	r3, [r2, #0]
10000544:	3301      	adds	r3, #1
10000546:	6013      	str	r3, [r2, #0]
10000548:	4770      	bx	lr
1000054a:	46c0      	nop			@ (mov r8, r8)
1000054c:	50200000 	.word	0x50200000
10000550:	200017a0 	.word	0x200017a0

10000554 <dma_packet_stream_init>:
10000554:	b5f0      	push	{r4, r5, r6, r7, lr}
10000556:	4931      	ldr	r1, [pc, #196]	@ (1000061c <dma_packet_stream_init+0xc8>)
10000558:	b087      	sub	sp, #28
1000055a:	4831      	ldr	r0, [pc, #196]	@ (10000620 <dma_packet_stream_init+0xcc>)
1000055c:	f006 fb28 	bl	10006bb0 <pio_add_program>
10000560:	4b30      	ldr	r3, [pc, #192]	@ (10000624 <dma_packet_stream_init+0xd0>)
10000562:	0007      	movs	r7, r0
10000564:	6018      	str	r0, [r3, #0]
10000566:	2101      	movs	r1, #1
10000568:	482d      	ldr	r0, [pc, #180]	@ (10000620 <dma_packet_stream_init+0xcc>)
1000056a:	f006 fb05 	bl	10006b78 <pio_claim_unused_sm>
1000056e:	2402      	movs	r4, #2
10000570:	0006      	movs	r6, r0
10000572:	4b2d      	ldr	r3, [pc, #180]	@ (10000628 <dma_packet_stream_init+0xd4>)
10000574:	6018      	str	r0, [r3, #0]
10000576:	0020      	movs	r0, r4
10000578:	2106      	movs	r1, #6
1000057a:	3401      	adds	r4, #1
1000057c:	f000 f9c4 	bl	10000908 <gpio_set_function>
10000580:	2c0a      	cmp	r4, #10
10000582:	d1f8      	bne.n	10000576 <dma_packet_stream_init+0x22>
10000584:	4d26      	ldr	r5, [pc, #152]	@ (10000620 <dma_packet_stream_init+0xcc>)
10000586:	2106      	movs	r1, #6
10000588:	200a      	movs	r0, #10
1000058a:	f000 f9bd 	bl	10000908 <gpio_set_function>
1000058e:	3c09      	subs	r4, #9
10000590:	2106      	movs	r1, #6
10000592:	200b      	movs	r0, #11
10000594:	f000 f9b8 	bl	10000908 <gpio_set_function>
10000598:	0031      	movs	r1, r6
1000059a:	9400      	str	r4, [sp, #0]
1000059c:	2308      	movs	r3, #8
1000059e:	2202      	movs	r2, #2
100005a0:	0028      	movs	r0, r5
100005a2:	f006 fb79 	bl	10006c98 <pio_sm_set_consecutive_pindirs>
100005a6:	0031      	movs	r1, r6
100005a8:	9400      	str	r4, [sp, #0]
100005aa:	2301      	movs	r3, #1
100005ac:	220a      	movs	r2, #10
100005ae:	0028      	movs	r0, r5
100005b0:	f006 fb72 	bl	10006c98 <pio_sm_set_consecutive_pindirs>
100005b4:	0031      	movs	r1, r6
100005b6:	9400      	str	r4, [sp, #0]
100005b8:	2301      	movs	r3, #1
100005ba:	220b      	movs	r2, #11
100005bc:	0028      	movs	r0, r5
100005be:	f006 fb6b 	bl	10006c98 <pio_sm_set_consecutive_pindirs>
100005c2:	003b      	movs	r3, r7
100005c4:	330a      	adds	r3, #10
100005c6:	01fa      	lsls	r2, r7, #7
100005c8:	031b      	lsls	r3, r3, #12
100005ca:	4313      	orrs	r3, r2
100005cc:	4a17      	ldr	r2, [pc, #92]	@ (1000062c <dma_packet_stream_init+0xd8>)
100005ce:	40b4      	lsls	r4, r6
100005d0:	4013      	ands	r3, r2
100005d2:	9303      	str	r3, [sp, #12]
100005d4:	4b16      	ldr	r3, [pc, #88]	@ (10000630 <dma_packet_stream_init+0xdc>)
100005d6:	003a      	movs	r2, r7
100005d8:	9305      	str	r3, [sp, #20]
100005da:	2380      	movs	r3, #128	@ 0x80
100005dc:	02db      	lsls	r3, r3, #11
100005de:	9304      	str	r3, [sp, #16]
100005e0:	2380      	movs	r3, #128	@ 0x80
100005e2:	025b      	lsls	r3, r3, #9
100005e4:	0031      	movs	r1, r6
100005e6:	9302      	str	r3, [sp, #8]
100005e8:	0028      	movs	r0, r5
100005ea:	ab02      	add	r3, sp, #8
100005ec:	f006 fbac 	bl	10006d48 <pio_sm_init>
100005f0:	682b      	ldr	r3, [r5, #0]
100005f2:	2007      	movs	r0, #7
100005f4:	431c      	orrs	r4, r3
100005f6:	490f      	ldr	r1, [pc, #60]	@ (10000634 <dma_packet_stream_init+0xe0>)
100005f8:	602c      	str	r4, [r5, #0]
100005fa:	f000 faf1 	bl	10000be0 <irq_set_exclusive_handler>
100005fe:	2280      	movs	r2, #128	@ 0x80
10000600:	4b0d      	ldr	r3, [pc, #52]	@ (10000638 <dma_packet_stream_init+0xe4>)
10000602:	0052      	lsls	r2, r2, #1
10000604:	601a      	str	r2, [r3, #0]
10000606:	2101      	movs	r1, #1
10000608:	2007      	movs	r0, #7
1000060a:	f000 fab3 	bl	10000b74 <irq_set_enabled>
1000060e:	2001      	movs	r0, #1
10000610:	f006 faa2 	bl	10006b58 <dma_claim_unused_channel>
10000614:	4b09      	ldr	r3, [pc, #36]	@ (1000063c <dma_packet_stream_init+0xe8>)
10000616:	6018      	str	r0, [r3, #0]
10000618:	b007      	add	sp, #28
1000061a:	bdf0      	pop	{r4, r5, r6, r7, pc}
1000061c:	10007ed8 	.word	0x10007ed8
10000620:	50200000 	.word	0x50200000
10000624:	20001cdc 	.word	0x20001cdc
10000628:	20001ce0 	.word	0x20001ce0
1000062c:	9fffffff 	.word	0x9fffffff
10000630:	4086a802 	.word	0x4086a802
10000634:	10000535 	.word	0x10000535
10000638:	5020212c 	.word	0x5020212c
1000063c:	20001cd8 	.word	0x20001cd8

10000640 <dma_packet_stream_start>:
10000640:	4b11      	ldr	r3, [pc, #68]	@ (10000688 <dma_packet_stream_start+0x48>)
10000642:	4a12      	ldr	r2, [pc, #72]	@ (1000068c <dma_packet_stream_start+0x4c>)
10000644:	681b      	ldr	r3, [r3, #0]
10000646:	b530      	push	{r4, r5, lr}
10000648:	4684      	mov	ip, r0
1000064a:	4c11      	ldr	r4, [pc, #68]	@ (10000690 <dma_packet_stream_start+0x50>)
1000064c:	6810      	ldr	r0, [r2, #0]
1000064e:	02da      	lsls	r2, r3, #11
10000650:	4022      	ands	r2, r4
10000652:	03c4      	lsls	r4, r0, #15
10000654:	4322      	orrs	r2, r4
10000656:	2419      	movs	r4, #25
10000658:	46c6      	mov	lr, r8
1000065a:	2500      	movs	r5, #0
1000065c:	4322      	orrs	r2, r4
1000065e:	4c0d      	ldr	r4, [pc, #52]	@ (10000694 <dma_packet_stream_start+0x54>)
10000660:	b500      	push	{lr}
10000662:	6025      	str	r5, [r4, #0]
10000664:	4c0c      	ldr	r4, [pc, #48]	@ (10000698 <dma_packet_stream_start+0x58>)
10000666:	3501      	adds	r5, #1
10000668:	6325      	str	r5, [r4, #48]	@ 0x30
1000066a:	24a0      	movs	r4, #160	@ 0xa0
1000066c:	05e4      	lsls	r4, r4, #23
1000066e:	019b      	lsls	r3, r3, #6
10000670:	191b      	adds	r3, r3, r4
10000672:	4664      	mov	r4, ip
10000674:	601c      	str	r4, [r3, #0]
10000676:	4c09      	ldr	r4, [pc, #36]	@ (1000069c <dma_packet_stream_start+0x5c>)
10000678:	0080      	lsls	r0, r0, #2
1000067a:	1900      	adds	r0, r0, r4
1000067c:	6058      	str	r0, [r3, #4]
1000067e:	6099      	str	r1, [r3, #8]
10000680:	60da      	str	r2, [r3, #12]
10000682:	bc20      	pop	{r5}
10000684:	46a8      	mov	r8, r5
10000686:	bd30      	pop	{r4, r5, pc}
10000688:	20001cd8 	.word	0x20001cd8
1000068c:	20001ce0 	.word	0x20001ce0
10000690:	ff007fff 	.word	0xff007fff
10000694:	200017a0 	.word	0x200017a0
10000698:	50200000 	.word	0x50200000
1000069c:	50200010 	.word	0x50200010

100006a0 <dma_packet_stream_wait>:
100006a0:	b5f0      	push	{r4, r5, r6, r7, lr}
100006a2:	46de      	mov	lr, fp
100006a4:	4645      	mov	r5, r8
100006a6:	4657      	mov	r7, sl
100006a8:	464e      	mov	r6, r9
100006aa:	4680      	mov	r8, r0
100006ac:	b5e0      	push	{r5, r6, r7, lr}
100006ae:	b08f      	sub	sp, #60	@ 0x3c
100006b0:	f001 f894 	bl	100017dc <time_us_64>
100006b4:	4c51      	ldr	r4, [pc, #324]	@ (100007fc <dma_packet_stream_wait+0x15c>)
100006b6:	6823      	ldr	r3, [r4, #0]
100006b8:	4598      	cmp	r8, r3
100006ba:	d800      	bhi.n	100006be <dma_packet_stream_wait+0x1e>
100006bc:	e09b      	b.n	100007f6 <dma_packet_stream_wait+0x156>
100006be:	2700      	movs	r7, #0
100006c0:	4e4f      	ldr	r6, [pc, #316]	@ (10000800 <dma_packet_stream_wait+0x160>)
100006c2:	1836      	adds	r6, r6, r0
100006c4:	414f      	adcs	r7, r1
100006c6:	2f00      	cmp	r7, #0
100006c8:	da00      	bge.n	100006cc <dma_packet_stream_wait+0x2c>
100006ca:	e090      	b.n	100007ee <dma_packet_stream_wait+0x14e>
100006cc:	2532      	movs	r5, #50	@ 0x32
100006ce:	46a9      	mov	r9, r5
100006d0:	0025      	movs	r5, r4
100006d2:	4b4c      	ldr	r3, [pc, #304]	@ (10000804 <dma_packet_stream_wait+0x164>)
100006d4:	469a      	mov	sl, r3
100006d6:	4b4c      	ldr	r3, [pc, #304]	@ (10000808 <dma_packet_stream_wait+0x168>)
100006d8:	930b      	str	r3, [sp, #44]	@ 0x2c
100006da:	4b4c      	ldr	r3, [pc, #304]	@ (1000080c <dma_packet_stream_wait+0x16c>)
100006dc:	930c      	str	r3, [sp, #48]	@ 0x30
100006de:	4b4c      	ldr	r3, [pc, #304]	@ (10000810 <dma_packet_stream_wait+0x170>)
100006e0:	930d      	str	r3, [sp, #52]	@ 0x34
100006e2:	682c      	ldr	r4, [r5, #0]
100006e4:	454c      	cmp	r4, r9
100006e6:	d21b      	bcs.n	10000720 <dma_packet_stream_wait+0x80>
100006e8:	f001 f878 	bl	100017dc <time_us_64>
100006ec:	0032      	movs	r2, r6
100006ee:	003b      	movs	r3, r7
100006f0:	1a12      	subs	r2, r2, r0
100006f2:	418b      	sbcs	r3, r1
100006f4:	2b00      	cmp	r3, #0
100006f6:	dd21      	ble.n	1000073c <dma_packet_stream_wait+0x9c>
100006f8:	682b      	ldr	r3, [r5, #0]
100006fa:	4543      	cmp	r3, r8
100006fc:	d3f1      	bcc.n	100006e2 <dma_packet_stream_wait+0x42>
100006fe:	4653      	mov	r3, sl
10000700:	2180      	movs	r1, #128	@ 0x80
10000702:	681a      	ldr	r2, [r3, #0]
10000704:	4b43      	ldr	r3, [pc, #268]	@ (10000814 <dma_packet_stream_wait+0x174>)
10000706:	0192      	lsls	r2, r2, #6
10000708:	18d2      	adds	r2, r2, r3
1000070a:	0449      	lsls	r1, r1, #17
1000070c:	6813      	ldr	r3, [r2, #0]
1000070e:	420b      	tst	r3, r1
10000710:	d1fc      	bne.n	1000070c <dma_packet_stream_wait+0x6c>
10000712:	b00f      	add	sp, #60	@ 0x3c
10000714:	bcf0      	pop	{r4, r5, r6, r7}
10000716:	46bb      	mov	fp, r7
10000718:	46b2      	mov	sl, r6
1000071a:	46a9      	mov	r9, r5
1000071c:	46a0      	mov	r8, r4
1000071e:	bdf0      	pop	{r4, r5, r6, r7, pc}
10000720:	4649      	mov	r1, r9
10000722:	980b      	ldr	r0, [sp, #44]	@ 0x2c
10000724:	f004 f888 	bl	10004838 <__wrap_printf>
10000728:	2332      	movs	r3, #50	@ 0x32
1000072a:	4499      	add	r9, r3
1000072c:	f001 f856 	bl	100017dc <time_us_64>
10000730:	0032      	movs	r2, r6
10000732:	003b      	movs	r3, r7
10000734:	1a12      	subs	r2, r2, r0
10000736:	418b      	sbcs	r3, r1
10000738:	2b00      	cmp	r3, #0
1000073a:	dcdd      	bgt.n	100006f8 <dma_packet_stream_wait+0x58>
1000073c:	2b00      	cmp	r3, #0
1000073e:	d101      	bne.n	10000744 <dma_packet_stream_wait+0xa4>
10000740:	2a00      	cmp	r2, #0
10000742:	d1d9      	bne.n	100006f8 <dma_packet_stream_wait+0x58>
10000744:	4653      	mov	r3, sl
10000746:	22a0      	movs	r2, #160	@ 0xa0
10000748:	681b      	ldr	r3, [r3, #0]
1000074a:	05d2      	lsls	r2, r2, #23
1000074c:	019b      	lsls	r3, r3, #6
1000074e:	189a      	adds	r2, r3, r2
10000750:	6892      	ldr	r2, [r2, #8]
10000752:	4e31      	ldr	r6, [pc, #196]	@ (10000818 <dma_packet_stream_wait+0x178>)
10000754:	4694      	mov	ip, r2
10000756:	4a2f      	ldr	r2, [pc, #188]	@ (10000814 <dma_packet_stream_wait+0x174>)
10000758:	189b      	adds	r3, r3, r2
1000075a:	9a0c      	ldr	r2, [sp, #48]	@ 0x30
1000075c:	681b      	ldr	r3, [r3, #0]
1000075e:	6811      	ldr	r1, [r2, #0]
10000760:	4a2e      	ldr	r2, [pc, #184]	@ (1000081c <dma_packet_stream_wait+0x17c>)
10000762:	01db      	lsls	r3, r3, #7
10000764:	6850      	ldr	r0, [r2, #4]
10000766:	0fdb      	lsrs	r3, r3, #31
10000768:	900a      	str	r0, [sp, #40]	@ 0x28
1000076a:	6850      	ldr	r0, [r2, #4]
1000076c:	004a      	lsls	r2, r1, #1
1000076e:	1852      	adds	r2, r2, r1
10000770:	00d2      	lsls	r2, r2, #3
10000772:	1992      	adds	r2, r2, r6
10000774:	6812      	ldr	r2, [r2, #0]
10000776:	9209      	str	r2, [sp, #36]	@ 0x24
10000778:	22d0      	movs	r2, #208	@ 0xd0
1000077a:	0612      	lsls	r2, r2, #24
1000077c:	6856      	ldr	r6, [r2, #4]
1000077e:	6857      	ldr	r7, [r2, #4]
10000780:	6852      	ldr	r2, [r2, #4]
10000782:	053f      	lsls	r7, r7, #20
10000784:	0552      	lsls	r2, r2, #21
10000786:	0fd2      	lsrs	r2, r2, #31
10000788:	04b6      	lsls	r6, r6, #18
1000078a:	9206      	str	r2, [sp, #24]
1000078c:	0fff      	lsrs	r7, r7, #31
1000078e:	4a24      	ldr	r2, [pc, #144]	@ (10000820 <dma_packet_stream_wait+0x180>)
10000790:	0ff6      	lsrs	r6, r6, #31
10000792:	9705      	str	r7, [sp, #20]
10000794:	9604      	str	r6, [sp, #16]
10000796:	6812      	ldr	r2, [r2, #0]
10000798:	9e09      	ldr	r6, [sp, #36]	@ 0x24
1000079a:	9203      	str	r2, [sp, #12]
1000079c:	22ff      	movs	r2, #255	@ 0xff
1000079e:	4032      	ands	r2, r6
100007a0:	9202      	str	r2, [sp, #8]
100007a2:	2201      	movs	r2, #1
100007a4:	000e      	movs	r6, r1
100007a6:	0017      	movs	r7, r2
100007a8:	3610      	adds	r6, #16
100007aa:	40b7      	lsls	r7, r6
100007ac:	4038      	ands	r0, r7
100007ae:	1e46      	subs	r6, r0, #1
100007b0:	41b0      	sbcs	r0, r6
100007b2:	3118      	adds	r1, #24
100007b4:	408a      	lsls	r2, r1
100007b6:	9001      	str	r0, [sp, #4]
100007b8:	980a      	ldr	r0, [sp, #40]	@ 0x28
100007ba:	4002      	ands	r2, r0
100007bc:	1e51      	subs	r1, r2, #1
100007be:	418a      	sbcs	r2, r1
100007c0:	980d      	ldr	r0, [sp, #52]	@ 0x34
100007c2:	0021      	movs	r1, r4
100007c4:	9200      	str	r2, [sp, #0]
100007c6:	4662      	mov	r2, ip
100007c8:	f004 f836 	bl	10004838 <__wrap_printf>
100007cc:	f001 f806 	bl	100017dc <time_us_64>
100007d0:	682b      	ldr	r3, [r5, #0]
100007d2:	4543      	cmp	r3, r8
100007d4:	d300      	bcc.n	100007d8 <dma_packet_stream_wait+0x138>
100007d6:	e792      	b.n	100006fe <dma_packet_stream_wait+0x5e>
100007d8:	2700      	movs	r7, #0
100007da:	4e09      	ldr	r6, [pc, #36]	@ (10000800 <dma_packet_stream_wait+0x160>)
100007dc:	1836      	adds	r6, r6, r0
100007de:	414f      	adcs	r7, r1
100007e0:	2f00      	cmp	r7, #0
100007e2:	db00      	blt.n	100007e6 <dma_packet_stream_wait+0x146>
100007e4:	e77d      	b.n	100006e2 <dma_packet_stream_wait+0x42>
100007e6:	2601      	movs	r6, #1
100007e8:	4f0e      	ldr	r7, [pc, #56]	@ (10000824 <dma_packet_stream_wait+0x184>)
100007ea:	4276      	negs	r6, r6
100007ec:	e779      	b.n	100006e2 <dma_packet_stream_wait+0x42>
100007ee:	2601      	movs	r6, #1
100007f0:	4f0c      	ldr	r7, [pc, #48]	@ (10000824 <dma_packet_stream_wait+0x184>)
100007f2:	4276      	negs	r6, r6
100007f4:	e76a      	b.n	100006cc <dma_packet_stream_wait+0x2c>
100007f6:	4b03      	ldr	r3, [pc, #12]	@ (10000804 <dma_packet_stream_wait+0x164>)
100007f8:	469a      	mov	sl, r3
100007fa:	e780      	b.n	100006fe <dma_packet_stream_wait+0x5e>
100007fc:	200017a0 	.word	0x200017a0
10000800:	001e8480 	.word	0x001e8480
10000804:	20001cd8 	.word	0x20001cd8
10000808:	10006f94 	.word	0x10006f94
1000080c:	20001ce0 	.word	0x20001ce0
10000810:	10006fa4 	.word	0x10006fa4
10000814:	50000010 	.word	0x50000010
10000818:	502000d4 	.word	0x502000d4
1000081c:	50200000 	.word	0x50200000
10000820:	20001cdc 	.word	0x20001cdc
10000824:	7fffffff 	.word	0x7fffffff

10000828 <usb_receive_image>:
10000828:	b570      	push	{r4, r5, r6, lr}
1000082a:	0004      	movs	r4, r0
1000082c:	e002      	b.n	10000834 <usb_receive_image+0xc>
1000082e:	200a      	movs	r0, #10
10000830:	f000 feae 	bl	10001590 <sleep_ms>
10000834:	f004 fa0c 	bl	10004c50 <stdio_usb_connected>
10000838:	2800      	cmp	r0, #0
1000083a:	d0f8      	beq.n	1000082e <usb_receive_image+0x6>
1000083c:	2600      	movs	r6, #0
1000083e:	481a      	ldr	r0, [pc, #104]	@ (100008a8 <usb_receive_image+0x80>)
10000840:	f003 ff78 	bl	10004734 <__wrap_puts>
10000844:	4d19      	ldr	r5, [pc, #100]	@ (100008ac <usb_receive_image+0x84>)
10000846:	f003 feeb 	bl	10004620 <__wrap_getchar>
1000084a:	5dab      	ldrb	r3, [r5, r6]
1000084c:	b2c0      	uxtb	r0, r0
1000084e:	4283      	cmp	r3, r0
10000850:	d017      	beq.n	10000882 <usb_receive_image+0x5a>
10000852:	3849      	subs	r0, #73	@ 0x49
10000854:	4243      	negs	r3, r0
10000856:	4158      	adcs	r0, r3
10000858:	b2c6      	uxtb	r6, r0
1000085a:	f003 fee1 	bl	10004620 <__wrap_getchar>
1000085e:	5dab      	ldrb	r3, [r5, r6]
10000860:	b2c0      	uxtb	r0, r0
10000862:	4283      	cmp	r3, r0
10000864:	d1f5      	bne.n	10000852 <usb_receive_image+0x2a>
10000866:	f003 fedb 	bl	10004620 <__wrap_getchar>
1000086a:	1c73      	adds	r3, r6, #1
1000086c:	5ceb      	ldrb	r3, [r5, r3]
1000086e:	b2c0      	uxtb	r0, r0
10000870:	4283      	cmp	r3, r0
10000872:	d1ee      	bne.n	10000852 <usb_receive_image+0x2a>
10000874:	f003 fed4 	bl	10004620 <__wrap_getchar>
10000878:	3602      	adds	r6, #2
1000087a:	5dab      	ldrb	r3, [r5, r6]
1000087c:	b2c0      	uxtb	r0, r0
1000087e:	4283      	cmp	r3, r0
10000880:	d1e7      	bne.n	10000852 <usb_receive_image+0x2a>
10000882:	3601      	adds	r6, #1
10000884:	b2b6      	uxth	r6, r6
10000886:	2e04      	cmp	r6, #4
10000888:	d1dd      	bne.n	10000846 <usb_receive_image+0x1e>
1000088a:	0026      	movs	r6, r4
1000088c:	250f      	movs	r5, #15
1000088e:	36c4      	adds	r6, #196	@ 0xc4
10000890:	f003 fec6 	bl	10004620 <__wrap_getchar>
10000894:	4028      	ands	r0, r5
10000896:	7020      	strb	r0, [r4, #0]
10000898:	3401      	adds	r4, #1
1000089a:	42b4      	cmp	r4, r6
1000089c:	d1f8      	bne.n	10000890 <usb_receive_image+0x68>
1000089e:	4804      	ldr	r0, [pc, #16]	@ (100008b0 <usb_receive_image+0x88>)
100008a0:	f003 ff48 	bl	10004734 <__wrap_puts>
100008a4:	bd70      	pop	{r4, r5, r6, pc}
100008a6:	46c0      	nop			@ (mov r8, r8)
100008a8:	10007014 	.word	0x10007014
100008ac:	10007ef8 	.word	0x10007ef8
100008b0:	1000701c 	.word	0x1000701c

100008b4 <handshake_init>:
100008b4:	b510      	push	{r4, lr}
100008b6:	200c      	movs	r0, #12
100008b8:	f000 f850 	bl	1000095c <gpio_init>
100008bc:	24d0      	movs	r4, #208	@ 0xd0
100008be:	2380      	movs	r3, #128	@ 0x80
100008c0:	0624      	lsls	r4, r4, #24
100008c2:	015b      	lsls	r3, r3, #5
100008c4:	6263      	str	r3, [r4, #36]	@ 0x24
100008c6:	200d      	movs	r0, #13
100008c8:	61a3      	str	r3, [r4, #24]
100008ca:	f000 f847 	bl	1000095c <gpio_init>
100008ce:	2380      	movs	r3, #128	@ 0x80
100008d0:	019b      	lsls	r3, r3, #6
100008d2:	2201      	movs	r2, #1
100008d4:	2100      	movs	r1, #0
100008d6:	200d      	movs	r0, #13
100008d8:	62a3      	str	r3, [r4, #40]	@ 0x28
100008da:	f000 f82d 	bl	10000938 <gpio_set_pulls>
100008de:	bd10      	pop	{r4, pc}

100008e0 <send_start>:
100008e0:	23d0      	movs	r3, #208	@ 0xd0
100008e2:	2280      	movs	r2, #128	@ 0x80
100008e4:	061b      	lsls	r3, r3, #24
100008e6:	0152      	lsls	r2, r2, #5
100008e8:	615a      	str	r2, [r3, #20]
100008ea:	4770      	bx	lr

100008ec <send_start_end>:
100008ec:	23d0      	movs	r3, #208	@ 0xd0
100008ee:	2280      	movs	r2, #128	@ 0x80
100008f0:	061b      	lsls	r3, r3, #24
100008f2:	0152      	lsls	r2, r2, #5
100008f4:	619a      	str	r2, [r3, #24]
100008f6:	4770      	bx	lr

100008f8 <wait_for_next_packet>:
100008f8:	21d0      	movs	r1, #208	@ 0xd0
100008fa:	2280      	movs	r2, #128	@ 0x80
100008fc:	0609      	lsls	r1, r1, #24
100008fe:	0192      	lsls	r2, r2, #6
10000900:	684b      	ldr	r3, [r1, #4]
10000902:	4213      	tst	r3, r2
10000904:	d0fc      	beq.n	10000900 <wait_for_next_packet+0x8>
10000906:	4770      	bx	lr

10000908 <gpio_set_function>:
10000908:	b510      	push	{r4, lr}
1000090a:	2440      	movs	r4, #64	@ 0x40
1000090c:	4a07      	ldr	r2, [pc, #28]	@ (1000092c <gpio_set_function+0x24>)
1000090e:	0083      	lsls	r3, r0, #2
10000910:	189a      	adds	r2, r3, r2
10000912:	6812      	ldr	r2, [r2, #0]
10000914:	00c0      	lsls	r0, r0, #3
10000916:	4054      	eors	r4, r2
10000918:	22c0      	movs	r2, #192	@ 0xc0
1000091a:	4022      	ands	r2, r4
1000091c:	4c04      	ldr	r4, [pc, #16]	@ (10000930 <gpio_set_function+0x28>)
1000091e:	191b      	adds	r3, r3, r4
10000920:	601a      	str	r2, [r3, #0]
10000922:	4b04      	ldr	r3, [pc, #16]	@ (10000934 <gpio_set_function+0x2c>)
10000924:	18c0      	adds	r0, r0, r3
10000926:	6041      	str	r1, [r0, #4]
10000928:	bd10      	pop	{r4, pc}
1000092a:	46c0      	nop			@ (mov r8, r8)
1000092c:	4001c004 	.word	0x4001c004
10000930:	4001d004 	.word	0x4001d004
10000934:	40014000 	.word	0x40014000

10000938 <gpio_set_pulls>:
10000938:	4b06      	ldr	r3, [pc, #24]	@ (10000954 <gpio_set_pulls+0x1c>)
1000093a:	0080      	lsls	r0, r0, #2
1000093c:	18c3      	adds	r3, r0, r3
1000093e:	681b      	ldr	r3, [r3, #0]
10000940:	00c9      	lsls	r1, r1, #3
10000942:	0092      	lsls	r2, r2, #2
10000944:	430a      	orrs	r2, r1
10000946:	405a      	eors	r2, r3
10000948:	230c      	movs	r3, #12
1000094a:	4013      	ands	r3, r2
1000094c:	4a02      	ldr	r2, [pc, #8]	@ (10000958 <gpio_set_pulls+0x20>)
1000094e:	1880      	adds	r0, r0, r2
10000950:	6003      	str	r3, [r0, #0]
10000952:	4770      	bx	lr
10000954:	4001c004 	.word	0x4001c004
10000958:	4001d004 	.word	0x4001d004

1000095c <gpio_init>:
1000095c:	2301      	movs	r3, #1
1000095e:	22d0      	movs	r2, #208	@ 0xd0
10000960:	4083      	lsls	r3, r0
10000962:	0612      	lsls	r2, r2, #24
10000964:	6293      	str	r3, [r2, #40]	@ 0x28
10000966:	6193      	str	r3, [r2, #24]
10000968:	4a08      	ldr	r2, [pc, #32]	@ (1000098c <gpio_init+0x30>)
1000096a:	0083      	lsls	r3, r0, #2
1000096c:	189a      	adds	r2, r3, r2
1000096e:	6811      	ldr	r1, [r2, #0]
10000970:	2240      	movs	r2, #64	@ 0x40
10000972:	4051      	eors	r1, r2
10000974:	3280      	adds	r2, #128	@ 0x80
10000976:	400a      	ands	r2, r1
10000978:	4905      	ldr	r1, [pc, #20]	@ (10000990 <gpio_init+0x34>)
1000097a:	00c0      	lsls	r0, r0, #3
1000097c:	185b      	adds	r3, r3, r1
1000097e:	601a      	str	r2, [r3, #0]
10000980:	4b04      	ldr	r3, [pc, #16]	@ (10000994 <gpio_init+0x38>)
10000982:	18c0      	adds	r0, r0, r3
10000984:	2305      	movs	r3, #5
10000986:	6043      	str	r3, [r0, #4]
10000988:	4770      	bx	lr
1000098a:	46c0      	nop			@ (mov r8, r8)
1000098c:	4001c004 	.word	0x4001c004
10000990:	4001d004 	.word	0x4001d004
10000994:	40014000 	.word	0x40014000

10000998 <rp2040_chip_version>:
10000998:	2380      	movs	r3, #128	@ 0x80
1000099a:	05db      	lsls	r3, r3, #23
1000099c:	6818      	ldr	r0, [r3, #0]
1000099e:	0f00      	lsrs	r0, r0, #28
100009a0:	4770      	bx	lr
100009a2:	46c0      	nop			@ (mov r8, r8)

100009a4 <panic>:
100009a4:	b40f      	push	{r0, r1, r2, r3}
100009a6:	b500      	push	{lr}
100009a8:	4808      	ldr	r0, [pc, #32]	@ (100009cc <panic+0x28>)
100009aa:	b083      	sub	sp, #12
100009ac:	f003 fec2 	bl	10004734 <__wrap_puts>
100009b0:	9b04      	ldr	r3, [sp, #16]
100009b2:	2b00      	cmp	r3, #0
100009b4:	d007      	beq.n	100009c6 <panic+0x22>
100009b6:	a905      	add	r1, sp, #20
100009b8:	0018      	movs	r0, r3
100009ba:	9101      	str	r1, [sp, #4]
100009bc:	f003 fce8 	bl	10004390 <weak_raw_vprintf>
100009c0:	4803      	ldr	r0, [pc, #12]	@ (100009d0 <panic+0x2c>)
100009c2:	f003 feb7 	bl	10004734 <__wrap_puts>
100009c6:	2001      	movs	r0, #1
100009c8:	f003 fcfa 	bl	100043c0 <_exit>
100009cc:	10007028 	.word	0x10007028
100009d0:	10007010 	.word	0x10007010

100009d4 <hw_claim_lock>:
100009d4:	f3ef 8010 	mrs	r0, PRIMASK
100009d8:	b672      	cpsid	i
100009da:	4a03      	ldr	r2, [pc, #12]	@ (100009e8 <hw_claim_lock+0x14>)
100009dc:	6813      	ldr	r3, [r2, #0]
100009de:	2b00      	cmp	r3, #0
100009e0:	d0fc      	beq.n	100009dc <hw_claim_lock+0x8>
100009e2:	f3bf 8f5f 	dmb	sy
100009e6:	4770      	bx	lr
100009e8:	d000012c 	.word	0xd000012c

100009ec <hw_claim_unlock>:
100009ec:	f3bf 8f5f 	dmb	sy
100009f0:	2200      	movs	r2, #0
100009f2:	4b02      	ldr	r3, [pc, #8]	@ (100009fc <hw_claim_unlock+0x10>)
100009f4:	601a      	str	r2, [r3, #0]
100009f6:	f380 8810 	msr	PRIMASK, r0
100009fa:	4770      	bx	lr
100009fc:	d000012c 	.word	0xd000012c

10000a00 <hw_claim_or_assert>:
10000a00:	b570      	push	{r4, r5, r6, lr}
10000a02:	468c      	mov	ip, r1
10000a04:	0016      	movs	r6, r2
10000a06:	f3ef 8410 	mrs	r4, PRIMASK
10000a0a:	b672      	cpsid	i
10000a0c:	490f      	ldr	r1, [pc, #60]	@ (10000a4c <hw_claim_or_assert+0x4c>)
10000a0e:	680b      	ldr	r3, [r1, #0]
10000a10:	2b00      	cmp	r3, #0
10000a12:	d0fc      	beq.n	10000a0e <hw_claim_or_assert+0xe>
10000a14:	f3bf 8f5f 	dmb	sy
10000a18:	4663      	mov	r3, ip
10000a1a:	08db      	lsrs	r3, r3, #3
10000a1c:	18c5      	adds	r5, r0, r3
10000a1e:	2207      	movs	r2, #7
10000a20:	5cc0      	ldrb	r0, [r0, r3]
10000a22:	4663      	mov	r3, ip
10000a24:	401a      	ands	r2, r3
10000a26:	2301      	movs	r3, #1
10000a28:	4093      	lsls	r3, r2
10000a2a:	001a      	movs	r2, r3
10000a2c:	4002      	ands	r2, r0
10000a2e:	4203      	tst	r3, r0
10000a30:	d107      	bne.n	10000a42 <hw_claim_or_assert+0x42>
10000a32:	4318      	orrs	r0, r3
10000a34:	7028      	strb	r0, [r5, #0]
10000a36:	f3bf 8f5f 	dmb	sy
10000a3a:	600a      	str	r2, [r1, #0]
10000a3c:	f384 8810 	msr	PRIMASK, r4
10000a40:	bd70      	pop	{r4, r5, r6, pc}
10000a42:	4661      	mov	r1, ip
10000a44:	0030      	movs	r0, r6
10000a46:	f7ff ffad 	bl	100009a4 <panic>
10000a4a:	46c0      	nop			@ (mov r8, r8)
10000a4c:	d000012c 	.word	0xd000012c

10000a50 <hw_claim_unused_from_range>:
10000a50:	b5f8      	push	{r3, r4, r5, r6, r7, lr}
10000a52:	46ce      	mov	lr, r9
10000a54:	4647      	mov	r7, r8
10000a56:	468c      	mov	ip, r1
10000a58:	b580      	push	{r7, lr}
10000a5a:	001c      	movs	r4, r3
10000a5c:	f3ef 8810 	mrs	r8, PRIMASK
10000a60:	b672      	cpsid	i
10000a62:	491c      	ldr	r1, [pc, #112]	@ (10000ad4 <hw_claim_unused_from_range+0x84>)
10000a64:	680b      	ldr	r3, [r1, #0]
10000a66:	2b00      	cmp	r3, #0
10000a68:	d0fc      	beq.n	10000a64 <hw_claim_unused_from_range+0x14>
10000a6a:	f3bf 8f5f 	dmb	sy
10000a6e:	42a2      	cmp	r2, r4
10000a70:	d821      	bhi.n	10000ab6 <hw_claim_unused_from_range+0x66>
10000a72:	2307      	movs	r3, #7
10000a74:	4699      	mov	r9, r3
10000a76:	e002      	b.n	10000a7e <hw_claim_unused_from_range+0x2e>
10000a78:	3201      	adds	r2, #1
10000a7a:	4294      	cmp	r4, r2
10000a7c:	d318      	bcc.n	10000ab0 <hw_claim_unused_from_range+0x60>
10000a7e:	4649      	mov	r1, r9
10000a80:	2601      	movs	r6, #1
10000a82:	4011      	ands	r1, r2
10000a84:	408e      	lsls	r6, r1
10000a86:	08d3      	lsrs	r3, r2, #3
10000a88:	18c7      	adds	r7, r0, r3
10000a8a:	5cc3      	ldrb	r3, [r0, r3]
10000a8c:	421e      	tst	r6, r3
10000a8e:	d1f3      	bne.n	10000a78 <hw_claim_unused_from_range+0x28>
10000a90:	0010      	movs	r0, r2
10000a92:	4333      	orrs	r3, r6
10000a94:	703b      	strb	r3, [r7, #0]
10000a96:	f3bf 8f5f 	dmb	sy
10000a9a:	2200      	movs	r2, #0
10000a9c:	4b0d      	ldr	r3, [pc, #52]	@ (10000ad4 <hw_claim_unused_from_range+0x84>)
10000a9e:	601a      	str	r2, [r3, #0]
10000aa0:	f388 8810 	msr	PRIMASK, r8
10000aa4:	2800      	cmp	r0, #0
10000aa6:	db0e      	blt.n	10000ac6 <hw_claim_unused_from_range+0x76>
10000aa8:	bcc0      	pop	{r6, r7}
10000aaa:	46b9      	mov	r9, r7
10000aac:	46b0      	mov	r8, r6
10000aae:	bdf8      	pop	{r3, r4, r5, r6, r7, pc}
10000ab0:	2001      	movs	r0, #1
10000ab2:	4240      	negs	r0, r0
10000ab4:	e7ef      	b.n	10000a96 <hw_claim_unused_from_range+0x46>
10000ab6:	f3bf 8f5f 	dmb	sy
10000aba:	2300      	movs	r3, #0
10000abc:	600b      	str	r3, [r1, #0]
10000abe:	f388 8810 	msr	PRIMASK, r8
10000ac2:	2001      	movs	r0, #1
10000ac4:	4240      	negs	r0, r0
10000ac6:	4663      	mov	r3, ip
10000ac8:	2b00      	cmp	r3, #0
10000aca:	d0ed      	beq.n	10000aa8 <hw_claim_unused_from_range+0x58>
10000acc:	9808      	ldr	r0, [sp, #32]
10000ace:	f7ff ff69 	bl	100009a4 <panic>
10000ad2:	46c0      	nop			@ (mov r8, r8)
10000ad4:	d000012c 	.word	0xd000012c

10000ad8 <next_striped_spin_lock_num>:
10000ad8:	4a04      	ldr	r2, [pc, #16]	@ (10000aec <next_striped_spin_lock_num+0x14>)
10000ada:	7810      	ldrb	r0, [r2, #0]
10000adc:	1c43      	adds	r3, r0, #1
10000ade:	b2db      	uxtb	r3, r3
10000ae0:	2b17      	cmp	r3, #23
10000ae2:	d900      	bls.n	10000ae6 <next_striped_spin_lock_num+0xe>
10000ae4:	2310      	movs	r3, #16
10000ae6:	7013      	strb	r3, [r2, #0]
10000ae8:	4770      	bx	lr
10000aea:	46c0      	nop			@ (mov r8, r8)
10000aec:	20000f40 	.word	0x20000f40

10000af0 <spin_lock_claim_unused>:
10000af0:	b500      	push	{lr}
10000af2:	4b05      	ldr	r3, [pc, #20]	@ (10000b08 <spin_lock_claim_unused+0x18>)
10000af4:	b083      	sub	sp, #12
10000af6:	0001      	movs	r1, r0
10000af8:	9300      	str	r3, [sp, #0]
10000afa:	2218      	movs	r2, #24
10000afc:	231f      	movs	r3, #31
10000afe:	4803      	ldr	r0, [pc, #12]	@ (10000b0c <spin_lock_claim_unused+0x1c>)
10000b00:	f7ff ffa6 	bl	10000a50 <hw_claim_unused_from_range>
10000b04:	b003      	add	sp, #12
10000b06:	bd00      	pop	{pc}
10000b08:	10007038 	.word	0x10007038
10000b0c:	20001794 	.word	0x20001794

10000b10 <spin_locks_reset>:
10000b10:	2100      	movs	r1, #0
10000b12:	4b04      	ldr	r3, [pc, #16]	@ (10000b24 <spin_locks_reset+0x14>)
10000b14:	4a04      	ldr	r2, [pc, #16]	@ (10000b28 <spin_locks_reset+0x18>)
10000b16:	f3bf 8f5f 	dmb	sy
10000b1a:	c302      	stmia	r3!, {r1}
10000b1c:	4293      	cmp	r3, r2
10000b1e:	d1fa      	bne.n	10000b16 <spin_locks_reset+0x6>
10000b20:	4770      	bx	lr
10000b22:	46c0      	nop			@ (mov r8, r8)
10000b24:	d0000100 	.word	0xd0000100
10000b28:	d0000180 	.word	0xd0000180

10000b2c <runtime_init_per_core_irq_priorities>:
10000b2c:	4b08      	ldr	r3, [pc, #32]	@ (10000b50 <runtime_init_per_core_irq_priorities+0x24>)
10000b2e:	4a09      	ldr	r2, [pc, #36]	@ (10000b54 <runtime_init_per_core_irq_priorities+0x28>)
10000b30:	6013      	str	r3, [r2, #0]
10000b32:	4a09      	ldr	r2, [pc, #36]	@ (10000b58 <runtime_init_per_core_irq_priorities+0x2c>)
10000b34:	6013      	str	r3, [r2, #0]
10000b36:	4a09      	ldr	r2, [pc, #36]	@ (10000b5c <runtime_init_per_core_irq_priorities+0x30>)
10000b38:	6013      	str	r3, [r2, #0]
10000b3a:	4a09      	ldr	r2, [pc, #36]	@ (10000b60 <runtime_init_per_core_irq_priorities+0x34>)
10000b3c:	6013      	str	r3, [r2, #0]
10000b3e:	4a09      	ldr	r2, [pc, #36]	@ (10000b64 <runtime_init_per_core_irq_priorities+0x38>)
10000b40:	6013      	str	r3, [r2, #0]
10000b42:	4a09      	ldr	r2, [pc, #36]	@ (10000b68 <runtime_init_per_core_irq_priorities+0x3c>)
10000b44:	6013      	str	r3, [r2, #0]
10000b46:	4a09      	ldr	r2, [pc, #36]	@ (10000b6c <runtime_init_per_core_irq_priorities+0x40>)
10000b48:	6013      	str	r3, [r2, #0]
10000b4a:	4a09      	ldr	r2, [pc, #36]	@ (10000b70 <runtime_init_per_core_irq_priorities+0x44>)
10000b4c:	6013      	str	r3, [r2, #0]
10000b4e:	4770      	bx	lr
10000b50:	80808080 	.word	0x80808080
10000b54:	e000e400 	.word	0xe000e400
10000b58:	e000e404 	.word	0xe000e404
10000b5c:	e000e408 	.word	0xe000e408
10000b60:	e000e40c 	.word	0xe000e40c
10000b64:	e000e410 	.word	0xe000e410
10000b68:	e000e414 	.word	0xe000e414
10000b6c:	e000e418 	.word	0xe000e418
10000b70:	e000e41c 	.word	0xe000e41c

10000b74 <irq_set_enabled>:
10000b74:	231f      	movs	r3, #31
10000b76:	4018      	ands	r0, r3
10000b78:	3b1e      	subs	r3, #30
10000b7a:	4083      	lsls	r3, r0
10000b7c:	2900      	cmp	r1, #0
10000b7e:	d005      	beq.n	10000b8c <irq_set_enabled+0x18>
10000b80:	21c0      	movs	r1, #192	@ 0xc0
10000b82:	4a04      	ldr	r2, [pc, #16]	@ (10000b94 <irq_set_enabled+0x20>)
10000b84:	0049      	lsls	r1, r1, #1
10000b86:	5053      	str	r3, [r2, r1]
10000b88:	6013      	str	r3, [r2, #0]
10000b8a:	4770      	bx	lr
10000b8c:	2280      	movs	r2, #128	@ 0x80
10000b8e:	4901      	ldr	r1, [pc, #4]	@ (10000b94 <irq_set_enabled+0x20>)
10000b90:	508b      	str	r3, [r1, r2]
10000b92:	e7fa      	b.n	10000b8a <irq_set_enabled+0x16>
10000b94:	e000e100 	.word	0xe000e100

10000b98 <irq_is_enabled>:
10000b98:	2201      	movs	r2, #1
10000b9a:	4082      	lsls	r2, r0
10000b9c:	4b03      	ldr	r3, [pc, #12]	@ (10000bac <irq_is_enabled+0x14>)
10000b9e:	681b      	ldr	r3, [r3, #0]
10000ba0:	4013      	ands	r3, r2
10000ba2:	1e5a      	subs	r2, r3, #1
10000ba4:	4193      	sbcs	r3, r2
10000ba6:	b2d8      	uxtb	r0, r3
10000ba8:	4770      	bx	lr
10000baa:	46c0      	nop			@ (mov r8, r8)
10000bac:	e000e100 	.word	0xe000e100

10000bb0 <irq_set_pending>:
10000bb0:	2301      	movs	r3, #1
10000bb2:	4083      	lsls	r3, r0
10000bb4:	4a01      	ldr	r2, [pc, #4]	@ (10000bbc <irq_set_pending+0xc>)
10000bb6:	6013      	str	r3, [r2, #0]
10000bb8:	4770      	bx	lr
10000bba:	46c0      	nop			@ (mov r8, r8)
10000bbc:	e000e200 	.word	0xe000e200

10000bc0 <irq_has_shared_handler>:
10000bc0:	4b05      	ldr	r3, [pc, #20]	@ (10000bd8 <irq_has_shared_handler+0x18>)
10000bc2:	3010      	adds	r0, #16
10000bc4:	689b      	ldr	r3, [r3, #8]
10000bc6:	0080      	lsls	r0, r0, #2
10000bc8:	58c3      	ldr	r3, [r0, r3]
10000bca:	4a04      	ldr	r2, [pc, #16]	@ (10000bdc <irq_has_shared_handler+0x1c>)
10000bcc:	2000      	movs	r0, #0
10000bce:	1a9b      	subs	r3, r3, r2
10000bd0:	2247      	movs	r2, #71	@ 0x47
10000bd2:	429a      	cmp	r2, r3
10000bd4:	4140      	adcs	r0, r0
10000bd6:	4770      	bx	lr
10000bd8:	e000ed00 	.word	0xe000ed00
10000bdc:	20000f44 	.word	0x20000f44

10000be0 <irq_set_exclusive_handler>:
10000be0:	b510      	push	{r4, lr}
10000be2:	f3ef 8c10 	mrs	ip, PRIMASK
10000be6:	b672      	cpsid	i
10000be8:	4a0f      	ldr	r2, [pc, #60]	@ (10000c28 <irq_set_exclusive_handler+0x48>)
10000bea:	6813      	ldr	r3, [r2, #0]
10000bec:	2b00      	cmp	r3, #0
10000bee:	d0fc      	beq.n	10000bea <irq_set_exclusive_handler+0xa>
10000bf0:	f3bf 8f5f 	dmb	sy
10000bf4:	4b0d      	ldr	r3, [pc, #52]	@ (10000c2c <irq_set_exclusive_handler+0x4c>)
10000bf6:	3010      	adds	r0, #16
10000bf8:	689b      	ldr	r3, [r3, #8]
10000bfa:	0080      	lsls	r0, r0, #2
10000bfc:	581b      	ldr	r3, [r3, r0]
10000bfe:	4a0c      	ldr	r2, [pc, #48]	@ (10000c30 <irq_set_exclusive_handler+0x50>)
10000c00:	4293      	cmp	r3, r2
10000c02:	d001      	beq.n	10000c08 <irq_set_exclusive_handler+0x28>
10000c04:	4299      	cmp	r1, r3
10000c06:	d10c      	bne.n	10000c22 <irq_set_exclusive_handler+0x42>
10000c08:	4b08      	ldr	r3, [pc, #32]	@ (10000c2c <irq_set_exclusive_handler+0x4c>)
10000c0a:	689b      	ldr	r3, [r3, #8]
10000c0c:	5019      	str	r1, [r3, r0]
10000c0e:	f3bf 8f5f 	dmb	sy
10000c12:	f3bf 8f5f 	dmb	sy
10000c16:	2200      	movs	r2, #0
10000c18:	4b03      	ldr	r3, [pc, #12]	@ (10000c28 <irq_set_exclusive_handler+0x48>)
10000c1a:	601a      	str	r2, [r3, #0]
10000c1c:	f38c 8810 	msr	PRIMASK, ip
10000c20:	bd10      	pop	{r4, pc}
10000c22:	f001 f81f 	bl	10001c64 <hard_assertion_failure>
10000c26:	46c0      	nop			@ (mov r8, r8)
10000c28:	d0000124 	.word	0xd0000124
10000c2c:	e000ed00 	.word	0xe000ed00
10000c30:	100001c1 	.word	0x100001c1

10000c34 <irq_add_shared_handler>:
10000c34:	b5f0      	push	{r4, r5, r6, r7, lr}
10000c36:	46de      	mov	lr, fp
10000c38:	4657      	mov	r7, sl
10000c3a:	464e      	mov	r6, r9
10000c3c:	4645      	mov	r5, r8
10000c3e:	b5e0      	push	{r5, r6, r7, lr}
10000c40:	468b      	mov	fp, r1
10000c42:	b085      	sub	sp, #20
10000c44:	f3ef 8810 	mrs	r8, PRIMASK
10000c48:	b672      	cpsid	i
10000c4a:	0016      	movs	r6, r2
10000c4c:	4a5b      	ldr	r2, [pc, #364]	@ (10000dbc <irq_add_shared_handler+0x188>)
10000c4e:	6813      	ldr	r3, [r2, #0]
10000c50:	2b00      	cmp	r3, #0
10000c52:	d0fc      	beq.n	10000c4e <irq_add_shared_handler+0x1a>
10000c54:	46b2      	mov	sl, r6
10000c56:	f3bf 8f5f 	dmb	sy
10000c5a:	2500      	movs	r5, #0
10000c5c:	4958      	ldr	r1, [pc, #352]	@ (10000dc0 <irq_add_shared_handler+0x18c>)
10000c5e:	574d      	ldrsb	r5, [r1, r5]
10000c60:	2d00      	cmp	r5, #0
10000c62:	da00      	bge.n	10000c66 <irq_add_shared_handler+0x32>
10000c64:	e0a8      	b.n	10000db8 <irq_add_shared_handler+0x184>
10000c66:	006b      	lsls	r3, r5, #1
10000c68:	4a56      	ldr	r2, [pc, #344]	@ (10000dc4 <irq_add_shared_handler+0x190>)
10000c6a:	9301      	str	r3, [sp, #4]
10000c6c:	195b      	adds	r3, r3, r5
10000c6e:	009b      	lsls	r3, r3, #2
10000c70:	18d4      	adds	r4, r2, r3
10000c72:	79a7      	ldrb	r7, [r4, #6]
10000c74:	3010      	adds	r0, #16
10000c76:	700f      	strb	r7, [r1, #0]
10000c78:	4953      	ldr	r1, [pc, #332]	@ (10000dc8 <irq_add_shared_handler+0x194>)
10000c7a:	0080      	lsls	r0, r0, #2
10000c7c:	6889      	ldr	r1, [r1, #8]
10000c7e:	4684      	mov	ip, r0
10000c80:	580f      	ldr	r7, [r1, r0]
10000c82:	1ab9      	subs	r1, r7, r2
10000c84:	2947      	cmp	r1, #71	@ 0x47
10000c86:	d833      	bhi.n	10000cf0 <irq_add_shared_handler+0xbc>
10000c88:	2001      	movs	r0, #1
10000c8a:	0039      	movs	r1, r7
10000c8c:	4381      	bics	r1, r0
10000c8e:	79ce      	ldrb	r6, [r1, #7]
10000c90:	4556      	cmp	r6, sl
10000c92:	d800      	bhi.n	10000c96 <irq_add_shared_handler+0x62>
10000c94:	e06a      	b.n	10000d6c <irq_add_shared_handler+0x138>
10000c96:	46a1      	mov	r9, r4
10000c98:	4656      	mov	r6, sl
10000c9a:	9303      	str	r3, [sp, #12]
10000c9c:	e007      	b.n	10000cae <irq_add_shared_handler+0x7a>
10000c9e:	0058      	lsls	r0, r3, #1
10000ca0:	18c0      	adds	r0, r0, r3
10000ca2:	0080      	lsls	r0, r0, #2
10000ca4:	1810      	adds	r0, r2, r0
10000ca6:	79c4      	ldrb	r4, [r0, #7]
10000ca8:	42b4      	cmp	r4, r6
10000caa:	d94d      	bls.n	10000d48 <irq_add_shared_handler+0x114>
10000cac:	0001      	movs	r1, r0
10000cae:	2306      	movs	r3, #6
10000cb0:	56cb      	ldrsb	r3, [r1, r3]
10000cb2:	2b00      	cmp	r3, #0
10000cb4:	daf3      	bge.n	10000c9e <irq_add_shared_handler+0x6a>
10000cb6:	1d08      	adds	r0, r1, #4
10000cb8:	464c      	mov	r4, r9
10000cba:	46b2      	mov	sl, r6
10000cbc:	4681      	mov	r9, r0
10000cbe:	9302      	str	r3, [sp, #8]
10000cc0:	4b42      	ldr	r3, [pc, #264]	@ (10000dcc <irq_add_shared_handler+0x198>)
10000cc2:	464e      	mov	r6, r9
10000cc4:	3c04      	subs	r4, #4
10000cc6:	1ba4      	subs	r4, r4, r6
10000cc8:	0524      	lsls	r4, r4, #20
10000cca:	4e41      	ldr	r6, [pc, #260]	@ (10000dd0 <irq_add_shared_handler+0x19c>)
10000ccc:	0d64      	lsrs	r4, r4, #21
10000cce:	4334      	orrs	r4, r6
10000cd0:	808c      	strh	r4, [r1, #4]
10000cd2:	718d      	strb	r5, [r1, #6]
10000cd4:	9901      	ldr	r1, [sp, #4]
10000cd6:	1949      	adds	r1, r1, r5
10000cd8:	0089      	lsls	r1, r1, #2
10000cda:	1852      	adds	r2, r2, r1
10000cdc:	8093      	strh	r3, [r2, #4]
10000cde:	9b02      	ldr	r3, [sp, #8]
10000ce0:	493c      	ldr	r1, [pc, #240]	@ (10000dd4 <irq_add_shared_handler+0x1a0>)
10000ce2:	7193      	strb	r3, [r2, #6]
10000ce4:	4653      	mov	r3, sl
10000ce6:	71d3      	strb	r3, [r2, #7]
10000ce8:	465b      	mov	r3, fp
10000cea:	6011      	str	r1, [r2, #0]
10000cec:	6093      	str	r3, [r2, #8]
10000cee:	e017      	b.n	10000d20 <irq_add_shared_handler+0xec>
10000cf0:	4939      	ldr	r1, [pc, #228]	@ (10000dd8 <irq_add_shared_handler+0x1a4>)
10000cf2:	428f      	cmp	r7, r1
10000cf4:	d160      	bne.n	10000db8 <irq_add_shared_handler+0x184>
10000cf6:	4939      	ldr	r1, [pc, #228]	@ (10000ddc <irq_add_shared_handler+0x1a8>)
10000cf8:	2701      	movs	r7, #1
10000cfa:	52d1      	strh	r1, [r2, r3]
10000cfc:	4938      	ldr	r1, [pc, #224]	@ (10000de0 <irq_add_shared_handler+0x1ac>)
10000cfe:	3302      	adds	r3, #2
10000d00:	18d3      	adds	r3, r2, r3
10000d02:	3904      	subs	r1, #4
10000d04:	1acb      	subs	r3, r1, r3
10000d06:	4a32      	ldr	r2, [pc, #200]	@ (10000dd0 <irq_add_shared_handler+0x19c>)
10000d08:	051b      	lsls	r3, r3, #20
10000d0a:	0d5b      	lsrs	r3, r3, #21
10000d0c:	4313      	orrs	r3, r2
10000d0e:	8063      	strh	r3, [r4, #2]
10000d10:	4b34      	ldr	r3, [pc, #208]	@ (10000de4 <irq_add_shared_handler+0x1b0>)
10000d12:	71e6      	strb	r6, [r4, #7]
10000d14:	80a3      	strh	r3, [r4, #4]
10000d16:	23ff      	movs	r3, #255	@ 0xff
10000d18:	71a3      	strb	r3, [r4, #6]
10000d1a:	465b      	mov	r3, fp
10000d1c:	4327      	orrs	r7, r4
10000d1e:	60a3      	str	r3, [r4, #8]
10000d20:	4662      	mov	r2, ip
10000d22:	4b29      	ldr	r3, [pc, #164]	@ (10000dc8 <irq_add_shared_handler+0x194>)
10000d24:	689b      	ldr	r3, [r3, #8]
10000d26:	509f      	str	r7, [r3, r2]
10000d28:	f3bf 8f5f 	dmb	sy
10000d2c:	f3bf 8f5f 	dmb	sy
10000d30:	2200      	movs	r2, #0
10000d32:	4b22      	ldr	r3, [pc, #136]	@ (10000dbc <irq_add_shared_handler+0x188>)
10000d34:	601a      	str	r2, [r3, #0]
10000d36:	f388 8810 	msr	PRIMASK, r8
10000d3a:	b005      	add	sp, #20
10000d3c:	bcf0      	pop	{r4, r5, r6, r7}
10000d3e:	46bb      	mov	fp, r7
10000d40:	46b2      	mov	sl, r6
10000d42:	46a9      	mov	r9, r5
10000d44:	46a0      	mov	r8, r4
10000d46:	bdf0      	pop	{r4, r5, r6, r7, pc}
10000d48:	46b2      	mov	sl, r6
10000d4a:	1d0e      	adds	r6, r1, #4
10000d4c:	464c      	mov	r4, r9
10000d4e:	46b1      	mov	r9, r6
10000d50:	8888      	ldrh	r0, [r1, #4]
10000d52:	9302      	str	r3, [sp, #8]
10000d54:	9b03      	ldr	r3, [sp, #12]
10000d56:	0540      	lsls	r0, r0, #21
10000d58:	1500      	asrs	r0, r0, #20
10000d5a:	3304      	adds	r3, #4
10000d5c:	4448      	add	r0, r9
10000d5e:	18d3      	adds	r3, r2, r3
10000d60:	1ac3      	subs	r3, r0, r3
10000d62:	051b      	lsls	r3, r3, #20
10000d64:	481a      	ldr	r0, [pc, #104]	@ (10000dd0 <irq_add_shared_handler+0x19c>)
10000d66:	0d5b      	lsrs	r3, r3, #21
10000d68:	4303      	orrs	r3, r0
10000d6a:	e7aa      	b.n	10000cc2 <irq_add_shared_handler+0x8e>
10000d6c:	1c9e      	adds	r6, r3, #2
10000d6e:	46b1      	mov	r9, r6
10000d70:	4491      	add	r9, r2
10000d72:	464e      	mov	r6, r9
10000d74:	000f      	movs	r7, r1
10000d76:	4d1c      	ldr	r5, [pc, #112]	@ (10000de8 <irq_add_shared_handler+0x1b4>)
10000d78:	1abf      	subs	r7, r7, r2
10000d7a:	417f      	adcs	r7, r7
10000d7c:	437d      	muls	r5, r7
10000d7e:	0d2d      	lsrs	r5, r5, #20
10000d80:	4f16      	ldr	r7, [pc, #88]	@ (10000ddc <irq_add_shared_handler+0x1a8>)
10000d82:	71a5      	strb	r5, [r4, #6]
10000d84:	52d7      	strh	r7, [r2, r3]
10000d86:	4f16      	ldr	r7, [pc, #88]	@ (10000de0 <irq_add_shared_handler+0x1ac>)
10000d88:	3304      	adds	r3, #4
10000d8a:	3f04      	subs	r7, #4
10000d8c:	18d3      	adds	r3, r2, r3
10000d8e:	1bbf      	subs	r7, r7, r6
10000d90:	1acb      	subs	r3, r1, r3
10000d92:	053f      	lsls	r7, r7, #20
10000d94:	3b04      	subs	r3, #4
10000d96:	0d7e      	lsrs	r6, r7, #21
10000d98:	051b      	lsls	r3, r3, #20
10000d9a:	4f0d      	ldr	r7, [pc, #52]	@ (10000dd0 <irq_add_shared_handler+0x19c>)
10000d9c:	0d5b      	lsrs	r3, r3, #21
10000d9e:	433e      	orrs	r6, r7
10000da0:	431f      	orrs	r7, r3
10000da2:	4653      	mov	r3, sl
10000da4:	71e3      	strb	r3, [r4, #7]
10000da6:	465b      	mov	r3, fp
10000da8:	60a3      	str	r3, [r4, #8]
10000daa:	4b0a      	ldr	r3, [pc, #40]	@ (10000dd4 <irq_add_shared_handler+0x1a0>)
10000dac:	80a7      	strh	r7, [r4, #4]
10000dae:	8066      	strh	r6, [r4, #2]
10000db0:	4304      	orrs	r4, r0
10000db2:	0027      	movs	r7, r4
10000db4:	600b      	str	r3, [r1, #0]
10000db6:	e7b3      	b.n	10000d20 <irq_add_shared_handler+0xec>
10000db8:	f000 ff54 	bl	10001c64 <hard_assertion_failure>
10000dbc:	d0000124 	.word	0xd0000124
10000dc0:	20002a4a 	.word	0x20002a4a
10000dc4:	20000f44 	.word	0x20000f44
10000dc8:	e000ed00 	.word	0xe000ed00
10000dcc:	0000bd01 	.word	0x0000bd01
10000dd0:	ffffe000 	.word	0xffffe000
10000dd4:	47804801 	.word	0x47804801
10000dd8:	100001c1 	.word	0x100001c1
10000ddc:	ffffa100 	.word	0xffffa100
10000de0:	20000f8c 	.word	0x20000f8c
10000de4:	ffffbd01 	.word	0xffffbd01
10000de8:	0000aaaa 	.word	0x0000aaaa

10000dec <irq_add_tail_to_free_list>:
10000dec:	2301      	movs	r3, #1
10000dee:	4303      	orrs	r3, r0
10000df0:	b570      	push	{r4, r5, r6, lr}
10000df2:	469c      	mov	ip, r3
10000df4:	f3ef 8105 	mrs	r1, IPSR
10000df8:	f3ef 8510 	mrs	r5, PRIMASK
10000dfc:	b672      	cpsid	i
10000dfe:	4a27      	ldr	r2, [pc, #156]	@ (10000e9c <irq_add_tail_to_free_list+0xb0>)
10000e00:	6813      	ldr	r3, [r2, #0]
10000e02:	2b00      	cmp	r3, #0
10000e04:	d0fc      	beq.n	10000e00 <irq_add_tail_to_free_list+0x14>
10000e06:	f3bf 8f5f 	dmb	sy
10000e0a:	4a25      	ldr	r2, [pc, #148]	@ (10000ea0 <irq_add_tail_to_free_list+0xb4>)
10000e0c:	0004      	movs	r4, r0
10000e0e:	4b25      	ldr	r3, [pc, #148]	@ (10000ea4 <irq_add_tail_to_free_list+0xb8>)
10000e10:	1aa4      	subs	r4, r4, r2
10000e12:	4164      	adcs	r4, r4
10000e14:	4363      	muls	r3, r4
10000e16:	0d1b      	lsrs	r3, r3, #20
10000e18:	4c23      	ldr	r4, [pc, #140]	@ (10000ea8 <irq_add_tail_to_free_list+0xbc>)
10000e1a:	0089      	lsls	r1, r1, #2
10000e1c:	68a6      	ldr	r6, [r4, #8]
10000e1e:	b25b      	sxtb	r3, r3
10000e20:	5876      	ldr	r6, [r6, r1]
10000e22:	4566      	cmp	r6, ip
10000e24:	d024      	beq.n	10000e70 <irq_add_tail_to_free_list+0x84>
10000e26:	2106      	movs	r1, #6
10000e28:	5651      	ldrsb	r1, [r2, r1]
10000e2a:	4299      	cmp	r1, r3
10000e2c:	d024      	beq.n	10000e78 <irq_add_tail_to_free_list+0x8c>
10000e2e:	2112      	movs	r1, #18
10000e30:	5651      	ldrsb	r1, [r2, r1]
10000e32:	4299      	cmp	r1, r3
10000e34:	d02a      	beq.n	10000e8c <irq_add_tail_to_free_list+0xa0>
10000e36:	211e      	movs	r1, #30
10000e38:	5651      	ldrsb	r1, [r2, r1]
10000e3a:	4299      	cmp	r1, r3
10000e3c:	d028      	beq.n	10000e90 <irq_add_tail_to_free_list+0xa4>
10000e3e:	212a      	movs	r1, #42	@ 0x2a
10000e40:	5651      	ldrsb	r1, [r2, r1]
10000e42:	4299      	cmp	r1, r3
10000e44:	d026      	beq.n	10000e94 <irq_add_tail_to_free_list+0xa8>
10000e46:	2136      	movs	r1, #54	@ 0x36
10000e48:	5651      	ldrsb	r1, [r2, r1]
10000e4a:	4299      	cmp	r1, r3
10000e4c:	d024      	beq.n	10000e98 <irq_add_tail_to_free_list+0xac>
10000e4e:	2142      	movs	r1, #66	@ 0x42
10000e50:	5651      	ldrsb	r1, [r2, r1]
10000e52:	2405      	movs	r4, #5
10000e54:	4299      	cmp	r1, r3
10000e56:	d010      	beq.n	10000e7a <irq_add_tail_to_free_list+0x8e>
10000e58:	4a14      	ldr	r2, [pc, #80]	@ (10000eac <irq_add_tail_to_free_list+0xc0>)
10000e5a:	7811      	ldrb	r1, [r2, #0]
10000e5c:	7013      	strb	r3, [r2, #0]
10000e5e:	7181      	strb	r1, [r0, #6]
10000e60:	f3bf 8f5f 	dmb	sy
10000e64:	2200      	movs	r2, #0
10000e66:	4b0d      	ldr	r3, [pc, #52]	@ (10000e9c <irq_add_tail_to_free_list+0xb0>)
10000e68:	601a      	str	r2, [r3, #0]
10000e6a:	f385 8810 	msr	PRIMASK, r5
10000e6e:	bd70      	pop	{r4, r5, r6, pc}
10000e70:	68a2      	ldr	r2, [r4, #8]
10000e72:	4c0f      	ldr	r4, [pc, #60]	@ (10000eb0 <irq_add_tail_to_free_list+0xc4>)
10000e74:	5054      	str	r4, [r2, r1]
10000e76:	e7ef      	b.n	10000e58 <irq_add_tail_to_free_list+0x6c>
10000e78:	2400      	movs	r4, #0
10000e7a:	0061      	lsls	r1, r4, #1
10000e7c:	1909      	adds	r1, r1, r4
10000e7e:	0089      	lsls	r1, r1, #2
10000e80:	1852      	adds	r2, r2, r1
10000e82:	21ff      	movs	r1, #255	@ 0xff
10000e84:	7191      	strb	r1, [r2, #6]
10000e86:	490b      	ldr	r1, [pc, #44]	@ (10000eb4 <irq_add_tail_to_free_list+0xc8>)
10000e88:	8091      	strh	r1, [r2, #4]
10000e8a:	e7e5      	b.n	10000e58 <irq_add_tail_to_free_list+0x6c>
10000e8c:	2401      	movs	r4, #1
10000e8e:	e7f4      	b.n	10000e7a <irq_add_tail_to_free_list+0x8e>
10000e90:	2402      	movs	r4, #2
10000e92:	e7f2      	b.n	10000e7a <irq_add_tail_to_free_list+0x8e>
10000e94:	2403      	movs	r4, #3
10000e96:	e7f0      	b.n	10000e7a <irq_add_tail_to_free_list+0x8e>
10000e98:	2404      	movs	r4, #4
10000e9a:	e7ee      	b.n	10000e7a <irq_add_tail_to_free_list+0x8e>
10000e9c:	d0000124 	.word	0xd0000124
10000ea0:	20000f44 	.word	0x20000f44
10000ea4:	0000aaaa 	.word	0x0000aaaa
10000ea8:	e000ed00 	.word	0xe000ed00
10000eac:	20002a4a 	.word	0x20002a4a
10000eb0:	100001c1 	.word	0x100001c1
10000eb4:	ffffbd01 	.word	0xffffbd01

10000eb8 <user_irq_claim_unused>:
10000eb8:	b500      	push	{lr}
10000eba:	4b07      	ldr	r3, [pc, #28]	@ (10000ed8 <user_irq_claim_unused+0x20>)
10000ebc:	b083      	sub	sp, #12
10000ebe:	0001      	movs	r1, r0
10000ec0:	9300      	str	r3, [sp, #0]
10000ec2:	2200      	movs	r2, #0
10000ec4:	2305      	movs	r3, #5
10000ec6:	4805      	ldr	r0, [pc, #20]	@ (10000edc <user_irq_claim_unused+0x24>)
10000ec8:	f7ff fdc2 	bl	10000a50 <hw_claim_unused_from_range>
10000ecc:	2800      	cmp	r0, #0
10000ece:	db01      	blt.n	10000ed4 <user_irq_claim_unused+0x1c>
10000ed0:	231f      	movs	r3, #31
10000ed2:	1a18      	subs	r0, r3, r0
10000ed4:	b003      	add	sp, #12
10000ed6:	bd00      	pop	{pc}
10000ed8:	10007054 	.word	0x10007054
10000edc:	20002a4e 	.word	0x20002a4e

10000ee0 <lock_init>:
10000ee0:	4b02      	ldr	r3, [pc, #8]	@ (10000eec <lock_init+0xc>)
10000ee2:	18c9      	adds	r1, r1, r3
10000ee4:	0089      	lsls	r1, r1, #2
10000ee6:	6001      	str	r1, [r0, #0]
10000ee8:	4770      	bx	lr
10000eea:	46c0      	nop			@ (mov r8, r8)
10000eec:	34000040 	.word	0x34000040

10000ef0 <runtime_init_mutex>:
10000ef0:	b570      	push	{r4, r5, r6, lr}
10000ef2:	4c11      	ldr	r4, [pc, #68]	@ (10000f38 <runtime_init_mutex+0x48>)
10000ef4:	4d11      	ldr	r5, [pc, #68]	@ (10000f3c <runtime_init_mutex+0x4c>)
10000ef6:	42ac      	cmp	r4, r5
10000ef8:	d20f      	bcs.n	10000f1a <runtime_init_mutex+0x2a>
10000efa:	26ff      	movs	r6, #255	@ 0xff
10000efc:	6823      	ldr	r3, [r4, #0]
10000efe:	2b00      	cmp	r3, #0
10000f00:	d00c      	beq.n	10000f1c <runtime_init_mutex+0x2c>
10000f02:	f7ff fde9 	bl	10000ad8 <next_striped_spin_lock_num>
10000f06:	0001      	movs	r1, r0
10000f08:	0020      	movs	r0, r4
10000f0a:	f7ff ffe9 	bl	10000ee0 <lock_init>
10000f0e:	80a6      	strh	r6, [r4, #4]
10000f10:	f3bf 8f5f 	dmb	sy
10000f14:	3408      	adds	r4, #8
10000f16:	42ac      	cmp	r4, r5
10000f18:	d3f0      	bcc.n	10000efc <runtime_init_mutex+0xc>
10000f1a:	bd70      	pop	{r4, r5, r6, pc}
10000f1c:	f7ff fddc 	bl	10000ad8 <next_striped_spin_lock_num>
10000f20:	0001      	movs	r1, r0
10000f22:	0020      	movs	r0, r4
10000f24:	f7ff ffdc 	bl	10000ee0 <lock_init>
10000f28:	7126      	strb	r6, [r4, #4]
10000f2a:	f3bf 8f5f 	dmb	sy
10000f2e:	3408      	adds	r4, #8
10000f30:	42ac      	cmp	r4, r5
10000f32:	d3e3      	bcc.n	10000efc <runtime_init_mutex+0xc>
10000f34:	e7f1      	b.n	10000f1a <runtime_init_mutex+0x2a>
10000f36:	46c0      	nop			@ (mov r8, r8)
10000f38:	20001028 	.word	0x20001028
10000f3c:	20001030 	.word	0x20001030

10000f40 <mutex_init>:
10000f40:	b510      	push	{r4, lr}
10000f42:	0004      	movs	r4, r0
10000f44:	f7ff fdc8 	bl	10000ad8 <next_striped_spin_lock_num>
10000f48:	0001      	movs	r1, r0
10000f4a:	0020      	movs	r0, r4
10000f4c:	f7ff ffc8 	bl	10000ee0 <lock_init>
10000f50:	23ff      	movs	r3, #255	@ 0xff
10000f52:	7123      	strb	r3, [r4, #4]
10000f54:	f3bf 8f5f 	dmb	sy
10000f58:	bd10      	pop	{r4, pc}
10000f5a:	46c0      	nop			@ (mov r8, r8)

10000f5c <critical_section_init>:
10000f5c:	b510      	push	{r4, lr}
10000f5e:	0004      	movs	r4, r0
10000f60:	2001      	movs	r0, #1
10000f62:	f7ff fdc5 	bl	10000af0 <spin_lock_claim_unused>
10000f66:	4b03      	ldr	r3, [pc, #12]	@ (10000f74 <critical_section_init+0x18>)
10000f68:	18c0      	adds	r0, r0, r3
10000f6a:	0080      	lsls	r0, r0, #2
10000f6c:	6020      	str	r0, [r4, #0]
10000f6e:	f3bf 8f5f 	dmb	sy
10000f72:	bd10      	pop	{r4, pc}
10000f74:	34000040 	.word	0x34000040

10000f78 <critical_section_init_with_lock_num>:
10000f78:	4b03      	ldr	r3, [pc, #12]	@ (10000f88 <critical_section_init_with_lock_num+0x10>)
10000f7a:	18c9      	adds	r1, r1, r3
10000f7c:	0089      	lsls	r1, r1, #2
10000f7e:	6001      	str	r1, [r0, #0]
10000f80:	f3bf 8f5f 	dmb	sy
10000f84:	4770      	bx	lr
10000f86:	46c0      	nop			@ (mov r8, r8)
10000f88:	34000040 	.word	0x34000040

10000f8c <sleep_until_callback>:
10000f8c:	4b0a      	ldr	r3, [pc, #40]	@ (10000fb8 <sleep_until_callback+0x2c>)
10000f8e:	6819      	ldr	r1, [r3, #0]
10000f90:	f3ef 8010 	mrs	r0, PRIMASK
10000f94:	b672      	cpsid	i
10000f96:	680a      	ldr	r2, [r1, #0]
10000f98:	2a00      	cmp	r2, #0
10000f9a:	d0fc      	beq.n	10000f96 <sleep_until_callback+0xa>
10000f9c:	f3bf 8f5f 	dmb	sy
10000fa0:	681b      	ldr	r3, [r3, #0]
10000fa2:	f3bf 8f5f 	dmb	sy
10000fa6:	2200      	movs	r2, #0
10000fa8:	601a      	str	r2, [r3, #0]
10000faa:	f380 8810 	msr	PRIMASK, r0
10000fae:	bf40      	sev
10000fb0:	2000      	movs	r0, #0
10000fb2:	2100      	movs	r1, #0
10000fb4:	4770      	bx	lr
10000fb6:	46c0      	nop			@ (mov r8, r8)
10000fb8:	20002a20 	.word	0x20002a20

10000fbc <alarm_pool_irq_handler>:
10000fbc:	b5f0      	push	{r4, r5, r6, r7, lr}
10000fbe:	46de      	mov	lr, fp
10000fc0:	4657      	mov	r7, sl
10000fc2:	464e      	mov	r6, r9
10000fc4:	4645      	mov	r5, r8
10000fc6:	b5e0      	push	{r5, r6, r7, lr}
10000fc8:	b085      	sub	sp, #20
10000fca:	f3ef 8305 	mrs	r3, IPSR
10000fce:	2203      	movs	r2, #3
10000fd0:	401a      	ands	r2, r3
10000fd2:	4bb3      	ldr	r3, [pc, #716]	@ (100012a0 <alarm_pool_irq_handler+0x2e4>)
10000fd4:	0091      	lsls	r1, r2, #2
10000fd6:	585f      	ldr	r7, [r3, r1]
10000fd8:	2301      	movs	r3, #1
10000fda:	4093      	lsls	r3, r2
10000fdc:	469b      	mov	fp, r3
10000fde:	9202      	str	r2, [sp, #8]
10000fe0:	465a      	mov	r2, fp
10000fe2:	4688      	mov	r8, r1
10000fe4:	4baf      	ldr	r3, [pc, #700]	@ (100012a4 <alarm_pool_irq_handler+0x2e8>)
10000fe6:	601a      	str	r2, [r3, #0]
10000fe8:	4baf      	ldr	r3, [pc, #700]	@ (100012a8 <alarm_pool_irq_handler+0x2ec>)
10000fea:	9303      	str	r3, [sp, #12]
10000fec:	465b      	mov	r3, fp
10000fee:	48af      	ldr	r0, [pc, #700]	@ (100012ac <alarm_pool_irq_handler+0x2f0>)
10000ff0:	6343      	str	r3, [r0, #52]	@ 0x34
10000ff2:	2308      	movs	r3, #8
10000ff4:	5efe      	ldrsh	r6, [r7, r3]
10000ff6:	2e00      	cmp	r6, #0
10000ff8:	da37      	bge.n	1000106a <alarm_pool_irq_handler+0xae>
10000ffa:	88bb      	ldrh	r3, [r7, #4]
10000ffc:	b21b      	sxth	r3, r3
10000ffe:	2b00      	cmp	r3, #0
10001000:	db00      	blt.n	10001004 <alarm_pool_irq_handler+0x48>
10001002:	e0a4      	b.n	1000114e <alarm_pool_irq_handler+0x192>
10001004:	79bb      	ldrb	r3, [r7, #6]
10001006:	2b00      	cmp	r3, #0
10001008:	d000      	beq.n	1000100c <alarm_pool_irq_handler+0x50>
1000100a:	e0e5      	b.n	100011d8 <alarm_pool_irq_handler+0x21c>
1000100c:	2308      	movs	r3, #8
1000100e:	5ef9      	ldrsh	r1, [r7, r3]
10001010:	2900      	cmp	r1, #0
10001012:	db20      	blt.n	10001056 <alarm_pool_irq_handler+0x9a>
10001014:	004b      	lsls	r3, r1, #1
10001016:	697a      	ldr	r2, [r7, #20]
10001018:	185b      	adds	r3, r3, r1
1000101a:	00db      	lsls	r3, r3, #3
1000101c:	18d3      	adds	r3, r2, r3
1000101e:	689d      	ldr	r5, [r3, #8]
10001020:	68dc      	ldr	r4, [r3, #12]
10001022:	1c6b      	adds	r3, r5, #1
10001024:	d100      	bne.n	10001028 <alarm_pool_irq_handler+0x6c>
10001026:	e104      	b.n	10001232 <alarm_pool_irq_handler+0x276>
10001028:	48a0      	ldr	r0, [pc, #640]	@ (100012ac <alarm_pool_irq_handler+0x2f0>)
1000102a:	0001      	movs	r1, r0
1000102c:	4441      	add	r1, r8
1000102e:	6a82      	ldr	r2, [r0, #40]	@ 0x28
10001030:	690b      	ldr	r3, [r1, #16]
10001032:	1aae      	subs	r6, r5, r2
10001034:	1a9b      	subs	r3, r3, r2
10001036:	429e      	cmp	r6, r3
10001038:	d315      	bcc.n	10001066 <alarm_pool_irq_handler+0xaa>
1000103a:	2301      	movs	r3, #1
1000103c:	6a02      	ldr	r2, [r0, #32]
1000103e:	9802      	ldr	r0, [sp, #8]
10001040:	4083      	lsls	r3, r0
10001042:	421a      	tst	r2, r3
10001044:	d00f      	beq.n	10001066 <alarm_pool_irq_handler+0xaa>
10001046:	4899      	ldr	r0, [pc, #612]	@ (100012ac <alarm_pool_irq_handler+0x2f0>)
10001048:	f000 fbc0 	bl	100017cc <timer_time_us_64>
1000104c:	428c      	cmp	r4, r1
1000104e:	dc02      	bgt.n	10001056 <alarm_pool_irq_handler+0x9a>
10001050:	d1cc      	bne.n	10000fec <alarm_pool_irq_handler+0x30>
10001052:	4285      	cmp	r5, r0
10001054:	d9ca      	bls.n	10000fec <alarm_pool_irq_handler+0x30>
10001056:	bf40      	sev
10001058:	b005      	add	sp, #20
1000105a:	bcf0      	pop	{r4, r5, r6, r7}
1000105c:	46bb      	mov	fp, r7
1000105e:	46b2      	mov	sl, r6
10001060:	46a9      	mov	r9, r5
10001062:	46a0      	mov	r8, r4
10001064:	bdf0      	pop	{r4, r5, r6, r7, pc}
10001066:	610d      	str	r5, [r1, #16]
10001068:	e7ed      	b.n	10001046 <alarm_pool_irq_handler+0x8a>
1000106a:	697a      	ldr	r2, [r7, #20]
1000106c:	0073      	lsls	r3, r6, #1
1000106e:	4691      	mov	r9, r2
10001070:	199b      	adds	r3, r3, r6
10001072:	00db      	lsls	r3, r3, #3
10001074:	4499      	add	r9, r3
10001076:	464b      	mov	r3, r9
10001078:	689c      	ldr	r4, [r3, #8]
1000107a:	68dd      	ldr	r5, [r3, #12]
1000107c:	f000 fba6 	bl	100017cc <timer_time_us_64>
10001080:	428d      	cmp	r5, r1
10001082:	dcba      	bgt.n	10000ffa <alarm_pool_irq_handler+0x3e>
10001084:	d100      	bne.n	10001088 <alarm_pool_irq_handler+0xcc>
10001086:	e0f6      	b.n	10001276 <alarm_pool_irq_handler+0x2ba>
10001088:	2d00      	cmp	r5, #0
1000108a:	da00      	bge.n	1000108e <alarm_pool_irq_handler+0xd2>
1000108c:	e0db      	b.n	10001246 <alarm_pool_irq_handler+0x28a>
1000108e:	464a      	mov	r2, r9
10001090:	464b      	mov	r3, r9
10001092:	6952      	ldr	r2, [r2, #20]
10001094:	691b      	ldr	r3, [r3, #16]
10001096:	4692      	mov	sl, r2
10001098:	9a03      	ldr	r2, [sp, #12]
1000109a:	4293      	cmp	r3, r2
1000109c:	d100      	bne.n	100010a0 <alarm_pool_irq_handler+0xe4>
1000109e:	e0cc      	b.n	1000123a <alarm_pool_irq_handler+0x27e>
100010a0:	464a      	mov	r2, r9
100010a2:	2108      	movs	r1, #8
100010a4:	5e78      	ldrsh	r0, [r7, r1]
100010a6:	8852      	ldrh	r2, [r2, #2]
100010a8:	0400      	lsls	r0, r0, #16
100010aa:	4651      	mov	r1, sl
100010ac:	4310      	orrs	r0, r2
100010ae:	4798      	blx	r3
100010b0:	9000      	str	r0, [sp, #0]
100010b2:	9101      	str	r1, [sp, #4]
100010b4:	9900      	ldr	r1, [sp, #0]
100010b6:	9a01      	ldr	r2, [sp, #4]
100010b8:	000b      	movs	r3, r1
100010ba:	4313      	orrs	r3, r2
100010bc:	d100      	bne.n	100010c0 <alarm_pool_irq_handler+0x104>
100010be:	e0c2      	b.n	10001246 <alarm_pool_irq_handler+0x28a>
100010c0:	0013      	movs	r3, r2
100010c2:	000a      	movs	r2, r1
100010c4:	2b00      	cmp	r3, #0
100010c6:	db00      	blt.n	100010ca <alarm_pool_irq_handler+0x10e>
100010c8:	e0d9      	b.n	1000127e <alarm_pool_irq_handler+0x2c2>
100010ca:	0020      	movs	r0, r4
100010cc:	0029      	movs	r1, r5
100010ce:	1a80      	subs	r0, r0, r2
100010d0:	4199      	sbcs	r1, r3
100010d2:	464b      	mov	r3, r9
100010d4:	6098      	str	r0, [r3, #8]
100010d6:	60d9      	str	r1, [r3, #12]
100010d8:	2200      	movs	r2, #0
100010da:	5e9b      	ldrsh	r3, [r3, r2]
100010dc:	2b00      	cmp	r3, #0
100010de:	da00      	bge.n	100010e2 <alarm_pool_irq_handler+0x126>
100010e0:	e78b      	b.n	10000ffa <alarm_pool_irq_handler+0x3e>
100010e2:	005d      	lsls	r5, r3, #1
100010e4:	697c      	ldr	r4, [r7, #20]
100010e6:	18ea      	adds	r2, r5, r3
100010e8:	00d2      	lsls	r2, r2, #3
100010ea:	18a2      	adds	r2, r4, r2
100010ec:	9400      	str	r4, [sp, #0]
100010ee:	6894      	ldr	r4, [r2, #8]
100010f0:	68d2      	ldr	r2, [r2, #12]
100010f2:	46a2      	mov	sl, r4
100010f4:	428a      	cmp	r2, r1
100010f6:	dd00      	ble.n	100010fa <alarm_pool_irq_handler+0x13e>
100010f8:	e77f      	b.n	10000ffa <alarm_pool_irq_handler+0x3e>
100010fa:	d102      	bne.n	10001102 <alarm_pool_irq_handler+0x146>
100010fc:	4284      	cmp	r4, r0
100010fe:	d900      	bls.n	10001102 <alarm_pool_irq_handler+0x146>
10001100:	e77b      	b.n	10000ffa <alarm_pool_irq_handler+0x3e>
10001102:	2408      	movs	r4, #8
10001104:	46a4      	mov	ip, r4
10001106:	813b      	strh	r3, [r7, #8]
10001108:	44bc      	add	ip, r7
1000110a:	9c00      	ldr	r4, [sp, #0]
1000110c:	9700      	str	r7, [sp, #0]
1000110e:	002f      	movs	r7, r5
10001110:	4665      	mov	r5, ip
10001112:	46b4      	mov	ip, r6
10001114:	003e      	movs	r6, r7
10001116:	e006      	b.n	10001126 <alarm_pool_irq_handler+0x16a>
10001118:	005e      	lsls	r6, r3, #1
1000111a:	18f2      	adds	r2, r6, r3
1000111c:	00d2      	lsls	r2, r2, #3
1000111e:	18a2      	adds	r2, r4, r2
10001120:	6897      	ldr	r7, [r2, #8]
10001122:	68d2      	ldr	r2, [r2, #12]
10001124:	46ba      	mov	sl, r7
10001126:	428a      	cmp	r2, r1
10001128:	dc07      	bgt.n	1000113a <alarm_pool_irq_handler+0x17e>
1000112a:	d100      	bne.n	1000112e <alarm_pool_irq_handler+0x172>
1000112c:	e0b4      	b.n	10001298 <alarm_pool_irq_handler+0x2dc>
1000112e:	18f3      	adds	r3, r6, r3
10001130:	00db      	lsls	r3, r3, #3
10001132:	18e5      	adds	r5, r4, r3
10001134:	5ee3      	ldrsh	r3, [r4, r3]
10001136:	2b00      	cmp	r3, #0
10001138:	daee      	bge.n	10001118 <alarm_pool_irq_handler+0x15c>
1000113a:	4666      	mov	r6, ip
1000113c:	464a      	mov	r2, r9
1000113e:	9f00      	ldr	r7, [sp, #0]
10001140:	8013      	strh	r3, [r2, #0]
10001142:	802e      	strh	r6, [r5, #0]
10001144:	88bb      	ldrh	r3, [r7, #4]
10001146:	b21b      	sxth	r3, r3
10001148:	2b00      	cmp	r3, #0
1000114a:	da00      	bge.n	1000114e <alarm_pool_irq_handler+0x192>
1000114c:	e75a      	b.n	10001004 <alarm_pool_irq_handler+0x48>
1000114e:	693a      	ldr	r2, [r7, #16]
10001150:	f3ef 8110 	mrs	r1, PRIMASK
10001154:	b672      	cpsid	i
10001156:	6813      	ldr	r3, [r2, #0]
10001158:	2b00      	cmp	r3, #0
1000115a:	d0fc      	beq.n	10001156 <alarm_pool_irq_handler+0x19a>
1000115c:	f3bf 8f5f 	dmb	sy
10001160:	2301      	movs	r3, #1
10001162:	88be      	ldrh	r6, [r7, #4]
10001164:	425b      	negs	r3, r3
10001166:	80bb      	strh	r3, [r7, #4]
10001168:	b236      	sxth	r6, r6
1000116a:	693b      	ldr	r3, [r7, #16]
1000116c:	f3bf 8f5f 	dmb	sy
10001170:	2200      	movs	r2, #0
10001172:	601a      	str	r2, [r3, #0]
10001174:	f381 8810 	msr	PRIMASK, r1
10001178:	2e00      	cmp	r6, #0
1000117a:	da00      	bge.n	1000117e <alarm_pool_irq_handler+0x1c2>
1000117c:	e742      	b.n	10001004 <alarm_pool_irq_handler+0x48>
1000117e:	003b      	movs	r3, r7
10001180:	3308      	adds	r3, #8
10001182:	003a      	movs	r2, r7
10001184:	4699      	mov	r9, r3
10001186:	697d      	ldr	r5, [r7, #20]
10001188:	0073      	lsls	r3, r6, #1
1000118a:	199b      	adds	r3, r3, r6
1000118c:	2408      	movs	r4, #8
1000118e:	5f11      	ldrsh	r1, [r2, r4]
10001190:	00db      	lsls	r3, r3, #3
10001192:	4648      	mov	r0, r9
10001194:	18eb      	adds	r3, r5, r3
10001196:	2900      	cmp	r1, #0
10001198:	db13      	blt.n	100011c2 <alarm_pool_irq_handler+0x206>
1000119a:	689c      	ldr	r4, [r3, #8]
1000119c:	9300      	str	r3, [sp, #0]
1000119e:	46a4      	mov	ip, r4
100011a0:	68dc      	ldr	r4, [r3, #12]
100011a2:	e006      	b.n	100011b2 <alarm_pool_irq_handler+0x1f6>
100011a4:	42a3      	cmp	r3, r4
100011a6:	d040      	beq.n	1000122a <alarm_pool_irq_handler+0x26e>
100011a8:	2300      	movs	r3, #0
100011aa:	5ef9      	ldrsh	r1, [r7, r3]
100011ac:	0038      	movs	r0, r7
100011ae:	2900      	cmp	r1, #0
100011b0:	db06      	blt.n	100011c0 <alarm_pool_irq_handler+0x204>
100011b2:	004f      	lsls	r7, r1, #1
100011b4:	187f      	adds	r7, r7, r1
100011b6:	00ff      	lsls	r7, r7, #3
100011b8:	19ef      	adds	r7, r5, r7
100011ba:	68fb      	ldr	r3, [r7, #12]
100011bc:	42a3      	cmp	r3, r4
100011be:	ddf1      	ble.n	100011a4 <alarm_pool_irq_handler+0x1e8>
100011c0:	9b00      	ldr	r3, [sp, #0]
100011c2:	8006      	strh	r6, [r0, #0]
100011c4:	2000      	movs	r0, #0
100011c6:	5e1e      	ldrsh	r6, [r3, r0]
100011c8:	8019      	strh	r1, [r3, #0]
100011ca:	2e00      	cmp	r6, #0
100011cc:	dadc      	bge.n	10001188 <alarm_pool_irq_handler+0x1cc>
100011ce:	0017      	movs	r7, r2
100011d0:	79bb      	ldrb	r3, [r7, #6]
100011d2:	2b00      	cmp	r3, #0
100011d4:	d100      	bne.n	100011d8 <alarm_pool_irq_handler+0x21c>
100011d6:	e719      	b.n	1000100c <alarm_pool_irq_handler+0x50>
100011d8:	2300      	movs	r3, #0
100011da:	71bb      	strb	r3, [r7, #6]
100011dc:	2308      	movs	r3, #8
100011de:	5ef9      	ldrsh	r1, [r7, r3]
100011e0:	1c4b      	adds	r3, r1, #1
100011e2:	d100      	bne.n	100011e6 <alarm_pool_irq_handler+0x22a>
100011e4:	e737      	b.n	10001056 <alarm_pool_irq_handler+0x9a>
100011e6:	003d      	movs	r5, r7
100011e8:	3508      	adds	r5, #8
100011ea:	46ac      	mov	ip, r5
100011ec:	697c      	ldr	r4, [r7, #20]
100011ee:	e003      	b.n	100011f8 <alarm_pool_irq_handler+0x23c>
100011f0:	4684      	mov	ip, r0
100011f2:	1c4b      	adds	r3, r1, #1
100011f4:	d100      	bne.n	100011f8 <alarm_pool_irq_handler+0x23c>
100011f6:	e709      	b.n	1000100c <alarm_pool_irq_handler+0x50>
100011f8:	004b      	lsls	r3, r1, #1
100011fa:	185b      	adds	r3, r3, r1
100011fc:	00db      	lsls	r3, r3, #3
100011fe:	18e0      	adds	r0, r4, r3
10001200:	000a      	movs	r2, r1
10001202:	5ee1      	ldrsh	r1, [r4, r3]
10001204:	8843      	ldrh	r3, [r0, #2]
10001206:	b21b      	sxth	r3, r3
10001208:	2b00      	cmp	r3, #0
1000120a:	daf1      	bge.n	100011f0 <alarm_pool_irq_handler+0x234>
1000120c:	2501      	movs	r5, #1
1000120e:	426d      	negs	r5, r5
10001210:	17ee      	asrs	r6, r5, #31
10001212:	6085      	str	r5, [r0, #8]
10001214:	60c6      	str	r6, [r0, #12]
10001216:	2508      	movs	r5, #8
10001218:	5f7b      	ldrsh	r3, [r7, r5]
1000121a:	4293      	cmp	r3, r2
1000121c:	d0e9      	beq.n	100011f2 <alarm_pool_irq_handler+0x236>
1000121e:	4663      	mov	r3, ip
10001220:	8019      	strh	r1, [r3, #0]
10001222:	893b      	ldrh	r3, [r7, #8]
10001224:	8003      	strh	r3, [r0, #0]
10001226:	813a      	strh	r2, [r7, #8]
10001228:	e7e3      	b.n	100011f2 <alarm_pool_irq_handler+0x236>
1000122a:	68bb      	ldr	r3, [r7, #8]
1000122c:	4563      	cmp	r3, ip
1000122e:	d9bb      	bls.n	100011a8 <alarm_pool_irq_handler+0x1ec>
10001230:	e7c6      	b.n	100011c0 <alarm_pool_irq_handler+0x204>
10001232:	1c63      	adds	r3, r4, #1
10001234:	d000      	beq.n	10001238 <alarm_pool_irq_handler+0x27c>
10001236:	e6f7      	b.n	10001028 <alarm_pool_irq_handler+0x6c>
10001238:	e705      	b.n	10001046 <alarm_pool_irq_handler+0x8a>
1000123a:	4653      	mov	r3, sl
1000123c:	4650      	mov	r0, sl
1000123e:	691b      	ldr	r3, [r3, #16]
10001240:	4798      	blx	r3
10001242:	2800      	cmp	r0, #0
10001244:	d123      	bne.n	1000128e <alarm_pool_irq_handler+0x2d2>
10001246:	464b      	mov	r3, r9
10001248:	881b      	ldrh	r3, [r3, #0]
1000124a:	693a      	ldr	r2, [r7, #16]
1000124c:	813b      	strh	r3, [r7, #8]
1000124e:	f3ef 8310 	mrs	r3, PRIMASK
10001252:	b672      	cpsid	i
10001254:	6811      	ldr	r1, [r2, #0]
10001256:	2900      	cmp	r1, #0
10001258:	d0fc      	beq.n	10001254 <alarm_pool_irq_handler+0x298>
1000125a:	f3bf 8f5f 	dmb	sy
1000125e:	4649      	mov	r1, r9
10001260:	887a      	ldrh	r2, [r7, #2]
10001262:	800a      	strh	r2, [r1, #0]
10001264:	693a      	ldr	r2, [r7, #16]
10001266:	807e      	strh	r6, [r7, #2]
10001268:	f3bf 8f5f 	dmb	sy
1000126c:	2100      	movs	r1, #0
1000126e:	6011      	str	r1, [r2, #0]
10001270:	f383 8810 	msr	PRIMASK, r3
10001274:	e6c1      	b.n	10000ffa <alarm_pool_irq_handler+0x3e>
10001276:	4284      	cmp	r4, r0
10001278:	d800      	bhi.n	1000127c <alarm_pool_irq_handler+0x2c0>
1000127a:	e705      	b.n	10001088 <alarm_pool_irq_handler+0xcc>
1000127c:	e6bd      	b.n	10000ffa <alarm_pool_irq_handler+0x3e>
1000127e:	480b      	ldr	r0, [pc, #44]	@ (100012ac <alarm_pool_irq_handler+0x2f0>)
10001280:	f000 faa4 	bl	100017cc <timer_time_us_64>
10001284:	9b00      	ldr	r3, [sp, #0]
10001286:	9c01      	ldr	r4, [sp, #4]
10001288:	18c0      	adds	r0, r0, r3
1000128a:	4161      	adcs	r1, r4
1000128c:	e721      	b.n	100010d2 <alarm_pool_irq_handler+0x116>
1000128e:	4653      	mov	r3, sl
10001290:	cb0c      	ldmia	r3, {r2, r3}
10001292:	9200      	str	r2, [sp, #0]
10001294:	9301      	str	r3, [sp, #4]
10001296:	e70d      	b.n	100010b4 <alarm_pool_irq_handler+0xf8>
10001298:	4582      	cmp	sl, r0
1000129a:	d800      	bhi.n	1000129e <alarm_pool_irq_handler+0x2e2>
1000129c:	e747      	b.n	1000112e <alarm_pool_irq_handler+0x172>
1000129e:	e74c      	b.n	1000113a <alarm_pool_irq_handler+0x17e>
100012a0:	20002a04 	.word	0x20002a04
100012a4:	4005703c 	.word	0x4005703c
100012a8:	10000fbd 	.word	0x10000fbd
100012ac:	40054000 	.word	0x40054000

100012b0 <runtime_init_default_alarm_pool>:
100012b0:	b570      	push	{r4, r5, r6, lr}
100012b2:	4c2d      	ldr	r4, [pc, #180]	@ (10001368 <runtime_init_default_alarm_pool+0xb8>)
100012b4:	6925      	ldr	r5, [r4, #16]
100012b6:	2d00      	cmp	r5, #0
100012b8:	d004      	beq.n	100012c4 <runtime_init_default_alarm_pool+0x14>
100012ba:	210a      	movs	r1, #10
100012bc:	482b      	ldr	r0, [pc, #172]	@ (1000136c <runtime_init_default_alarm_pool+0xbc>)
100012be:	f7ff fe0f 	bl	10000ee0 <lock_init>
100012c2:	bd70      	pop	{r4, r5, r6, pc}
100012c4:	4e2a      	ldr	r6, [pc, #168]	@ (10001370 <runtime_init_default_alarm_pool+0xc0>)
100012c6:	2103      	movs	r1, #3
100012c8:	4829      	ldr	r0, [pc, #164]	@ (10001370 <runtime_init_default_alarm_pool+0xc0>)
100012ca:	f000 fa75 	bl	100017b8 <timer_hardware_alarm_claim>
100012ce:	60e6      	str	r6, [r4, #12]
100012d0:	f7ff fc02 	bl	10000ad8 <next_striped_spin_lock_num>
100012d4:	4b27      	ldr	r3, [pc, #156]	@ (10001374 <runtime_init_default_alarm_pool+0xc4>)
100012d6:	2203      	movs	r2, #3
100012d8:	18c0      	adds	r0, r0, r3
100012da:	23d0      	movs	r3, #208	@ 0xd0
100012dc:	7022      	strb	r2, [r4, #0]
100012de:	061b      	lsls	r3, r3, #24
100012e0:	681b      	ldr	r3, [r3, #0]
100012e2:	2101      	movs	r1, #1
100012e4:	7063      	strb	r3, [r4, #1]
100012e6:	4b24      	ldr	r3, [pc, #144]	@ (10001378 <runtime_init_default_alarm_pool+0xc8>)
100012e8:	0080      	lsls	r0, r0, #2
100012ea:	60a3      	str	r3, [r4, #8]
100012ec:	230f      	movs	r3, #15
100012ee:	6120      	str	r0, [r4, #16]
100012f0:	2002      	movs	r0, #2
100012f2:	8063      	strh	r3, [r4, #2]
100012f4:	6963      	ldr	r3, [r4, #20]
100012f6:	4249      	negs	r1, r1
100012f8:	80a1      	strh	r1, [r4, #4]
100012fa:	8019      	strh	r1, [r3, #0]
100012fc:	3102      	adds	r1, #2
100012fe:	8619      	strh	r1, [r3, #48]	@ 0x30
10001300:	3147      	adds	r1, #71	@ 0x47
10001302:	831d      	strh	r5, [r3, #24]
10001304:	5258      	strh	r0, [r3, r1]
10001306:	3118      	adds	r1, #24
10001308:	525a      	strh	r2, [r3, r1]
1000130a:	3275      	adds	r2, #117	@ 0x75
1000130c:	395c      	subs	r1, #92	@ 0x5c
1000130e:	5299      	strh	r1, [r3, r2]
10001310:	3218      	adds	r2, #24
10001312:	3101      	adds	r1, #1
10001314:	5299      	strh	r1, [r3, r2]
10001316:	3218      	adds	r2, #24
10001318:	3101      	adds	r1, #1
1000131a:	5299      	strh	r1, [r3, r2]
1000131c:	3218      	adds	r2, #24
1000131e:	3101      	adds	r1, #1
10001320:	5299      	strh	r1, [r3, r2]
10001322:	3508      	adds	r5, #8
10001324:	3218      	adds	r2, #24
10001326:	529d      	strh	r5, [r3, r2]
10001328:	3102      	adds	r1, #2
1000132a:	3218      	adds	r2, #24
1000132c:	5299      	strh	r1, [r3, r2]
1000132e:	3218      	adds	r2, #24
10001330:	3101      	adds	r1, #1
10001332:	5299      	strh	r1, [r3, r2]
10001334:	3218      	adds	r2, #24
10001336:	3101      	adds	r1, #1
10001338:	5299      	strh	r1, [r3, r2]
1000133a:	3218      	adds	r2, #24
1000133c:	3101      	adds	r1, #1
1000133e:	5299      	strh	r1, [r3, r2]
10001340:	3218      	adds	r2, #24
10001342:	3101      	adds	r1, #1
10001344:	5299      	strh	r1, [r3, r2]
10001346:	3218      	adds	r2, #24
10001348:	3101      	adds	r1, #1
1000134a:	5299      	strh	r1, [r3, r2]
1000134c:	4b0b      	ldr	r3, [pc, #44]	@ (1000137c <runtime_init_default_alarm_pool+0xcc>)
1000134e:	490c      	ldr	r1, [pc, #48]	@ (10001380 <runtime_init_default_alarm_pool+0xd0>)
10001350:	60dc      	str	r4, [r3, #12]
10001352:	3001      	adds	r0, #1
10001354:	6235      	str	r5, [r6, #32]
10001356:	f7ff fc43 	bl	10000be0 <irq_set_exclusive_handler>
1000135a:	2101      	movs	r1, #1
1000135c:	2003      	movs	r0, #3
1000135e:	f7ff fc09 	bl	10000b74 <irq_set_enabled>
10001362:	4b08      	ldr	r3, [pc, #32]	@ (10001384 <runtime_init_default_alarm_pool+0xd4>)
10001364:	601d      	str	r5, [r3, #0]
10001366:	e7a8      	b.n	100012ba <runtime_init_default_alarm_pool+0xa>
10001368:	20000fb0 	.word	0x20000fb0
1000136c:	20002a20 	.word	0x20002a20
10001370:	40054000 	.word	0x40054000
10001374:	34000040 	.word	0x34000040
10001378:	0010ffff 	.word	0x0010ffff
1000137c:	20002a04 	.word	0x20002a04
10001380:	10000fbd 	.word	0x10000fbd
10001384:	40056038 	.word	0x40056038

10001388 <alarm_pool_get_default>:
10001388:	4800      	ldr	r0, [pc, #0]	@ (1000138c <alarm_pool_get_default+0x4>)
1000138a:	4770      	bx	lr
1000138c:	20000fb0 	.word	0x20000fb0

10001390 <alarm_pool_add_alarm_at>:
10001390:	b5f8      	push	{r3, r4, r5, r6, r7, lr}
10001392:	001f      	movs	r7, r3
10001394:	ab08      	add	r3, sp, #32
10001396:	781b      	ldrb	r3, [r3, #0]
10001398:	0004      	movs	r4, r0
1000139a:	0016      	movs	r6, r2
1000139c:	2b00      	cmp	r3, #0
1000139e:	d107      	bne.n	100013b0 <alarm_pool_add_alarm_at+0x20>
100013a0:	f000 fa1c 	bl	100017dc <time_us_64>
100013a4:	0032      	movs	r2, r6
100013a6:	003b      	movs	r3, r7
100013a8:	1a12      	subs	r2, r2, r0
100013aa:	418b      	sbcs	r3, r1
100013ac:	2b00      	cmp	r3, #0
100013ae:	db51      	blt.n	10001454 <alarm_pool_add_alarm_at+0xc4>
100013b0:	6922      	ldr	r2, [r4, #16]
100013b2:	f3ef 8c10 	mrs	ip, PRIMASK
100013b6:	b672      	cpsid	i
100013b8:	6813      	ldr	r3, [r2, #0]
100013ba:	2b00      	cmp	r3, #0
100013bc:	d0fc      	beq.n	100013b8 <alarm_pool_add_alarm_at+0x28>
100013be:	f3bf 8f5f 	dmb	sy
100013c2:	2302      	movs	r3, #2
100013c4:	5ee1      	ldrsh	r1, [r4, r3]
100013c6:	6925      	ldr	r5, [r4, #16]
100013c8:	2900      	cmp	r1, #0
100013ca:	db3a      	blt.n	10001442 <alarm_pool_add_alarm_at+0xb2>
100013cc:	004b      	lsls	r3, r1, #1
100013ce:	6960      	ldr	r0, [r4, #20]
100013d0:	185b      	adds	r3, r3, r1
100013d2:	00db      	lsls	r3, r3, #3
100013d4:	18c2      	adds	r2, r0, r3
100013d6:	5ac3      	ldrh	r3, [r0, r3]
100013d8:	8063      	strh	r3, [r4, #2]
100013da:	f3bf 8f5f 	dmb	sy
100013de:	2300      	movs	r3, #0
100013e0:	602b      	str	r3, [r5, #0]
100013e2:	f38c 8810 	msr	PRIMASK, ip
100013e6:	9b06      	ldr	r3, [sp, #24]
100013e8:	6096      	str	r6, [r2, #8]
100013ea:	60d7      	str	r7, [r2, #12]
100013ec:	6113      	str	r3, [r2, #16]
100013ee:	9b07      	ldr	r3, [sp, #28]
100013f0:	6153      	str	r3, [r2, #20]
100013f2:	8853      	ldrh	r3, [r2, #2]
100013f4:	3301      	adds	r3, #1
100013f6:	045b      	lsls	r3, r3, #17
100013f8:	0c5b      	lsrs	r3, r3, #17
100013fa:	1c18      	adds	r0, r3, #0
100013fc:	2b00      	cmp	r3, #0
100013fe:	d01e      	beq.n	1000143e <alarm_pool_add_alarm_at+0xae>
10001400:	b283      	uxth	r3, r0
10001402:	8050      	strh	r0, [r2, #2]
10001404:	0408      	lsls	r0, r1, #16
10001406:	4318      	orrs	r0, r3
10001408:	6925      	ldr	r5, [r4, #16]
1000140a:	f3ef 8610 	mrs	r6, PRIMASK
1000140e:	b672      	cpsid	i
10001410:	682b      	ldr	r3, [r5, #0]
10001412:	2b00      	cmp	r3, #0
10001414:	d0fc      	beq.n	10001410 <alarm_pool_add_alarm_at+0x80>
10001416:	f3bf 8f5f 	dmb	sy
1000141a:	88a3      	ldrh	r3, [r4, #4]
1000141c:	8013      	strh	r3, [r2, #0]
1000141e:	80a1      	strh	r1, [r4, #4]
10001420:	6923      	ldr	r3, [r4, #16]
10001422:	f3bf 8f5f 	dmb	sy
10001426:	2200      	movs	r2, #0
10001428:	601a      	str	r2, [r3, #0]
1000142a:	f386 8810 	msr	PRIMASK, r6
1000142e:	7823      	ldrb	r3, [r4, #0]
10001430:	3201      	adds	r2, #1
10001432:	409a      	lsls	r2, r3
10001434:	4908      	ldr	r1, [pc, #32]	@ (10001458 <alarm_pool_add_alarm_at+0xc8>)
10001436:	68e3      	ldr	r3, [r4, #12]
10001438:	185b      	adds	r3, r3, r1
1000143a:	601a      	str	r2, [r3, #0]
1000143c:	bdf8      	pop	{r3, r4, r5, r6, r7, pc}
1000143e:	2001      	movs	r0, #1
10001440:	e7de      	b.n	10001400 <alarm_pool_add_alarm_at+0x70>
10001442:	f3bf 8f5f 	dmb	sy
10001446:	2300      	movs	r3, #0
10001448:	602b      	str	r3, [r5, #0]
1000144a:	f38c 8810 	msr	PRIMASK, ip
1000144e:	2001      	movs	r0, #1
10001450:	4240      	negs	r0, r0
10001452:	e7f3      	b.n	1000143c <alarm_pool_add_alarm_at+0xac>
10001454:	2000      	movs	r0, #0
10001456:	e7f1      	b.n	1000143c <alarm_pool_add_alarm_at+0xac>
10001458:	0000203c 	.word	0x0000203c

1000145c <alarm_pool_add_alarm_at_force_in_context>:
1000145c:	b570      	push	{r4, r5, r6, lr}
1000145e:	b082      	sub	sp, #8
10001460:	9200      	str	r2, [sp, #0]
10001462:	9301      	str	r3, [sp, #4]
10001464:	0001      	movs	r1, r0
10001466:	6902      	ldr	r2, [r0, #16]
10001468:	f3ef 8410 	mrs	r4, PRIMASK
1000146c:	b672      	cpsid	i
1000146e:	6813      	ldr	r3, [r2, #0]
10001470:	2b00      	cmp	r3, #0
10001472:	d0fc      	beq.n	1000146e <alarm_pool_add_alarm_at_force_in_context+0x12>
10001474:	f3bf 8f5f 	dmb	sy
10001478:	2302      	movs	r3, #2
1000147a:	5ec8      	ldrsh	r0, [r1, r3]
1000147c:	690d      	ldr	r5, [r1, #16]
1000147e:	2800      	cmp	r0, #0
10001480:	db3f      	blt.n	10001502 <alarm_pool_add_alarm_at_force_in_context+0xa6>
10001482:	694a      	ldr	r2, [r1, #20]
10001484:	0043      	lsls	r3, r0, #1
10001486:	0016      	movs	r6, r2
10001488:	181b      	adds	r3, r3, r0
1000148a:	00db      	lsls	r3, r3, #3
1000148c:	18d2      	adds	r2, r2, r3
1000148e:	5af3      	ldrh	r3, [r6, r3]
10001490:	804b      	strh	r3, [r1, #2]
10001492:	f3bf 8f5f 	dmb	sy
10001496:	2300      	movs	r3, #0
10001498:	602b      	str	r3, [r5, #0]
1000149a:	f384 8810 	msr	PRIMASK, r4
1000149e:	9b06      	ldr	r3, [sp, #24]
100014a0:	6113      	str	r3, [r2, #16]
100014a2:	9b07      	ldr	r3, [sp, #28]
100014a4:	6153      	str	r3, [r2, #20]
100014a6:	9b00      	ldr	r3, [sp, #0]
100014a8:	9c01      	ldr	r4, [sp, #4]
100014aa:	6093      	str	r3, [r2, #8]
100014ac:	60d4      	str	r4, [r2, #12]
100014ae:	8853      	ldrh	r3, [r2, #2]
100014b0:	3301      	adds	r3, #1
100014b2:	045b      	lsls	r3, r3, #17
100014b4:	0c5b      	lsrs	r3, r3, #17
100014b6:	1c1d      	adds	r5, r3, #0
100014b8:	2b00      	cmp	r3, #0
100014ba:	d020      	beq.n	100014fe <alarm_pool_add_alarm_at_force_in_context+0xa2>
100014bc:	b2ac      	uxth	r4, r5
100014be:	0403      	lsls	r3, r0, #16
100014c0:	8055      	strh	r5, [r2, #2]
100014c2:	4323      	orrs	r3, r4
100014c4:	690d      	ldr	r5, [r1, #16]
100014c6:	f3ef 8c10 	mrs	ip, PRIMASK
100014ca:	b672      	cpsid	i
100014cc:	682c      	ldr	r4, [r5, #0]
100014ce:	2c00      	cmp	r4, #0
100014d0:	d0fc      	beq.n	100014cc <alarm_pool_add_alarm_at_force_in_context+0x70>
100014d2:	f3bf 8f5f 	dmb	sy
100014d6:	888c      	ldrh	r4, [r1, #4]
100014d8:	8014      	strh	r4, [r2, #0]
100014da:	8088      	strh	r0, [r1, #4]
100014dc:	690a      	ldr	r2, [r1, #16]
100014de:	f3bf 8f5f 	dmb	sy
100014e2:	2000      	movs	r0, #0
100014e4:	6010      	str	r0, [r2, #0]
100014e6:	f38c 8810 	msr	PRIMASK, ip
100014ea:	780a      	ldrb	r2, [r1, #0]
100014ec:	3001      	adds	r0, #1
100014ee:	4090      	lsls	r0, r2
100014f0:	68ca      	ldr	r2, [r1, #12]
100014f2:	4908      	ldr	r1, [pc, #32]	@ (10001514 <alarm_pool_add_alarm_at_force_in_context+0xb8>)
100014f4:	1852      	adds	r2, r2, r1
100014f6:	6010      	str	r0, [r2, #0]
100014f8:	0018      	movs	r0, r3
100014fa:	b002      	add	sp, #8
100014fc:	bd70      	pop	{r4, r5, r6, pc}
100014fe:	2501      	movs	r5, #1
10001500:	e7dc      	b.n	100014bc <alarm_pool_add_alarm_at_force_in_context+0x60>
10001502:	f3bf 8f5f 	dmb	sy
10001506:	2300      	movs	r3, #0
10001508:	602b      	str	r3, [r5, #0]
1000150a:	f384 8810 	msr	PRIMASK, r4
1000150e:	3b01      	subs	r3, #1
10001510:	e7f2      	b.n	100014f8 <alarm_pool_add_alarm_at_force_in_context+0x9c>
10001512:	46c0      	nop			@ (mov r8, r8)
10001514:	0000203c 	.word	0x0000203c

10001518 <alarm_pool_cancel_alarm>:
10001518:	b510      	push	{r4, lr}
1000151a:	8943      	ldrh	r3, [r0, #10]
1000151c:	140a      	asrs	r2, r1, #16
1000151e:	4293      	cmp	r3, r2
10001520:	dd1a      	ble.n	10001558 <alarm_pool_cancel_alarm+0x40>
10001522:	0053      	lsls	r3, r2, #1
10001524:	189b      	adds	r3, r3, r2
10001526:	6942      	ldr	r2, [r0, #20]
10001528:	00db      	lsls	r3, r3, #3
1000152a:	18d3      	adds	r3, r2, r3
1000152c:	6904      	ldr	r4, [r0, #16]
1000152e:	f3ef 8c10 	mrs	ip, PRIMASK
10001532:	b672      	cpsid	i
10001534:	6822      	ldr	r2, [r4, #0]
10001536:	2a00      	cmp	r2, #0
10001538:	d0fc      	beq.n	10001534 <alarm_pool_cancel_alarm+0x1c>
1000153a:	f3bf 8f5f 	dmb	sy
1000153e:	885a      	ldrh	r2, [r3, #2]
10001540:	0409      	lsls	r1, r1, #16
10001542:	b294      	uxth	r4, r2
10001544:	0c09      	lsrs	r1, r1, #16
10001546:	428a      	cmp	r2, r1
10001548:	d008      	beq.n	1000155c <alarm_pool_cancel_alarm+0x44>
1000154a:	6903      	ldr	r3, [r0, #16]
1000154c:	f3bf 8f5f 	dmb	sy
10001550:	2200      	movs	r2, #0
10001552:	601a      	str	r2, [r3, #0]
10001554:	f38c 8810 	msr	PRIMASK, ip
10001558:	2000      	movs	r0, #0
1000155a:	bd10      	pop	{r4, pc}
1000155c:	4a09      	ldr	r2, [pc, #36]	@ (10001584 <alarm_pool_cancel_alarm+0x6c>)
1000155e:	4322      	orrs	r2, r4
10001560:	805a      	strh	r2, [r3, #2]
10001562:	2301      	movs	r3, #1
10001564:	6902      	ldr	r2, [r0, #16]
10001566:	7183      	strb	r3, [r0, #6]
10001568:	f3bf 8f5f 	dmb	sy
1000156c:	2100      	movs	r1, #0
1000156e:	6011      	str	r1, [r2, #0]
10001570:	f38c 8810 	msr	PRIMASK, ip
10001574:	7802      	ldrb	r2, [r0, #0]
10001576:	4904      	ldr	r1, [pc, #16]	@ (10001588 <alarm_pool_cancel_alarm+0x70>)
10001578:	4093      	lsls	r3, r2
1000157a:	68c2      	ldr	r2, [r0, #12]
1000157c:	2001      	movs	r0, #1
1000157e:	1852      	adds	r2, r2, r1
10001580:	6013      	str	r3, [r2, #0]
10001582:	e7ea      	b.n	1000155a <alarm_pool_cancel_alarm+0x42>
10001584:	ffff8000 	.word	0xffff8000
10001588:	0000203c 	.word	0x0000203c

1000158c <alarm_pool_core_num>:
1000158c:	7840      	ldrb	r0, [r0, #1]
1000158e:	4770      	bx	lr

10001590 <sleep_ms>:
10001590:	b5f0      	push	{r4, r5, r6, r7, lr}
10001592:	46c6      	mov	lr, r8
10001594:	b500      	push	{lr}
10001596:	b082      	sub	sp, #8
10001598:	0004      	movs	r4, r0
1000159a:	f000 f91f 	bl	100017dc <time_us_64>
1000159e:	22fa      	movs	r2, #250	@ 0xfa
100015a0:	0006      	movs	r6, r0
100015a2:	000f      	movs	r7, r1
100015a4:	0020      	movs	r0, r4
100015a6:	2300      	movs	r3, #0
100015a8:	2100      	movs	r1, #0
100015aa:	0092      	lsls	r2, r2, #2
100015ac:	f001 fad0 	bl	10002b50 <__wrap___aeabi_lmul>
100015b0:	1980      	adds	r0, r0, r6
100015b2:	4179      	adcs	r1, r7
100015b4:	0004      	movs	r4, r0
100015b6:	1e0d      	subs	r5, r1, #0
100015b8:	da02      	bge.n	100015c0 <sleep_ms+0x30>
100015ba:	2401      	movs	r4, #1
100015bc:	4d2e      	ldr	r5, [pc, #184]	@ (10001678 <sleep_ms+0xe8>)
100015be:	4264      	negs	r4, r4
100015c0:	2606      	movs	r6, #6
100015c2:	4276      	negs	r6, r6
100015c4:	17f7      	asrs	r7, r6, #31
100015c6:	1936      	adds	r6, r6, r4
100015c8:	416f      	adcs	r7, r5
100015ca:	42af      	cmp	r7, r5
100015cc:	d814      	bhi.n	100015f8 <sleep_ms+0x68>
100015ce:	d011      	beq.n	100015f4 <sleep_ms+0x64>
100015d0:	f000 f904 	bl	100017dc <time_us_64>
100015d4:	0032      	movs	r2, r6
100015d6:	003b      	movs	r3, r7
100015d8:	1a12      	subs	r2, r2, r0
100015da:	418b      	sbcs	r3, r1
100015dc:	2b00      	cmp	r3, #0
100015de:	dc15      	bgt.n	1000160c <sleep_ms+0x7c>
100015e0:	2b00      	cmp	r3, #0
100015e2:	d046      	beq.n	10001672 <sleep_ms+0xe2>
100015e4:	0020      	movs	r0, r4
100015e6:	0029      	movs	r1, r5
100015e8:	f000 f938 	bl	1000185c <busy_wait_until>
100015ec:	b002      	add	sp, #8
100015ee:	bc80      	pop	{r7}
100015f0:	46b8      	mov	r8, r7
100015f2:	bdf0      	pop	{r4, r5, r6, r7, pc}
100015f4:	42a6      	cmp	r6, r4
100015f6:	d9eb      	bls.n	100015d0 <sleep_ms+0x40>
100015f8:	2600      	movs	r6, #0
100015fa:	2700      	movs	r7, #0
100015fc:	f000 f8ee 	bl	100017dc <time_us_64>
10001600:	0032      	movs	r2, r6
10001602:	003b      	movs	r3, r7
10001604:	1a12      	subs	r2, r2, r0
10001606:	418b      	sbcs	r3, r1
10001608:	2b00      	cmp	r3, #0
1000160a:	dde9      	ble.n	100015e0 <sleep_ms+0x50>
1000160c:	f000 f8e6 	bl	100017dc <time_us_64>
10001610:	0032      	movs	r2, r6
10001612:	003b      	movs	r3, r7
10001614:	1a12      	subs	r2, r2, r0
10001616:	418b      	sbcs	r3, r1
10001618:	2b00      	cmp	r3, #0
1000161a:	db0a      	blt.n	10001632 <sleep_ms+0xa2>
1000161c:	2300      	movs	r3, #0
1000161e:	9301      	str	r3, [sp, #4]
10001620:	4b16      	ldr	r3, [pc, #88]	@ (1000167c <sleep_ms+0xec>)
10001622:	0032      	movs	r2, r6
10001624:	9300      	str	r3, [sp, #0]
10001626:	4816      	ldr	r0, [pc, #88]	@ (10001680 <sleep_ms+0xf0>)
10001628:	003b      	movs	r3, r7
1000162a:	f7ff ff17 	bl	1000145c <alarm_pool_add_alarm_at_force_in_context>
1000162e:	3001      	adds	r0, #1
10001630:	d0d8      	beq.n	100015e4 <sleep_ms+0x54>
10001632:	2300      	movs	r3, #0
10001634:	0039      	movs	r1, r7
10001636:	46b0      	mov	r8, r6
10001638:	469c      	mov	ip, r3
1000163a:	4a12      	ldr	r2, [pc, #72]	@ (10001684 <sleep_ms+0xf4>)
1000163c:	4812      	ldr	r0, [pc, #72]	@ (10001688 <sleep_ms+0xf8>)
1000163e:	6a53      	ldr	r3, [r2, #36]	@ 0x24
10001640:	4299      	cmp	r1, r3
10001642:	d804      	bhi.n	1000164e <sleep_ms+0xbe>
10001644:	6a96      	ldr	r6, [r2, #40]	@ 0x28
10001646:	4546      	cmp	r6, r8
10001648:	d2cc      	bcs.n	100015e4 <sleep_ms+0x54>
1000164a:	4299      	cmp	r1, r3
1000164c:	d1ca      	bne.n	100015e4 <sleep_ms+0x54>
1000164e:	6806      	ldr	r6, [r0, #0]
10001650:	f3ef 8710 	mrs	r7, PRIMASK
10001654:	b672      	cpsid	i
10001656:	6833      	ldr	r3, [r6, #0]
10001658:	2b00      	cmp	r3, #0
1000165a:	d0fc      	beq.n	10001656 <sleep_ms+0xc6>
1000165c:	f3bf 8f5f 	dmb	sy
10001660:	6803      	ldr	r3, [r0, #0]
10001662:	f3bf 8f5f 	dmb	sy
10001666:	4666      	mov	r6, ip
10001668:	601e      	str	r6, [r3, #0]
1000166a:	f387 8810 	msr	PRIMASK, r7
1000166e:	bf20      	wfe
10001670:	e7e5      	b.n	1000163e <sleep_ms+0xae>
10001672:	2a00      	cmp	r2, #0
10001674:	d0b6      	beq.n	100015e4 <sleep_ms+0x54>
10001676:	e7c9      	b.n	1000160c <sleep_ms+0x7c>
10001678:	7fffffff 	.word	0x7fffffff
1000167c:	10000f8d 	.word	0x10000f8d
10001680:	20000fb0 	.word	0x20000fb0
10001684:	40054000 	.word	0x40054000
10001688:	20002a20 	.word	0x20002a20

1000168c <best_effort_wfe_or_timeout>:
1000168c:	b5f0      	push	{r4, r5, r6, r7, lr}
1000168e:	46ce      	mov	lr, r9
10001690:	4647      	mov	r7, r8
10001692:	b580      	push	{r7, lr}
10001694:	0004      	movs	r4, r0
10001696:	000d      	movs	r5, r1
10001698:	b085      	sub	sp, #20
1000169a:	f3ef 8305 	mrs	r3, IPSR
1000169e:	4689      	mov	r9, r1
100016a0:	2b00      	cmp	r3, #0
100016a2:	d132      	bne.n	1000170a <best_effort_wfe_or_timeout+0x7e>
100016a4:	4e40      	ldr	r6, [pc, #256]	@ (100017a8 <best_effort_wfe_or_timeout+0x11c>)
100016a6:	6833      	ldr	r3, [r6, #0]
100016a8:	4283      	cmp	r3, r0
100016aa:	d02a      	beq.n	10001702 <best_effort_wfe_or_timeout+0x76>
100016ac:	4f3f      	ldr	r7, [pc, #252]	@ (100017ac <best_effort_wfe_or_timeout+0x120>)
100016ae:	68fb      	ldr	r3, [r7, #12]
100016b0:	783a      	ldrb	r2, [r7, #0]
100016b2:	4698      	mov	r8, r3
100016b4:	0018      	movs	r0, r3
100016b6:	9203      	str	r2, [sp, #12]
100016b8:	f000 f888 	bl	100017cc <timer_time_us_64>
100016bc:	9a03      	ldr	r2, [sp, #12]
100016be:	1d13      	adds	r3, r2, #4
100016c0:	4642      	mov	r2, r8
100016c2:	009b      	lsls	r3, r3, #2
100016c4:	589b      	ldr	r3, [r3, r2]
100016c6:	0022      	movs	r2, r4
100016c8:	1a1b      	subs	r3, r3, r0
100016ca:	469c      	mov	ip, r3
100016cc:	002b      	movs	r3, r5
100016ce:	1a12      	subs	r2, r2, r0
100016d0:	418b      	sbcs	r3, r1
100016d2:	0019      	movs	r1, r3
100016d4:	2300      	movs	r3, #0
100016d6:	0010      	movs	r0, r2
100016d8:	428b      	cmp	r3, r1
100016da:	dc25      	bgt.n	10001728 <best_effort_wfe_or_timeout+0x9c>
100016dc:	d022      	beq.n	10001724 <best_effort_wfe_or_timeout+0x98>
100016de:	bf20      	wfe
100016e0:	4b33      	ldr	r3, [pc, #204]	@ (100017b0 <best_effort_wfe_or_timeout+0x124>)
100016e2:	6a58      	ldr	r0, [r3, #36]	@ 0x24
100016e4:	4548      	cmp	r0, r9
100016e6:	d32b      	bcc.n	10001740 <best_effort_wfe_or_timeout+0xb4>
100016e8:	1b40      	subs	r0, r0, r5
100016ea:	6a9a      	ldr	r2, [r3, #40]	@ 0x28
100016ec:	1e43      	subs	r3, r0, #1
100016ee:	4198      	sbcs	r0, r3
100016f0:	2300      	movs	r3, #0
100016f2:	42a2      	cmp	r2, r4
100016f4:	415b      	adcs	r3, r3
100016f6:	4318      	orrs	r0, r3
100016f8:	b005      	add	sp, #20
100016fa:	bcc0      	pop	{r6, r7}
100016fc:	46b9      	mov	r9, r7
100016fe:	46b0      	mov	r8, r6
10001700:	bdf0      	pop	{r4, r5, r6, r7, pc}
10001702:	6873      	ldr	r3, [r6, #4]
10001704:	428b      	cmp	r3, r1
10001706:	d1d1      	bne.n	100016ac <best_effort_wfe_or_timeout+0x20>
10001708:	e7e9      	b.n	100016de <best_effort_wfe_or_timeout+0x52>
1000170a:	4929      	ldr	r1, [pc, #164]	@ (100017b0 <best_effort_wfe_or_timeout+0x124>)
1000170c:	2000      	movs	r0, #0
1000170e:	6a4b      	ldr	r3, [r1, #36]	@ 0x24
10001710:	42ab      	cmp	r3, r5
10001712:	d3f1      	bcc.n	100016f8 <best_effort_wfe_or_timeout+0x6c>
10001714:	6a8a      	ldr	r2, [r1, #40]	@ 0x28
10001716:	1b5b      	subs	r3, r3, r5
10001718:	1e59      	subs	r1, r3, #1
1000171a:	418b      	sbcs	r3, r1
1000171c:	42a2      	cmp	r2, r4
1000171e:	4140      	adcs	r0, r0
10001720:	4318      	orrs	r0, r3
10001722:	e7e9      	b.n	100016f8 <best_effort_wfe_or_timeout+0x6c>
10001724:	4584      	cmp	ip, r0
10001726:	d9da      	bls.n	100016de <best_effort_wfe_or_timeout+0x52>
10001728:	f000 f858 	bl	100017dc <time_us_64>
1000172c:	0022      	movs	r2, r4
1000172e:	002b      	movs	r3, r5
10001730:	1a12      	subs	r2, r2, r0
10001732:	418b      	sbcs	r3, r1
10001734:	2b00      	cmp	r3, #0
10001736:	da05      	bge.n	10001744 <best_effort_wfe_or_timeout+0xb8>
10001738:	4a1d      	ldr	r2, [pc, #116]	@ (100017b0 <best_effort_wfe_or_timeout+0x124>)
1000173a:	6a53      	ldr	r3, [r2, #36]	@ 0x24
1000173c:	454b      	cmp	r3, r9
1000173e:	d229      	bcs.n	10001794 <best_effort_wfe_or_timeout+0x108>
10001740:	2000      	movs	r0, #0
10001742:	e7d9      	b.n	100016f8 <best_effort_wfe_or_timeout+0x6c>
10001744:	2300      	movs	r3, #0
10001746:	9301      	str	r3, [sp, #4]
10001748:	4b1a      	ldr	r3, [pc, #104]	@ (100017b4 <best_effort_wfe_or_timeout+0x128>)
1000174a:	0022      	movs	r2, r4
1000174c:	9300      	str	r3, [sp, #0]
1000174e:	0038      	movs	r0, r7
10001750:	002b      	movs	r3, r5
10001752:	f7ff fe83 	bl	1000145c <alarm_pool_add_alarm_at_force_in_context>
10001756:	2800      	cmp	r0, #0
10001758:	ddee      	ble.n	10001738 <best_effort_wfe_or_timeout+0xac>
1000175a:	4b15      	ldr	r3, [pc, #84]	@ (100017b0 <best_effort_wfe_or_timeout+0x124>)
1000175c:	c630      	stmia	r6!, {r4, r5}
1000175e:	6a5a      	ldr	r2, [r3, #36]	@ 0x24
10001760:	454a      	cmp	r2, r9
10001762:	d315      	bcc.n	10001790 <best_effort_wfe_or_timeout+0x104>
10001764:	6a9b      	ldr	r3, [r3, #40]	@ 0x28
10001766:	42a3      	cmp	r3, r4
10001768:	d310      	bcc.n	1000178c <best_effort_wfe_or_timeout+0x100>
1000176a:	0001      	movs	r1, r0
1000176c:	0038      	movs	r0, r7
1000176e:	f7ff fed3 	bl	10001518 <alarm_pool_cancel_alarm>
10001772:	4a0f      	ldr	r2, [pc, #60]	@ (100017b0 <best_effort_wfe_or_timeout+0x124>)
10001774:	2000      	movs	r0, #0
10001776:	6a53      	ldr	r3, [r2, #36]	@ 0x24
10001778:	454b      	cmp	r3, r9
1000177a:	d3bd      	bcc.n	100016f8 <best_effort_wfe_or_timeout+0x6c>
1000177c:	6a92      	ldr	r2, [r2, #40]	@ 0x28
1000177e:	1b5b      	subs	r3, r3, r5
10001780:	1e59      	subs	r1, r3, #1
10001782:	418b      	sbcs	r3, r1
10001784:	42a2      	cmp	r2, r4
10001786:	4140      	adcs	r0, r0
10001788:	4318      	orrs	r0, r3
1000178a:	e7b5      	b.n	100016f8 <best_effort_wfe_or_timeout+0x6c>
1000178c:	454a      	cmp	r2, r9
1000178e:	d1ec      	bne.n	1000176a <best_effort_wfe_or_timeout+0xde>
10001790:	bf20      	wfe
10001792:	e7ea      	b.n	1000176a <best_effort_wfe_or_timeout+0xde>
10001794:	2000      	movs	r0, #0
10001796:	6a92      	ldr	r2, [r2, #40]	@ 0x28
10001798:	1b5b      	subs	r3, r3, r5
1000179a:	42a2      	cmp	r2, r4
1000179c:	4140      	adcs	r0, r0
1000179e:	1e5a      	subs	r2, r3, #1
100017a0:	4193      	sbcs	r3, r2
100017a2:	4318      	orrs	r0, r3
100017a4:	e7a8      	b.n	100016f8 <best_effort_wfe_or_timeout+0x6c>
100017a6:	46c0      	nop			@ (mov r8, r8)
100017a8:	20000fa8 	.word	0x20000fa8
100017ac:	20000fb0 	.word	0x20000fb0
100017b0:	40054000 	.word	0x40054000
100017b4:	10000f8d 	.word	0x10000f8d

100017b8 <timer_hardware_alarm_claim>:
100017b8:	b510      	push	{r4, lr}
100017ba:	4a02      	ldr	r2, [pc, #8]	@ (100017c4 <timer_hardware_alarm_claim+0xc>)
100017bc:	4802      	ldr	r0, [pc, #8]	@ (100017c8 <timer_hardware_alarm_claim+0x10>)
100017be:	f7ff f91f 	bl	10000a00 <hw_claim_or_assert>
100017c2:	bd10      	pop	{r4, pc}
100017c4:	10007070 	.word	0x10007070
100017c8:	20001798 	.word	0x20001798

100017cc <timer_time_us_64>:
100017cc:	0003      	movs	r3, r0
100017ce:	6a41      	ldr	r1, [r0, #36]	@ 0x24
100017d0:	000a      	movs	r2, r1
100017d2:	6a98      	ldr	r0, [r3, #40]	@ 0x28
100017d4:	6a59      	ldr	r1, [r3, #36]	@ 0x24
100017d6:	428a      	cmp	r2, r1
100017d8:	d1fa      	bne.n	100017d0 <timer_time_us_64+0x4>
100017da:	4770      	bx	lr

100017dc <time_us_64>:
100017dc:	4b03      	ldr	r3, [pc, #12]	@ (100017ec <time_us_64+0x10>)
100017de:	6a59      	ldr	r1, [r3, #36]	@ 0x24
100017e0:	000a      	movs	r2, r1
100017e2:	6a98      	ldr	r0, [r3, #40]	@ 0x28
100017e4:	6a59      	ldr	r1, [r3, #36]	@ 0x24
100017e6:	4291      	cmp	r1, r2
100017e8:	d1fa      	bne.n	100017e0 <time_us_64+0x4>
100017ea:	4770      	bx	lr
100017ec:	40054000 	.word	0x40054000

100017f0 <busy_wait_us>:
100017f0:	b570      	push	{r4, r5, r6, lr}
100017f2:	0005      	movs	r5, r0
100017f4:	000e      	movs	r6, r1
100017f6:	4a18      	ldr	r2, [pc, #96]	@ (10001858 <busy_wait_us+0x68>)
100017f8:	6a53      	ldr	r3, [r2, #36]	@ 0x24
100017fa:	0019      	movs	r1, r3
100017fc:	6a94      	ldr	r4, [r2, #40]	@ 0x28
100017fe:	6a53      	ldr	r3, [r2, #36]	@ 0x24
10001800:	428b      	cmp	r3, r1
10001802:	d1fa      	bne.n	100017fa <busy_wait_us+0xa>
10001804:	0020      	movs	r0, r4
10001806:	0019      	movs	r1, r3
10001808:	002c      	movs	r4, r5
1000180a:	0035      	movs	r5, r6
1000180c:	1824      	adds	r4, r4, r0
1000180e:	414d      	adcs	r5, r1
10001810:	42ab      	cmp	r3, r5
10001812:	d816      	bhi.n	10001842 <busy_wait_us+0x52>
10001814:	d013      	beq.n	1000183e <busy_wait_us+0x4e>
10001816:	4b10      	ldr	r3, [pc, #64]	@ (10001858 <busy_wait_us+0x68>)
10001818:	002a      	movs	r2, r5
1000181a:	6a5b      	ldr	r3, [r3, #36]	@ 0x24
1000181c:	429d      	cmp	r5, r3
1000181e:	d903      	bls.n	10001828 <busy_wait_us+0x38>
10001820:	490d      	ldr	r1, [pc, #52]	@ (10001858 <busy_wait_us+0x68>)
10001822:	6a4b      	ldr	r3, [r1, #36]	@ 0x24
10001824:	4293      	cmp	r3, r2
10001826:	d3fc      	bcc.n	10001822 <busy_wait_us+0x32>
10001828:	4293      	cmp	r3, r2
1000182a:	d107      	bne.n	1000183c <busy_wait_us+0x4c>
1000182c:	4a0a      	ldr	r2, [pc, #40]	@ (10001858 <busy_wait_us+0x68>)
1000182e:	e002      	b.n	10001836 <busy_wait_us+0x46>
10001830:	6a51      	ldr	r1, [r2, #36]	@ 0x24
10001832:	4299      	cmp	r1, r3
10001834:	d102      	bne.n	1000183c <busy_wait_us+0x4c>
10001836:	6a91      	ldr	r1, [r2, #40]	@ 0x28
10001838:	42a1      	cmp	r1, r4
1000183a:	d3f9      	bcc.n	10001830 <busy_wait_us+0x40>
1000183c:	bd70      	pop	{r4, r5, r6, pc}
1000183e:	42a0      	cmp	r0, r4
10001840:	d9e9      	bls.n	10001816 <busy_wait_us+0x26>
10001842:	4b05      	ldr	r3, [pc, #20]	@ (10001858 <busy_wait_us+0x68>)
10001844:	6a5b      	ldr	r3, [r3, #36]	@ 0x24
10001846:	001c      	movs	r4, r3
10001848:	1c5a      	adds	r2, r3, #1
1000184a:	d0ef      	beq.n	1000182c <busy_wait_us+0x3c>
1000184c:	2201      	movs	r2, #1
1000184e:	2401      	movs	r4, #1
10001850:	4264      	negs	r4, r4
10001852:	17e5      	asrs	r5, r4, #31
10001854:	4252      	negs	r2, r2
10001856:	e7e3      	b.n	10001820 <busy_wait_us+0x30>
10001858:	40054000 	.word	0x40054000

1000185c <busy_wait_until>:
1000185c:	4a06      	ldr	r2, [pc, #24]	@ (10001878 <busy_wait_until+0x1c>)
1000185e:	6a53      	ldr	r3, [r2, #36]	@ 0x24
10001860:	4299      	cmp	r1, r3
10001862:	d8fc      	bhi.n	1000185e <busy_wait_until+0x2>
10001864:	d107      	bne.n	10001876 <busy_wait_until+0x1a>
10001866:	4b04      	ldr	r3, [pc, #16]	@ (10001878 <busy_wait_until+0x1c>)
10001868:	e002      	b.n	10001870 <busy_wait_until+0x14>
1000186a:	6a5a      	ldr	r2, [r3, #36]	@ 0x24
1000186c:	4291      	cmp	r1, r2
1000186e:	d102      	bne.n	10001876 <busy_wait_until+0x1a>
10001870:	6a9a      	ldr	r2, [r3, #40]	@ 0x28
10001872:	4290      	cmp	r0, r2
10001874:	d8f9      	bhi.n	1000186a <busy_wait_until+0xe>
10001876:	4770      	bx	lr
10001878:	40054000 	.word	0x40054000

1000187c <clock_configure_int_divider>:
1000187c:	b5f8      	push	{r3, r4, r5, r6, r7, lr}
1000187e:	46de      	mov	lr, fp
10001880:	464e      	mov	r6, r9
10001882:	4645      	mov	r5, r8
10001884:	4657      	mov	r7, sl
10001886:	b5e0      	push	{r5, r6, r7, lr}
10001888:	0005      	movs	r5, r0
1000188a:	468b      	mov	fp, r1
1000188c:	0018      	movs	r0, r3
1000188e:	990a      	ldr	r1, [sp, #40]	@ 0x28
10001890:	4691      	mov	r9, r2
10001892:	f000 fb39 	bl	10001f08 <__wrap___aeabi_uidiv>
10001896:	9b0a      	ldr	r3, [sp, #40]	@ 0x28
10001898:	006c      	lsls	r4, r5, #1
1000189a:	021e      	lsls	r6, r3, #8
1000189c:	1964      	adds	r4, r4, r5
1000189e:	4b30      	ldr	r3, [pc, #192]	@ (10001960 <clock_configure_int_divider+0xe4>)
100018a0:	00a4      	lsls	r4, r4, #2
100018a2:	18e4      	adds	r4, r4, r3
100018a4:	6863      	ldr	r3, [r4, #4]
100018a6:	4680      	mov	r8, r0
100018a8:	429e      	cmp	r6, r3
100018aa:	d900      	bls.n	100018ae <clock_configure_int_divider+0x32>
100018ac:	6066      	str	r6, [r4, #4]
100018ae:	1f2f      	subs	r7, r5, #4
100018b0:	b2fb      	uxtb	r3, r7
100018b2:	469a      	mov	sl, r3
100018b4:	2b01      	cmp	r3, #1
100018b6:	d92f      	bls.n	10001918 <clock_configure_int_divider+0x9c>
100018b8:	23c0      	movs	r3, #192	@ 0xc0
100018ba:	2280      	movs	r2, #128	@ 0x80
100018bc:	4f29      	ldr	r7, [pc, #164]	@ (10001964 <clock_configure_int_divider+0xe8>)
100018be:	00ad      	lsls	r5, r5, #2
100018c0:	019b      	lsls	r3, r3, #6
100018c2:	5979      	ldr	r1, [r7, r5]
100018c4:	0112      	lsls	r2, r2, #4
100018c6:	18e3      	adds	r3, r4, r3
100018c8:	601a      	str	r2, [r3, #0]
100018ca:	2900      	cmp	r1, #0
100018cc:	d11b      	bne.n	10001906 <clock_configure_int_divider+0x8a>
100018ce:	464b      	mov	r3, r9
100018d0:	6822      	ldr	r2, [r4, #0]
100018d2:	015b      	lsls	r3, r3, #5
100018d4:	4053      	eors	r3, r2
100018d6:	22e0      	movs	r2, #224	@ 0xe0
100018d8:	4013      	ands	r3, r2
100018da:	2280      	movs	r2, #128	@ 0x80
100018dc:	0152      	lsls	r2, r2, #5
100018de:	18a2      	adds	r2, r4, r2
100018e0:	6013      	str	r3, [r2, #0]
100018e2:	4653      	mov	r3, sl
100018e4:	2b01      	cmp	r3, #1
100018e6:	d92f      	bls.n	10001948 <clock_configure_int_divider+0xcc>
100018e8:	2380      	movs	r3, #128	@ 0x80
100018ea:	2280      	movs	r2, #128	@ 0x80
100018ec:	019b      	lsls	r3, r3, #6
100018ee:	18e3      	adds	r3, r4, r3
100018f0:	0112      	lsls	r2, r2, #4
100018f2:	601a      	str	r2, [r3, #0]
100018f4:	4643      	mov	r3, r8
100018f6:	6066      	str	r6, [r4, #4]
100018f8:	517b      	str	r3, [r7, r5]
100018fa:	bcf0      	pop	{r4, r5, r6, r7}
100018fc:	46bb      	mov	fp, r7
100018fe:	46b2      	mov	sl, r6
10001900:	46a9      	mov	r9, r5
10001902:	46a0      	mov	r8, r4
10001904:	bdf8      	pop	{r3, r4, r5, r6, r7, pc}
10001906:	6978      	ldr	r0, [r7, #20]
10001908:	f000 fafe 	bl	10001f08 <__wrap___aeabi_uidiv>
1000190c:	3001      	adds	r0, #1
1000190e:	0043      	lsls	r3, r0, #1
10001910:	181b      	adds	r3, r3, r0
10001912:	3b03      	subs	r3, #3
10001914:	d2fd      	bcs.n	10001912 <clock_configure_int_divider+0x96>
10001916:	e7da      	b.n	100018ce <clock_configure_int_divider+0x52>
10001918:	465b      	mov	r3, fp
1000191a:	2b01      	cmp	r3, #1
1000191c:	d1cc      	bne.n	100018b8 <clock_configure_int_divider+0x3c>
1000191e:	23c0      	movs	r3, #192	@ 0xc0
10001920:	2203      	movs	r2, #3
10001922:	019b      	lsls	r3, r3, #6
10001924:	18e3      	adds	r3, r4, r3
10001926:	601a      	str	r2, [r3, #0]
10001928:	3a02      	subs	r2, #2
1000192a:	68a3      	ldr	r3, [r4, #8]
1000192c:	421a      	tst	r2, r3
1000192e:	d0fc      	beq.n	1000192a <clock_configure_int_divider+0xae>
10001930:	464a      	mov	r2, r9
10001932:	6823      	ldr	r3, [r4, #0]
10001934:	0152      	lsls	r2, r2, #5
10001936:	405a      	eors	r2, r3
10001938:	23e0      	movs	r3, #224	@ 0xe0
1000193a:	4013      	ands	r3, r2
1000193c:	2280      	movs	r2, #128	@ 0x80
1000193e:	0152      	lsls	r2, r2, #5
10001940:	18a2      	adds	r2, r4, r2
10001942:	4f08      	ldr	r7, [pc, #32]	@ (10001964 <clock_configure_int_divider+0xe8>)
10001944:	6013      	str	r3, [r2, #0]
10001946:	00ad      	lsls	r5, r5, #2
10001948:	4658      	mov	r0, fp
1000194a:	2303      	movs	r3, #3
1000194c:	6821      	ldr	r1, [r4, #0]
1000194e:	4041      	eors	r1, r0
10001950:	400b      	ands	r3, r1
10001952:	6013      	str	r3, [r2, #0]
10001954:	2201      	movs	r2, #1
10001956:	4082      	lsls	r2, r0
10001958:	68a3      	ldr	r3, [r4, #8]
1000195a:	421a      	tst	r2, r3
1000195c:	d0fc      	beq.n	10001958 <clock_configure_int_divider+0xdc>
1000195e:	e7c3      	b.n	100018e8 <clock_configure_int_divider+0x6c>
10001960:	40008000 	.word	0x40008000
10001964:	200017a4 	.word	0x200017a4

10001968 <clock_configure_undivided>:
10001968:	b5f0      	push	{r4, r5, r6, r7, lr}
1000196a:	46d6      	mov	lr, sl
1000196c:	464f      	mov	r7, r9
1000196e:	4646      	mov	r6, r8
10001970:	0044      	lsls	r4, r0, #1
10001972:	4698      	mov	r8, r3
10001974:	1824      	adds	r4, r4, r0
10001976:	4b32      	ldr	r3, [pc, #200]	@ (10001a40 <clock_configure_undivided+0xd8>)
10001978:	00a4      	lsls	r4, r4, #2
1000197a:	18e4      	adds	r4, r4, r3
1000197c:	6863      	ldr	r3, [r4, #4]
1000197e:	468a      	mov	sl, r1
10001980:	4691      	mov	r9, r2
10001982:	b5c0      	push	{r6, r7, lr}
10001984:	2bff      	cmp	r3, #255	@ 0xff
10001986:	d802      	bhi.n	1000198e <clock_configure_undivided+0x26>
10001988:	2380      	movs	r3, #128	@ 0x80
1000198a:	005b      	lsls	r3, r3, #1
1000198c:	6063      	str	r3, [r4, #4]
1000198e:	1f06      	subs	r6, r0, #4
10001990:	b2f6      	uxtb	r6, r6
10001992:	2e01      	cmp	r6, #1
10001994:	d92f      	bls.n	100019f6 <clock_configure_undivided+0x8e>
10001996:	23c0      	movs	r3, #192	@ 0xc0
10001998:	2280      	movs	r2, #128	@ 0x80
1000199a:	4f2a      	ldr	r7, [pc, #168]	@ (10001a44 <clock_configure_undivided+0xdc>)
1000199c:	0085      	lsls	r5, r0, #2
1000199e:	019b      	lsls	r3, r3, #6
100019a0:	5979      	ldr	r1, [r7, r5]
100019a2:	0112      	lsls	r2, r2, #4
100019a4:	18e3      	adds	r3, r4, r3
100019a6:	601a      	str	r2, [r3, #0]
100019a8:	2900      	cmp	r1, #0
100019aa:	d11b      	bne.n	100019e4 <clock_configure_undivided+0x7c>
100019ac:	464b      	mov	r3, r9
100019ae:	6822      	ldr	r2, [r4, #0]
100019b0:	015b      	lsls	r3, r3, #5
100019b2:	4053      	eors	r3, r2
100019b4:	22e0      	movs	r2, #224	@ 0xe0
100019b6:	4013      	ands	r3, r2
100019b8:	2280      	movs	r2, #128	@ 0x80
100019ba:	0152      	lsls	r2, r2, #5
100019bc:	18a2      	adds	r2, r4, r2
100019be:	6013      	str	r3, [r2, #0]
100019c0:	2e01      	cmp	r6, #1
100019c2:	d930      	bls.n	10001a26 <clock_configure_undivided+0xbe>
100019c4:	2380      	movs	r3, #128	@ 0x80
100019c6:	2280      	movs	r2, #128	@ 0x80
100019c8:	019b      	lsls	r3, r3, #6
100019ca:	18e3      	adds	r3, r4, r3
100019cc:	0112      	lsls	r2, r2, #4
100019ce:	601a      	str	r2, [r3, #0]
100019d0:	2380      	movs	r3, #128	@ 0x80
100019d2:	005b      	lsls	r3, r3, #1
100019d4:	6063      	str	r3, [r4, #4]
100019d6:	4643      	mov	r3, r8
100019d8:	517b      	str	r3, [r7, r5]
100019da:	bce0      	pop	{r5, r6, r7}
100019dc:	46ba      	mov	sl, r7
100019de:	46b1      	mov	r9, r6
100019e0:	46a8      	mov	r8, r5
100019e2:	bdf0      	pop	{r4, r5, r6, r7, pc}
100019e4:	6978      	ldr	r0, [r7, #20]
100019e6:	f000 fa8f 	bl	10001f08 <__wrap___aeabi_uidiv>
100019ea:	3001      	adds	r0, #1
100019ec:	0043      	lsls	r3, r0, #1
100019ee:	181b      	adds	r3, r3, r0
100019f0:	3b03      	subs	r3, #3
100019f2:	d2fd      	bcs.n	100019f0 <clock_configure_undivided+0x88>
100019f4:	e7da      	b.n	100019ac <clock_configure_undivided+0x44>
100019f6:	4653      	mov	r3, sl
100019f8:	2b01      	cmp	r3, #1
100019fa:	d1cc      	bne.n	10001996 <clock_configure_undivided+0x2e>
100019fc:	23c0      	movs	r3, #192	@ 0xc0
100019fe:	2203      	movs	r2, #3
10001a00:	019b      	lsls	r3, r3, #6
10001a02:	18e3      	adds	r3, r4, r3
10001a04:	601a      	str	r2, [r3, #0]
10001a06:	3a02      	subs	r2, #2
10001a08:	68a3      	ldr	r3, [r4, #8]
10001a0a:	421a      	tst	r2, r3
10001a0c:	d0fc      	beq.n	10001a08 <clock_configure_undivided+0xa0>
10001a0e:	464a      	mov	r2, r9
10001a10:	6823      	ldr	r3, [r4, #0]
10001a12:	0152      	lsls	r2, r2, #5
10001a14:	405a      	eors	r2, r3
10001a16:	23e0      	movs	r3, #224	@ 0xe0
10001a18:	4013      	ands	r3, r2
10001a1a:	2280      	movs	r2, #128	@ 0x80
10001a1c:	0152      	lsls	r2, r2, #5
10001a1e:	18a2      	adds	r2, r4, r2
10001a20:	4f08      	ldr	r7, [pc, #32]	@ (10001a44 <clock_configure_undivided+0xdc>)
10001a22:	6013      	str	r3, [r2, #0]
10001a24:	0085      	lsls	r5, r0, #2
10001a26:	4650      	mov	r0, sl
10001a28:	2303      	movs	r3, #3
10001a2a:	6821      	ldr	r1, [r4, #0]
10001a2c:	4041      	eors	r1, r0
10001a2e:	400b      	ands	r3, r1
10001a30:	6013      	str	r3, [r2, #0]
10001a32:	2201      	movs	r2, #1
10001a34:	4082      	lsls	r2, r0
10001a36:	68a3      	ldr	r3, [r4, #8]
10001a38:	421a      	tst	r2, r3
10001a3a:	d0fc      	beq.n	10001a36 <clock_configure_undivided+0xce>
10001a3c:	e7c2      	b.n	100019c4 <clock_configure_undivided+0x5c>
10001a3e:	46c0      	nop			@ (mov r8, r8)
10001a40:	40008000 	.word	0x40008000
10001a44:	200017a4 	.word	0x200017a4

10001a48 <clock_get_hz>:
10001a48:	4b01      	ldr	r3, [pc, #4]	@ (10001a50 <clock_get_hz+0x8>)
10001a4a:	0080      	lsls	r0, r0, #2
10001a4c:	58c0      	ldr	r0, [r0, r3]
10001a4e:	4770      	bx	lr
10001a50:	200017a4 	.word	0x200017a4

10001a54 <pll_init>:
10001a54:	b5f0      	push	{r4, r5, r6, r7, lr}
10001a56:	46c6      	mov	lr, r8
10001a58:	0004      	movs	r4, r0
10001a5a:	b500      	push	{lr}
10001a5c:	4823      	ldr	r0, [pc, #140]	@ (10001aec <pll_init+0x98>)
10001a5e:	0016      	movs	r6, r2
10001a60:	4698      	mov	r8, r3
10001a62:	000d      	movs	r5, r1
10001a64:	f000 fa50 	bl	10001f08 <__wrap___aeabi_uidiv>
10001a68:	0001      	movs	r1, r0
10001a6a:	0030      	movs	r0, r6
10001a6c:	f000 fa4c 	bl	10001f08 <__wrap___aeabi_uidiv>
10001a70:	4643      	mov	r3, r8
10001a72:	9a06      	ldr	r2, [sp, #24]
10001a74:	041b      	lsls	r3, r3, #16
10001a76:	0312      	lsls	r2, r2, #12
10001a78:	4313      	orrs	r3, r2
10001a7a:	469c      	mov	ip, r3
10001a7c:	6823      	ldr	r3, [r4, #0]
10001a7e:	0006      	movs	r6, r0
10001a80:	2b00      	cmp	r3, #0
10001a82:	db22      	blt.n	10001aca <pll_init+0x76>
10001a84:	4b1a      	ldr	r3, [pc, #104]	@ (10001af0 <pll_init+0x9c>)
10001a86:	481b      	ldr	r0, [pc, #108]	@ (10001af4 <pll_init+0xa0>)
10001a88:	18e2      	adds	r2, r4, r3
10001a8a:	1e53      	subs	r3, r2, #1
10001a8c:	419a      	sbcs	r2, r3
10001a8e:	2380      	movs	r3, #128	@ 0x80
10001a90:	4252      	negs	r2, r2
10001a92:	0b12      	lsrs	r2, r2, #12
10001a94:	019b      	lsls	r3, r3, #6
10001a96:	0312      	lsls	r2, r2, #12
10001a98:	18d2      	adds	r2, r2, r3
10001a9a:	4b17      	ldr	r3, [pc, #92]	@ (10001af8 <pll_init+0xa4>)
10001a9c:	601a      	str	r2, [r3, #0]
10001a9e:	4b17      	ldr	r3, [pc, #92]	@ (10001afc <pll_init+0xa8>)
10001aa0:	601a      	str	r2, [r3, #0]
10001aa2:	0013      	movs	r3, r2
10001aa4:	6801      	ldr	r1, [r0, #0]
10001aa6:	438b      	bics	r3, r1
10001aa8:	d1fb      	bne.n	10001aa2 <pll_init+0x4e>
10001aaa:	2221      	movs	r2, #33	@ 0x21
10001aac:	4b14      	ldr	r3, [pc, #80]	@ (10001b00 <pll_init+0xac>)
10001aae:	6025      	str	r5, [r4, #0]
10001ab0:	18e3      	adds	r3, r4, r3
10001ab2:	60a6      	str	r6, [r4, #8]
10001ab4:	601a      	str	r2, [r3, #0]
10001ab6:	6822      	ldr	r2, [r4, #0]
10001ab8:	2a00      	cmp	r2, #0
10001aba:	dafc      	bge.n	10001ab6 <pll_init+0x62>
10001abc:	4662      	mov	r2, ip
10001abe:	60e2      	str	r2, [r4, #12]
10001ac0:	2208      	movs	r2, #8
10001ac2:	601a      	str	r2, [r3, #0]
10001ac4:	bc80      	pop	{r7}
10001ac6:	46b8      	mov	r8, r7
10001ac8:	bdf0      	pop	{r4, r5, r6, r7, pc}
10001aca:	233f      	movs	r3, #63	@ 0x3f
10001acc:	6822      	ldr	r2, [r4, #0]
10001ace:	4013      	ands	r3, r2
10001ad0:	42ab      	cmp	r3, r5
10001ad2:	d1d7      	bne.n	10001a84 <pll_init+0x30>
10001ad4:	68a3      	ldr	r3, [r4, #8]
10001ad6:	051b      	lsls	r3, r3, #20
10001ad8:	0d1b      	lsrs	r3, r3, #20
10001ada:	4283      	cmp	r3, r0
10001adc:	d1d2      	bne.n	10001a84 <pll_init+0x30>
10001ade:	22ee      	movs	r2, #238	@ 0xee
10001ae0:	68e3      	ldr	r3, [r4, #12]
10001ae2:	02d2      	lsls	r2, r2, #11
10001ae4:	4013      	ands	r3, r2
10001ae6:	4563      	cmp	r3, ip
10001ae8:	d1cc      	bne.n	10001a84 <pll_init+0x30>
10001aea:	e7eb      	b.n	10001ac4 <pll_init+0x70>
10001aec:	00b71b00 	.word	0x00b71b00
10001af0:	bffd4000 	.word	0xbffd4000
10001af4:	4000c008 	.word	0x4000c008
10001af8:	4000e000 	.word	0x4000e000
10001afc:	4000f000 	.word	0x4000f000
10001b00:	00003004 	.word	0x00003004

10001b04 <watchdog_reboot>:
10001b04:	b510      	push	{r4, lr}
10001b06:	2480      	movs	r4, #128	@ 0x80
10001b08:	4b1c      	ldr	r3, [pc, #112]	@ (10001b7c <watchdog_reboot+0x78>)
10001b0a:	05e4      	lsls	r4, r4, #23
10001b0c:	601c      	str	r4, [r3, #0]
10001b0e:	2800      	cmp	r0, #0
10001b10:	d01a      	beq.n	10001b48 <watchdog_reboot+0x44>
10001b12:	2301      	movs	r3, #1
10001b14:	4c1a      	ldr	r4, [pc, #104]	@ (10001b80 <watchdog_reboot+0x7c>)
10001b16:	4318      	orrs	r0, r3
10001b18:	4b1a      	ldr	r3, [pc, #104]	@ (10001b84 <watchdog_reboot+0x80>)
10001b1a:	61dc      	str	r4, [r3, #28]
10001b1c:	4c1a      	ldr	r4, [pc, #104]	@ (10001b88 <watchdog_reboot+0x84>)
10001b1e:	4044      	eors	r4, r0
10001b20:	621c      	str	r4, [r3, #32]
10001b22:	6259      	str	r1, [r3, #36]	@ 0x24
10001b24:	6298      	str	r0, [r3, #40]	@ 0x28
10001b26:	2180      	movs	r1, #128	@ 0x80
10001b28:	4b14      	ldr	r3, [pc, #80]	@ (10001b7c <watchdog_reboot+0x78>)
10001b2a:	05c9      	lsls	r1, r1, #23
10001b2c:	6019      	str	r1, [r3, #0]
10001b2e:	4817      	ldr	r0, [pc, #92]	@ (10001b8c <watchdog_reboot+0x88>)
10001b30:	4917      	ldr	r1, [pc, #92]	@ (10001b90 <watchdog_reboot+0x8c>)
10001b32:	6008      	str	r0, [r1, #0]
10001b34:	21e0      	movs	r1, #224	@ 0xe0
10001b36:	04c9      	lsls	r1, r1, #19
10001b38:	6019      	str	r1, [r3, #0]
10001b3a:	2a00      	cmp	r2, #0
10001b3c:	d107      	bne.n	10001b4e <watchdog_reboot+0x4a>
10001b3e:	2280      	movs	r2, #128	@ 0x80
10001b40:	4b14      	ldr	r3, [pc, #80]	@ (10001b94 <watchdog_reboot+0x90>)
10001b42:	0612      	lsls	r2, r2, #24
10001b44:	601a      	str	r2, [r3, #0]
10001b46:	bd10      	pop	{r4, pc}
10001b48:	4b0e      	ldr	r3, [pc, #56]	@ (10001b84 <watchdog_reboot+0x80>)
10001b4a:	61d8      	str	r0, [r3, #28]
10001b4c:	e7eb      	b.n	10001b26 <watchdog_reboot+0x22>
10001b4e:	0153      	lsls	r3, r2, #5
10001b50:	1a9b      	subs	r3, r3, r2
10001b52:	009b      	lsls	r3, r3, #2
10001b54:	189a      	adds	r2, r3, r2
10001b56:	2380      	movs	r3, #128	@ 0x80
10001b58:	0112      	lsls	r2, r2, #4
10001b5a:	045b      	lsls	r3, r3, #17
10001b5c:	429a      	cmp	r2, r3
10001b5e:	d209      	bcs.n	10001b74 <watchdog_reboot+0x70>
10001b60:	0013      	movs	r3, r2
10001b62:	490d      	ldr	r1, [pc, #52]	@ (10001b98 <watchdog_reboot+0x94>)
10001b64:	600b      	str	r3, [r1, #0]
10001b66:	4b07      	ldr	r3, [pc, #28]	@ (10001b84 <watchdog_reboot+0x80>)
10001b68:	605a      	str	r2, [r3, #4]
10001b6a:	2280      	movs	r2, #128	@ 0x80
10001b6c:	4b09      	ldr	r3, [pc, #36]	@ (10001b94 <watchdog_reboot+0x90>)
10001b6e:	05d2      	lsls	r2, r2, #23
10001b70:	601a      	str	r2, [r3, #0]
10001b72:	e7e8      	b.n	10001b46 <watchdog_reboot+0x42>
10001b74:	4b09      	ldr	r3, [pc, #36]	@ (10001b9c <watchdog_reboot+0x98>)
10001b76:	001a      	movs	r2, r3
10001b78:	e7f3      	b.n	10001b62 <watchdog_reboot+0x5e>
10001b7a:	46c0      	nop			@ (mov r8, r8)
10001b7c:	4005b000 	.word	0x4005b000
10001b80:	b007c0d3 	.word	0xb007c0d3
10001b84:	40058000 	.word	0x40058000
10001b88:	4ff83f2d 	.word	0x4ff83f2d
10001b8c:	0001fffc 	.word	0x0001fffc
10001b90:	40012008 	.word	0x40012008
10001b94:	4005a000 	.word	0x4005a000
10001b98:	20001cc8 	.word	0x20001cc8
10001b9c:	00ffffff 	.word	0x00ffffff

10001ba0 <tick_start>:
10001ba0:	2380      	movs	r3, #128	@ 0x80
10001ba2:	4a02      	ldr	r2, [pc, #8]	@ (10001bac <tick_start+0xc>)
10001ba4:	009b      	lsls	r3, r3, #2
10001ba6:	430b      	orrs	r3, r1
10001ba8:	62d3      	str	r3, [r2, #44]	@ 0x2c
10001baa:	4770      	bx	lr
10001bac:	40058000 	.word	0x40058000

10001bb0 <rom_func_lookup>:
10001bb0:	2300      	movs	r3, #0
10001bb2:	b510      	push	{r4, lr}
10001bb4:	0001      	movs	r1, r0
10001bb6:	8a98      	ldrh	r0, [r3, #20]
10001bb8:	8b1b      	ldrh	r3, [r3, #24]
10001bba:	4798      	blx	r3
10001bbc:	bd10      	pop	{r4, pc}
10001bbe:	46c0      	nop			@ (mov r8, r8)

10001bc0 <rom_data_lookup>:
10001bc0:	2316      	movs	r3, #22
10001bc2:	b510      	push	{r4, lr}
10001bc4:	0001      	movs	r1, r0
10001bc6:	8818      	ldrh	r0, [r3, #0]
10001bc8:	885b      	ldrh	r3, [r3, #2]
10001bca:	4798      	blx	r3
10001bcc:	bd10      	pop	{r4, pc}
10001bce:	46c0      	nop			@ (mov r8, r8)

10001bd0 <rom_funcs_lookup>:
10001bd0:	b5f8      	push	{r3, r4, r5, r6, r7, lr}
10001bd2:	4647      	mov	r7, r8
10001bd4:	46ce      	mov	lr, r9
10001bd6:	b580      	push	{r7, lr}
10001bd8:	1e0f      	subs	r7, r1, #0
10001bda:	d018      	beq.n	10001c0e <rom_funcs_lookup+0x3e>
10001bdc:	2314      	movs	r3, #20
10001bde:	4699      	mov	r9, r3
10001be0:	3304      	adds	r3, #4
10001be2:	0004      	movs	r4, r0
10001be4:	2500      	movs	r5, #0
10001be6:	2601      	movs	r6, #1
10001be8:	4698      	mov	r8, r3
10001bea:	464b      	mov	r3, r9
10001bec:	8818      	ldrh	r0, [r3, #0]
10001bee:	4643      	mov	r3, r8
10001bf0:	6821      	ldr	r1, [r4, #0]
10001bf2:	881b      	ldrh	r3, [r3, #0]
10001bf4:	4798      	blx	r3
10001bf6:	c401      	stmia	r4!, {r0}
10001bf8:	1e43      	subs	r3, r0, #1
10001bfa:	4198      	sbcs	r0, r3
10001bfc:	3501      	adds	r5, #1
10001bfe:	4006      	ands	r6, r0
10001c00:	42af      	cmp	r7, r5
10001c02:	d1f2      	bne.n	10001bea <rom_funcs_lookup+0x1a>
10001c04:	0030      	movs	r0, r6
10001c06:	bcc0      	pop	{r6, r7}
10001c08:	46b9      	mov	r9, r7
10001c0a:	46b0      	mov	r8, r6
10001c0c:	bdf8      	pop	{r3, r4, r5, r6, r7, pc}
10001c0e:	2601      	movs	r6, #1
10001c10:	e7f8      	b.n	10001c04 <rom_funcs_lookup+0x34>
10001c12:	46c0      	nop			@ (mov r8, r8)

10001c14 <rom_reset_usb_boot_extra>:
10001c14:	2300      	movs	r3, #0
10001c16:	b570      	push	{r4, r5, r6, lr}
10001c18:	0004      	movs	r4, r0
10001c1a:	000d      	movs	r5, r1
10001c1c:	8a98      	ldrh	r0, [r3, #20]
10001c1e:	4905      	ldr	r1, [pc, #20]	@ (10001c34 <rom_reset_usb_boot_extra+0x20>)
10001c20:	8b1b      	ldrh	r3, [r3, #24]
10001c22:	4798      	blx	r3
10001c24:	0003      	movs	r3, r0
10001c26:	2000      	movs	r0, #0
10001c28:	2c00      	cmp	r4, #0
10001c2a:	db01      	blt.n	10001c30 <rom_reset_usb_boot_extra+0x1c>
10001c2c:	3001      	adds	r0, #1
10001c2e:	40a0      	lsls	r0, r4
10001c30:	0029      	movs	r1, r5
10001c32:	4798      	blx	r3
10001c34:	00004255 	.word	0x00004255

10001c38 <xosc_init>:
10001c38:	23aa      	movs	r3, #170	@ 0xaa
10001c3a:	4a06      	ldr	r2, [pc, #24]	@ (10001c54 <xosc_init+0x1c>)
10001c3c:	011b      	lsls	r3, r3, #4
10001c3e:	6013      	str	r3, [r2, #0]
10001c40:	238d      	movs	r3, #141	@ 0x8d
10001c42:	005b      	lsls	r3, r3, #1
10001c44:	60d3      	str	r3, [r2, #12]
10001c46:	4904      	ldr	r1, [pc, #16]	@ (10001c58 <xosc_init+0x20>)
10001c48:	4b04      	ldr	r3, [pc, #16]	@ (10001c5c <xosc_init+0x24>)
10001c4a:	6019      	str	r1, [r3, #0]
10001c4c:	6853      	ldr	r3, [r2, #4]
10001c4e:	2b00      	cmp	r3, #0
10001c50:	dafc      	bge.n	10001c4c <xosc_init+0x14>
10001c52:	4770      	bx	lr
10001c54:	40024000 	.word	0x40024000
10001c58:	00fab000 	.word	0x00fab000
10001c5c:	40026000 	.word	0x40026000

10001c60 <first_per_core_initializer>:
10001c60:	4770      	bx	lr
10001c62:	46c0      	nop			@ (mov r8, r8)

10001c64 <hard_assertion_failure>:
10001c64:	b510      	push	{r4, lr}
10001c66:	4801      	ldr	r0, [pc, #4]	@ (10001c6c <hard_assertion_failure+0x8>)
10001c68:	f7fe fe9c 	bl	100009a4 <panic>
10001c6c:	10007094 	.word	0x10007094

10001c70 <runtime_run_initializers>:
10001c70:	b570      	push	{r4, r5, r6, lr}
10001c72:	4d07      	ldr	r5, [pc, #28]	@ (10001c90 <runtime_run_initializers+0x20>)
10001c74:	4e07      	ldr	r6, [pc, #28]	@ (10001c94 <runtime_run_initializers+0x24>)
10001c76:	42b5      	cmp	r5, r6
10001c78:	d209      	bcs.n	10001c8e <runtime_run_initializers+0x1e>
10001c7a:	2400      	movs	r4, #0
10001c7c:	3e01      	subs	r6, #1
10001c7e:	1b76      	subs	r6, r6, r5
10001c80:	08b6      	lsrs	r6, r6, #2
10001c82:	3601      	adds	r6, #1
10001c84:	cd08      	ldmia	r5!, {r3}
10001c86:	3401      	adds	r4, #1
10001c88:	4798      	blx	r3
10001c8a:	42b4      	cmp	r4, r6
10001c8c:	d1fa      	bne.n	10001c84 <runtime_run_initializers+0x14>
10001c8e:	bd70      	pop	{r4, r5, r6, pc}
10001c90:	10006f10 	.word	0x10006f10
10001c94:	10006f4c 	.word	0x10006f4c

10001c98 <runtime_init_early_resets>:
10001c98:	4b05      	ldr	r3, [pc, #20]	@ (10001cb0 <runtime_init_early_resets+0x18>)
10001c9a:	4a06      	ldr	r2, [pc, #24]	@ (10001cb4 <runtime_init_early_resets+0x1c>)
10001c9c:	4906      	ldr	r1, [pc, #24]	@ (10001cb8 <runtime_init_early_resets+0x20>)
10001c9e:	601a      	str	r2, [r3, #0]
10001ca0:	4a06      	ldr	r2, [pc, #24]	@ (10001cbc <runtime_init_early_resets+0x24>)
10001ca2:	4b07      	ldr	r3, [pc, #28]	@ (10001cc0 <runtime_init_early_resets+0x28>)
10001ca4:	601a      	str	r2, [r3, #0]
10001ca6:	0010      	movs	r0, r2
10001ca8:	680b      	ldr	r3, [r1, #0]
10001caa:	4398      	bics	r0, r3
10001cac:	d1fb      	bne.n	10001ca6 <runtime_init_early_resets+0xe>
10001cae:	4770      	bx	lr
10001cb0:	4000e000 	.word	0x4000e000
10001cb4:	fefbcdbf 	.word	0xfefbcdbf
10001cb8:	4000c008 	.word	0x4000c008
10001cbc:	003c7ffe 	.word	0x003c7ffe
10001cc0:	4000f000 	.word	0x4000f000

10001cc4 <runtime_init_usb_power_down>:
10001cc4:	4b04      	ldr	r3, [pc, #16]	@ (10001cd8 <runtime_init_usb_power_down+0x14>)
10001cc6:	6cdb      	ldr	r3, [r3, #76]	@ 0x4c
10001cc8:	2b00      	cmp	r3, #0
10001cca:	d103      	bne.n	10001cd4 <runtime_init_usb_power_down+0x10>
10001ccc:	2280      	movs	r2, #128	@ 0x80
10001cce:	4b03      	ldr	r3, [pc, #12]	@ (10001cdc <runtime_init_usb_power_down+0x18>)
10001cd0:	02d2      	lsls	r2, r2, #11
10001cd2:	601a      	str	r2, [r3, #0]
10001cd4:	4770      	bx	lr
10001cd6:	46c0      	nop			@ (mov r8, r8)
10001cd8:	50110000 	.word	0x50110000
10001cdc:	5011204c 	.word	0x5011204c

10001ce0 <runtime_init_post_clock_resets>:
10001ce0:	4a04      	ldr	r2, [pc, #16]	@ (10001cf4 <runtime_init_post_clock_resets+0x14>)
10001ce2:	4b05      	ldr	r3, [pc, #20]	@ (10001cf8 <runtime_init_post_clock_resets+0x18>)
10001ce4:	601a      	str	r2, [r3, #0]
10001ce6:	4a05      	ldr	r2, [pc, #20]	@ (10001cfc <runtime_init_post_clock_resets+0x1c>)
10001ce8:	6813      	ldr	r3, [r2, #0]
10001cea:	01db      	lsls	r3, r3, #7
10001cec:	3380      	adds	r3, #128	@ 0x80
10001cee:	d1fb      	bne.n	10001ce8 <runtime_init_post_clock_resets+0x8>
10001cf0:	4770      	bx	lr
10001cf2:	46c0      	nop			@ (mov r8, r8)
10001cf4:	01ffffff 	.word	0x01ffffff
10001cf8:	4000f000 	.word	0x4000f000
10001cfc:	4000c008 	.word	0x4000c008

10001d00 <runtime_init_rp2040_gpio_ie_disable>:
10001d00:	2240      	movs	r2, #64	@ 0x40
10001d02:	4b03      	ldr	r3, [pc, #12]	@ (10001d10 <runtime_init_rp2040_gpio_ie_disable+0x10>)
10001d04:	679a      	str	r2, [r3, #120]	@ 0x78
10001d06:	675a      	str	r2, [r3, #116]	@ 0x74
10001d08:	671a      	str	r2, [r3, #112]	@ 0x70
10001d0a:	66da      	str	r2, [r3, #108]	@ 0x6c
10001d0c:	4770      	bx	lr
10001d0e:	46c0      	nop			@ (mov r8, r8)
10001d10:	4001f000 	.word	0x4001f000

10001d14 <runtime_init_spin_locks_reset>:
10001d14:	b510      	push	{r4, lr}
10001d16:	f7fe fefb 	bl	10000b10 <spin_locks_reset>
10001d1a:	bd10      	pop	{r4, pc}

10001d1c <runtime_init_install_ram_vector_table>:
10001d1c:	b570      	push	{r4, r5, r6, lr}
10001d1e:	4927      	ldr	r1, [pc, #156]	@ (10001dbc <runtime_init_install_ram_vector_table+0xa0>)
10001d20:	4e27      	ldr	r6, [pc, #156]	@ (10001dc0 <runtime_init_install_ram_vector_table+0xa4>)
10001d22:	4d28      	ldr	r5, [pc, #160]	@ (10001dc4 <runtime_init_install_ram_vector_table+0xa8>)
10001d24:	1a76      	subs	r6, r6, r1
10001d26:	08b4      	lsrs	r4, r6, #2
10001d28:	0022      	movs	r2, r4
10001d2a:	2c30      	cmp	r4, #48	@ 0x30
10001d2c:	d900      	bls.n	10001d30 <runtime_init_install_ram_vector_table+0x14>
10001d2e:	2230      	movs	r2, #48	@ 0x30
10001d30:	0028      	movs	r0, r5
10001d32:	0092      	lsls	r2, r2, #2
10001d34:	f000 ff7e 	bl	10002c34 <__wrap___aeabi_memcpy>
10001d38:	2c2f      	cmp	r4, #47	@ 0x2f
10001d3a:	d83b      	bhi.n	10001db4 <runtime_init_install_ram_vector_table+0x98>
10001d3c:	0023      	movs	r3, r4
10001d3e:	3b2a      	subs	r3, #42	@ 0x2a
10001d40:	4a21      	ldr	r2, [pc, #132]	@ (10001dc8 <runtime_init_install_ram_vector_table+0xac>)
10001d42:	2b05      	cmp	r3, #5
10001d44:	d91b      	bls.n	10001d7e <runtime_init_install_ram_vector_table+0x62>
10001d46:	2030      	movs	r0, #48	@ 0x30
10001d48:	19ae      	adds	r6, r5, r6
10001d4a:	0771      	lsls	r1, r6, #29
10001d4c:	1b00      	subs	r0, r0, r4
10001d4e:	0026      	movs	r6, r4
10001d50:	0fcb      	lsrs	r3, r1, #31
10001d52:	2900      	cmp	r1, #0
10001d54:	da02      	bge.n	10001d5c <runtime_init_install_ram_vector_table+0x40>
10001d56:	00a1      	lsls	r1, r4, #2
10001d58:	506a      	str	r2, [r5, r1]
10001d5a:	1c66      	adds	r6, r4, #1
10001d5c:	1ac0      	subs	r0, r0, r3
10001d5e:	18e3      	adds	r3, r4, r3
10001d60:	009b      	lsls	r3, r3, #2
10001d62:	0841      	lsrs	r1, r0, #1
10001d64:	18eb      	adds	r3, r5, r3
10001d66:	00c9      	lsls	r1, r1, #3
10001d68:	18c9      	adds	r1, r1, r3
10001d6a:	601a      	str	r2, [r3, #0]
10001d6c:	605a      	str	r2, [r3, #4]
10001d6e:	3308      	adds	r3, #8
10001d70:	428b      	cmp	r3, r1
10001d72:	d1fa      	bne.n	10001d6a <runtime_init_install_ram_vector_table+0x4e>
10001d74:	2301      	movs	r3, #1
10001d76:	4203      	tst	r3, r0
10001d78:	d01c      	beq.n	10001db4 <runtime_init_install_ram_vector_table+0x98>
10001d7a:	4398      	bics	r0, r3
10001d7c:	1984      	adds	r4, r0, r6
10001d7e:	00a3      	lsls	r3, r4, #2
10001d80:	50ea      	str	r2, [r5, r3]
10001d82:	1c63      	adds	r3, r4, #1
10001d84:	2c2f      	cmp	r4, #47	@ 0x2f
10001d86:	d015      	beq.n	10001db4 <runtime_init_install_ram_vector_table+0x98>
10001d88:	009b      	lsls	r3, r3, #2
10001d8a:	50ea      	str	r2, [r5, r3]
10001d8c:	1ca3      	adds	r3, r4, #2
10001d8e:	2c2e      	cmp	r4, #46	@ 0x2e
10001d90:	d010      	beq.n	10001db4 <runtime_init_install_ram_vector_table+0x98>
10001d92:	009b      	lsls	r3, r3, #2
10001d94:	50ea      	str	r2, [r5, r3]
10001d96:	1ce3      	adds	r3, r4, #3
10001d98:	2c2d      	cmp	r4, #45	@ 0x2d
10001d9a:	d00b      	beq.n	10001db4 <runtime_init_install_ram_vector_table+0x98>
10001d9c:	009b      	lsls	r3, r3, #2
10001d9e:	50ea      	str	r2, [r5, r3]
10001da0:	1d23      	adds	r3, r4, #4
10001da2:	2c2c      	cmp	r4, #44	@ 0x2c
10001da4:	d006      	beq.n	10001db4 <runtime_init_install_ram_vector_table+0x98>
10001da6:	009b      	lsls	r3, r3, #2
10001da8:	50ea      	str	r2, [r5, r3]
10001daa:	1d63      	adds	r3, r4, #5
10001dac:	2c2b      	cmp	r4, #43	@ 0x2b
10001dae:	d001      	beq.n	10001db4 <runtime_init_install_ram_vector_table+0x98>
10001db0:	009b      	lsls	r3, r3, #2
10001db2:	50ea      	str	r2, [r5, r3]
10001db4:	4b05      	ldr	r3, [pc, #20]	@ (10001dcc <runtime_init_install_ram_vector_table+0xb0>)
10001db6:	609d      	str	r5, [r3, #8]
10001db8:	bd70      	pop	{r4, r5, r6, pc}
10001dba:	46c0      	nop			@ (mov r8, r8)
10001dbc:	10000100 	.word	0x10000100
10001dc0:	100001c0 	.word	0x100001c0
10001dc4:	20000000 	.word	0x20000000
10001dc8:	100001c1 	.word	0x100001c1
10001dcc:	e000ed00 	.word	0xe000ed00

10001dd0 <runtime_init_clocks>:
10001dd0:	2300      	movs	r3, #0
10001dd2:	b510      	push	{r4, lr}
10001dd4:	4c29      	ldr	r4, [pc, #164]	@ (10001e7c <runtime_init_clocks+0xac>)
10001dd6:	b082      	sub	sp, #8
10001dd8:	67a3      	str	r3, [r4, #120]	@ 0x78
10001dda:	f7ff ff2d 	bl	10001c38 <xosc_init>
10001dde:	2201      	movs	r2, #1
10001de0:	4b27      	ldr	r3, [pc, #156]	@ (10001e80 <runtime_init_clocks+0xb0>)
10001de2:	601a      	str	r2, [r3, #0]
10001de4:	6c63      	ldr	r3, [r4, #68]	@ 0x44
10001de6:	2b01      	cmp	r3, #1
10001de8:	d1fc      	bne.n	10001de4 <runtime_init_clocks+0x14>
10001dea:	2203      	movs	r2, #3
10001dec:	4b25      	ldr	r3, [pc, #148]	@ (10001e84 <runtime_init_clocks+0xb4>)
10001dee:	601a      	str	r2, [r3, #0]
10001df0:	4a22      	ldr	r2, [pc, #136]	@ (10001e7c <runtime_init_clocks+0xac>)
10001df2:	6b93      	ldr	r3, [r2, #56]	@ 0x38
10001df4:	2b01      	cmp	r3, #1
10001df6:	d1fc      	bne.n	10001df2 <runtime_init_clocks+0x22>
10001df8:	3301      	adds	r3, #1
10001dfa:	9300      	str	r3, [sp, #0]
10001dfc:	2101      	movs	r1, #1
10001dfe:	4a22      	ldr	r2, [pc, #136]	@ (10001e88 <runtime_init_clocks+0xb8>)
10001e00:	4822      	ldr	r0, [pc, #136]	@ (10001e8c <runtime_init_clocks+0xbc>)
10001e02:	3304      	adds	r3, #4
10001e04:	f7ff fe26 	bl	10001a54 <pll_init>
10001e08:	2305      	movs	r3, #5
10001e0a:	2101      	movs	r1, #1
10001e0c:	9300      	str	r3, [sp, #0]
10001e0e:	4a20      	ldr	r2, [pc, #128]	@ (10001e90 <runtime_init_clocks+0xc0>)
10001e10:	4820      	ldr	r0, [pc, #128]	@ (10001e94 <runtime_init_clocks+0xc4>)
10001e12:	f7ff fe1f 	bl	10001a54 <pll_init>
10001e16:	2200      	movs	r2, #0
10001e18:	2102      	movs	r1, #2
10001e1a:	2004      	movs	r0, #4
10001e1c:	4b1e      	ldr	r3, [pc, #120]	@ (10001e98 <runtime_init_clocks+0xc8>)
10001e1e:	f7ff fda3 	bl	10001968 <clock_configure_undivided>
10001e22:	2200      	movs	r2, #0
10001e24:	2101      	movs	r1, #1
10001e26:	2005      	movs	r0, #5
10001e28:	4b1c      	ldr	r3, [pc, #112]	@ (10001e9c <runtime_init_clocks+0xcc>)
10001e2a:	f7ff fd9d 	bl	10001968 <clock_configure_undivided>
10001e2e:	2200      	movs	r2, #0
10001e30:	2100      	movs	r1, #0
10001e32:	2007      	movs	r0, #7
10001e34:	4b1a      	ldr	r3, [pc, #104]	@ (10001ea0 <runtime_init_clocks+0xd0>)
10001e36:	f7ff fd97 	bl	10001968 <clock_configure_undivided>
10001e3a:	2200      	movs	r2, #0
10001e3c:	2100      	movs	r1, #0
10001e3e:	2008      	movs	r0, #8
10001e40:	4b17      	ldr	r3, [pc, #92]	@ (10001ea0 <runtime_init_clocks+0xd0>)
10001e42:	f7ff fd91 	bl	10001968 <clock_configure_undivided>
10001e46:	2380      	movs	r3, #128	@ 0x80
10001e48:	00db      	lsls	r3, r3, #3
10001e4a:	9300      	str	r3, [sp, #0]
10001e4c:	2200      	movs	r2, #0
10001e4e:	2100      	movs	r1, #0
10001e50:	2009      	movs	r0, #9
10001e52:	4b13      	ldr	r3, [pc, #76]	@ (10001ea0 <runtime_init_clocks+0xd0>)
10001e54:	f7ff fd12 	bl	1000187c <clock_configure_int_divider>
10001e58:	2200      	movs	r2, #0
10001e5a:	4b10      	ldr	r3, [pc, #64]	@ (10001e9c <runtime_init_clocks+0xcc>)
10001e5c:	2100      	movs	r1, #0
10001e5e:	2006      	movs	r0, #6
10001e60:	f7ff fd82 	bl	10001968 <clock_configure_undivided>
10001e64:	2004      	movs	r0, #4
10001e66:	f7ff fdef 	bl	10001a48 <clock_get_hz>
10001e6a:	490e      	ldr	r1, [pc, #56]	@ (10001ea4 <runtime_init_clocks+0xd4>)
10001e6c:	f000 f84c 	bl	10001f08 <__wrap___aeabi_uidiv>
10001e70:	0001      	movs	r1, r0
10001e72:	2000      	movs	r0, #0
10001e74:	f7ff fe94 	bl	10001ba0 <tick_start>
10001e78:	b002      	add	sp, #8
10001e7a:	bd10      	pop	{r4, pc}
10001e7c:	40008000 	.word	0x40008000
10001e80:	4000b03c 	.word	0x4000b03c
10001e84:	4000b030 	.word	0x4000b030
10001e88:	59682f00 	.word	0x59682f00
10001e8c:	40028000 	.word	0x40028000
10001e90:	47868c00 	.word	0x47868c00
10001e94:	4002c000 	.word	0x4002c000
10001e98:	00b71b00 	.word	0x00b71b00
10001e9c:	07735940 	.word	0x07735940
10001ea0:	02dc6c00 	.word	0x02dc6c00
10001ea4:	000f4240 	.word	0x000f4240

10001ea8 <__aeabi_bits_init>:
10001ea8:	4801      	ldr	r0, [pc, #4]	@ (10001eb0 <__aeabi_bits_init+0x8>)
10001eaa:	2104      	movs	r1, #4
10001eac:	4b01      	ldr	r3, [pc, #4]	@ (10001eb4 <__aeabi_bits_init+0xc>)
10001eae:	4718      	bx	r3
10001eb0:	20000fd0 	.word	0x20000fd0
10001eb4:	10001bd1 	.word	0x10001bd1

10001eb8 <__wrap___aeabi_idiv>:
10001eb8:	4a12      	ldr	r2, [pc, #72]	@ (10001f04 <divmod_s32s32_savestate+0x18>)
10001eba:	6f93      	ldr	r3, [r2, #120]	@ 0x78
10001ebc:	089b      	lsrs	r3, r3, #2
10001ebe:	d215      	bcs.n	10001eec <divmod_s32s32_savestate>

10001ec0 <divmod_s32s32_core>:
10001ec0:	6690      	str	r0, [r2, #104]	@ 0x68
10001ec2:	66d1      	str	r1, [r2, #108]	@ 0x6c
10001ec4:	2900      	cmp	r1, #0
10001ec6:	d005      	beq.n	10001ed4 <divmod_s32s32_core+0x14>
10001ec8:	e7ff      	b.n	10001eca <divmod_s32s32_core+0xa>
10001eca:	e7ff      	b.n	10001ecc <divmod_s32s32_core+0xc>
10001ecc:	e7ff      	b.n	10001ece <divmod_s32s32_core+0xe>
10001ece:	6f51      	ldr	r1, [r2, #116]	@ 0x74
10001ed0:	6f10      	ldr	r0, [r2, #112]	@ 0x70
10001ed2:	4770      	bx	lr
10001ed4:	b504      	push	{r2, lr}
10001ed6:	2180      	movs	r1, #128	@ 0x80
10001ed8:	0609      	lsls	r1, r1, #24
10001eda:	17c2      	asrs	r2, r0, #31
10001edc:	4051      	eors	r1, r2
10001ede:	2800      	cmp	r0, #0
10001ee0:	d000      	beq.n	10001ee4 <divmod_s32s32_core+0x24>
10001ee2:	43c8      	mvns	r0, r1
10001ee4:	f004 ffcc 	bl	10006e80 <____aeabi_idiv0_veneer>
10001ee8:	2100      	movs	r1, #0
10001eea:	bd04      	pop	{r2, pc}

10001eec <divmod_s32s32_savestate>:
10001eec:	b5f0      	push	{r4, r5, r6, r7, lr}
10001eee:	6e14      	ldr	r4, [r2, #96]	@ 0x60
10001ef0:	6e55      	ldr	r5, [r2, #100]	@ 0x64
10001ef2:	6f57      	ldr	r7, [r2, #116]	@ 0x74
10001ef4:	6f16      	ldr	r6, [r2, #112]	@ 0x70
10001ef6:	f7ff ffe3 	bl	10001ec0 <divmod_s32s32_core>
10001efa:	6614      	str	r4, [r2, #96]	@ 0x60
10001efc:	6655      	str	r5, [r2, #100]	@ 0x64
10001efe:	6757      	str	r7, [r2, #116]	@ 0x74
10001f00:	6716      	str	r6, [r2, #112]	@ 0x70
10001f02:	bdf0      	pop	{r4, r5, r6, r7, pc}
10001f04:	d0000000 	.word	0xd0000000

10001f08 <__wrap___aeabi_uidiv>:
10001f08:	4a11      	ldr	r2, [pc, #68]	@ (10001f50 <divmod_u32u32_savestate+0x18>)
10001f0a:	6f93      	ldr	r3, [r2, #120]	@ 0x78
10001f0c:	089b      	lsrs	r3, r3, #2
10001f0e:	d213      	bcs.n	10001f38 <divmod_u32u32_savestate>

10001f10 <divmod_u32u32_core>:
10001f10:	6610      	str	r0, [r2, #96]	@ 0x60
10001f12:	6651      	str	r1, [r2, #100]	@ 0x64
10001f14:	2900      	cmp	r1, #0
10001f16:	d005      	beq.n	10001f24 <divmod_u32u32_core+0x14>
10001f18:	e7ff      	b.n	10001f1a <divmod_u32u32_core+0xa>
10001f1a:	e7ff      	b.n	10001f1c <divmod_u32u32_core+0xc>
10001f1c:	e7ff      	b.n	10001f1e <divmod_u32u32_core+0xe>
10001f1e:	6f51      	ldr	r1, [r2, #116]	@ 0x74
10001f20:	6f10      	ldr	r0, [r2, #112]	@ 0x70
10001f22:	4770      	bx	lr
10001f24:	b504      	push	{r2, lr}
10001f26:	2800      	cmp	r0, #0
10001f28:	d001      	beq.n	10001f2e <divmod_u32u32_core+0x1e>
10001f2a:	2000      	movs	r0, #0
10001f2c:	43c0      	mvns	r0, r0
10001f2e:	f004 ffa7 	bl	10006e80 <____aeabi_idiv0_veneer>
10001f32:	2100      	movs	r1, #0
10001f34:	bd04      	pop	{r2, pc}
10001f36:	46c0      	nop			@ (mov r8, r8)

10001f38 <divmod_u32u32_savestate>:
10001f38:	b5f0      	push	{r4, r5, r6, r7, lr}
10001f3a:	6e14      	ldr	r4, [r2, #96]	@ 0x60
10001f3c:	6e55      	ldr	r5, [r2, #100]	@ 0x64
10001f3e:	6f57      	ldr	r7, [r2, #116]	@ 0x74
10001f40:	6f16      	ldr	r6, [r2, #112]	@ 0x70
10001f42:	f7ff ffe5 	bl	10001f10 <divmod_u32u32_core>
10001f46:	6614      	str	r4, [r2, #96]	@ 0x60
10001f48:	6655      	str	r5, [r2, #100]	@ 0x64
10001f4a:	6757      	str	r7, [r2, #116]	@ 0x74
10001f4c:	6716      	str	r6, [r2, #112]	@ 0x70
10001f4e:	bdf0      	pop	{r4, r5, r6, r7, pc}
10001f50:	d0000000 	.word	0xd0000000

10001f54 <__wrap___aeabi_ldivmod>:
10001f54:	4694      	mov	ip, r2
10001f56:	4a4a      	ldr	r2, [pc, #296]	@ (10002080 <udiv0+0x1a>)
10001f58:	6f92      	ldr	r2, [r2, #120]	@ 0x78
10001f5a:	0892      	lsrs	r2, r2, #2
10001f5c:	4662      	mov	r2, ip
10001f5e:	d201      	bcs.n	10001f64 <divmod_s64s64_savestate>
10001f60:	e028      	b.n	10001fb4 <divmod_s64s64_unsafe>
10001f62:	46c0      	nop			@ (mov r8, r8)

10001f64 <divmod_s64s64_savestate>:
10001f64:	b5f0      	push	{r4, r5, r6, r7, lr}
10001f66:	4e46      	ldr	r6, [pc, #280]	@ (10002080 <udiv0+0x1a>)
10001f68:	6e34      	ldr	r4, [r6, #96]	@ 0x60
10001f6a:	6e75      	ldr	r5, [r6, #100]	@ 0x64
10001f6c:	6f77      	ldr	r7, [r6, #116]	@ 0x74
10001f6e:	6f36      	ldr	r6, [r6, #112]	@ 0x70
10001f70:	f000 f820 	bl	10001fb4 <divmod_s64s64_unsafe>
10001f74:	4694      	mov	ip, r2
10001f76:	4a42      	ldr	r2, [pc, #264]	@ (10002080 <udiv0+0x1a>)
10001f78:	6614      	str	r4, [r2, #96]	@ 0x60
10001f7a:	6655      	str	r5, [r2, #100]	@ 0x64
10001f7c:	6757      	str	r7, [r2, #116]	@ 0x74
10001f7e:	6716      	str	r6, [r2, #112]	@ 0x70
10001f80:	4662      	mov	r2, ip
10001f82:	bdf0      	pop	{r4, r5, r6, r7, pc}

10001f84 <__wrap___aeabi_uldivmod>:
10001f84:	4694      	mov	ip, r2
10001f86:	4a3e      	ldr	r2, [pc, #248]	@ (10002080 <udiv0+0x1a>)
10001f88:	6f92      	ldr	r2, [r2, #120]	@ 0x78
10001f8a:	0892      	lsrs	r2, r2, #2
10001f8c:	4662      	mov	r2, ip
10001f8e:	d201      	bcs.n	10001f94 <divmod_u64u64_savestate>
10001f90:	e054      	b.n	1000203c <divmod_u64u64_unsafe>
10001f92:	46c0      	nop			@ (mov r8, r8)

10001f94 <divmod_u64u64_savestate>:
10001f94:	b5f0      	push	{r4, r5, r6, r7, lr}
10001f96:	4e3a      	ldr	r6, [pc, #232]	@ (10002080 <udiv0+0x1a>)
10001f98:	6e34      	ldr	r4, [r6, #96]	@ 0x60
10001f9a:	6e75      	ldr	r5, [r6, #100]	@ 0x64
10001f9c:	6f77      	ldr	r7, [r6, #116]	@ 0x74
10001f9e:	6f36      	ldr	r6, [r6, #112]	@ 0x70
10001fa0:	f000 f84c 	bl	1000203c <divmod_u64u64_unsafe>
10001fa4:	4694      	mov	ip, r2
10001fa6:	4a36      	ldr	r2, [pc, #216]	@ (10002080 <udiv0+0x1a>)
10001fa8:	6614      	str	r4, [r2, #96]	@ 0x60
10001faa:	6655      	str	r5, [r2, #100]	@ 0x64
10001fac:	6757      	str	r7, [r2, #116]	@ 0x74
10001fae:	6716      	str	r6, [r2, #112]	@ 0x70
10001fb0:	4662      	mov	r2, ip
10001fb2:	bdf0      	pop	{r4, r5, r6, r7, pc}

10001fb4 <divmod_s64s64_unsafe>:
10001fb4:	2b00      	cmp	r3, #0
10001fb6:	db24      	blt.n	10002002 <l46_1+0x26>
10001fb8:	d011      	beq.n	10001fde <l46_1+0x2>
10001fba:	2900      	cmp	r1, #0
10001fbc:	da3e      	bge.n	1000203c <divmod_u64u64_unsafe>
10001fbe:	b500      	push	{lr}
10001fc0:	43c9      	mvns	r1, r1
10001fc2:	4240      	negs	r0, r0
10001fc4:	d100      	bne.n	10001fc8 <l44_1>
10001fc6:	3101      	adds	r1, #1

10001fc8 <l44_1>:
10001fc8:	f000 f838 	bl	1000203c <divmod_u64u64_unsafe>
10001fcc:	43c9      	mvns	r1, r1
10001fce:	4240      	negs	r0, r0
10001fd0:	d100      	bne.n	10001fd4 <l45_1>
10001fd2:	3101      	adds	r1, #1

10001fd4 <l45_1>:
10001fd4:	43db      	mvns	r3, r3
10001fd6:	4252      	negs	r2, r2
10001fd8:	d100      	bne.n	10001fdc <l46_1>
10001fda:	3301      	adds	r3, #1

10001fdc <l46_1>:
10001fdc:	bd00      	pop	{pc}
10001fde:	2a00      	cmp	r2, #0
10001fe0:	d1eb      	bne.n	10001fba <divmod_s64s64_unsafe+0x6>
10001fe2:	2800      	cmp	r0, #0
10001fe4:	d101      	bne.n	10001fea <l46_1+0xe>
10001fe6:	2900      	cmp	r1, #0
10001fe8:	d005      	beq.n	10001ff6 <l46_1+0x1a>
10001fea:	2000      	movs	r0, #0
10001fec:	0fc9      	lsrs	r1, r1, #31
10001fee:	07c9      	lsls	r1, r1, #31
10001ff0:	d101      	bne.n	10001ff6 <l46_1+0x1a>
10001ff2:	43c0      	mvns	r0, r0
10001ff4:	0841      	lsrs	r1, r0, #1
10001ff6:	b500      	push	{lr}
10001ff8:	f004 ff2a 	bl	10006e50 <____aeabi_ldiv0_veneer>
10001ffc:	2200      	movs	r2, #0
10001ffe:	2300      	movs	r3, #0
10002000:	bd00      	pop	{pc}
10002002:	b500      	push	{lr}
10002004:	2900      	cmp	r1, #0
10002006:	db0a      	blt.n	1000201e <l48_1+0x2>
10002008:	43db      	mvns	r3, r3
1000200a:	4252      	negs	r2, r2
1000200c:	d100      	bne.n	10002010 <l47_1>
1000200e:	3301      	adds	r3, #1

10002010 <l47_1>:
10002010:	f000 f814 	bl	1000203c <divmod_u64u64_unsafe>
10002014:	43c9      	mvns	r1, r1
10002016:	4240      	negs	r0, r0
10002018:	d100      	bne.n	1000201c <l48_1>
1000201a:	3101      	adds	r1, #1

1000201c <l48_1>:
1000201c:	bd00      	pop	{pc}
1000201e:	43c9      	mvns	r1, r1
10002020:	4240      	negs	r0, r0
10002022:	d100      	bne.n	10002026 <l49_1>
10002024:	3101      	adds	r1, #1

10002026 <l49_1>:
10002026:	43db      	mvns	r3, r3
10002028:	4252      	negs	r2, r2
1000202a:	d100      	bne.n	1000202e <l50_1>
1000202c:	3301      	adds	r3, #1

1000202e <l50_1>:
1000202e:	f000 f805 	bl	1000203c <divmod_u64u64_unsafe>
10002032:	43db      	mvns	r3, r3
10002034:	4252      	negs	r2, r2
10002036:	d100      	bne.n	1000203a <l51_1>
10002038:	3301      	adds	r3, #1

1000203a <l51_1>:
1000203a:	bd00      	pop	{pc}

1000203c <divmod_u64u64_unsafe>:
1000203c:	2900      	cmp	r1, #0
1000203e:	d123      	bne.n	10002088 <y64>
10002040:	2b00      	cmp	r3, #0
10002042:	d118      	bne.n	10002076 <udiv0+0x10>
10002044:	2a00      	cmp	r2, #0
10002046:	d00c      	beq.n	10002062 <divmod_u64u64_unsafe+0x26>
10002048:	46bc      	mov	ip, r7
1000204a:	4f0d      	ldr	r7, [pc, #52]	@ (10002080 <udiv0+0x1a>)
1000204c:	6638      	str	r0, [r7, #96]	@ 0x60
1000204e:	667a      	str	r2, [r7, #100]	@ 0x64
10002050:	2100      	movs	r1, #0
10002052:	2300      	movs	r3, #0
10002054:	e7ff      	b.n	10002056 <divmod_u64u64_unsafe+0x1a>
10002056:	e7ff      	b.n	10002058 <divmod_u64u64_unsafe+0x1c>
10002058:	e7ff      	b.n	1000205a <divmod_u64u64_unsafe+0x1e>
1000205a:	6f7a      	ldr	r2, [r7, #116]	@ 0x74
1000205c:	6f38      	ldr	r0, [r7, #112]	@ 0x70
1000205e:	4667      	mov	r7, ip
10002060:	4770      	bx	lr
10002062:	2800      	cmp	r0, #0
10002064:	d001      	beq.n	1000206a <udiv0+0x4>

10002066 <udiv0>:
10002066:	4807      	ldr	r0, [pc, #28]	@ (10002084 <udiv0+0x1e>)
10002068:	0001      	movs	r1, r0
1000206a:	b500      	push	{lr}
1000206c:	f004 fef0 	bl	10006e50 <____aeabi_ldiv0_veneer>
10002070:	2200      	movs	r2, #0
10002072:	2300      	movs	r3, #0
10002074:	bd00      	pop	{pc}
10002076:	0002      	movs	r2, r0
10002078:	000b      	movs	r3, r1
1000207a:	2000      	movs	r0, #0
1000207c:	2100      	movs	r1, #0
1000207e:	4770      	bx	lr
10002080:	d0000000 	.word	0xd0000000
10002084:	ffffffff 	.word	0xffffffff

10002088 <y64>:
10002088:	2b00      	cmp	r3, #0
1000208a:	d000      	beq.n	1000208e <y64+0x6>
1000208c:	e0bf      	b.n	1000220e <y64_x48>
1000208e:	0c13      	lsrs	r3, r2, #16
10002090:	d128      	bne.n	100020e4 <y64_x32>
10002092:	2a00      	cmp	r2, #0
10002094:	d0e7      	beq.n	10002066 <udiv0>
10002096:	b480      	push	{r7}
10002098:	4f11      	ldr	r7, [pc, #68]	@ (100020e0 <y64+0x58>)
1000209a:	6639      	str	r1, [r7, #96]	@ 0x60
1000209c:	667a      	str	r2, [r7, #100]	@ 0x64
1000209e:	e7ff      	b.n	100020a0 <y64+0x18>
100020a0:	e7ff      	b.n	100020a2 <y64+0x1a>
100020a2:	b430      	push	{r4, r5}
100020a4:	0c04      	lsrs	r4, r0, #16
100020a6:	6f7b      	ldr	r3, [r7, #116]	@ 0x74
100020a8:	6f39      	ldr	r1, [r7, #112]	@ 0x70
100020aa:	041b      	lsls	r3, r3, #16
100020ac:	4323      	orrs	r3, r4
100020ae:	663b      	str	r3, [r7, #96]	@ 0x60
100020b0:	667a      	str	r2, [r7, #100]	@ 0x64
100020b2:	e7ff      	b.n	100020b4 <y64+0x2c>
100020b4:	e7ff      	b.n	100020b6 <y64+0x2e>
100020b6:	e7ff      	b.n	100020b8 <y64+0x30>
100020b8:	46c0      	nop			@ (mov r8, r8)
100020ba:	b284      	uxth	r4, r0
100020bc:	6f7b      	ldr	r3, [r7, #116]	@ 0x74
100020be:	6f3d      	ldr	r5, [r7, #112]	@ 0x70
100020c0:	041b      	lsls	r3, r3, #16
100020c2:	4323      	orrs	r3, r4
100020c4:	663b      	str	r3, [r7, #96]	@ 0x60
100020c6:	667a      	str	r2, [r7, #100]	@ 0x64
100020c8:	e7ff      	b.n	100020ca <y64+0x42>
100020ca:	e7ff      	b.n	100020cc <y64+0x44>
100020cc:	46c0      	nop			@ (mov r8, r8)
100020ce:	2300      	movs	r3, #0
100020d0:	042c      	lsls	r4, r5, #16
100020d2:	0c2d      	lsrs	r5, r5, #16
100020d4:	6f7a      	ldr	r2, [r7, #116]	@ 0x74
100020d6:	6f38      	ldr	r0, [r7, #112]	@ 0x70
100020d8:	1900      	adds	r0, r0, r4
100020da:	4169      	adcs	r1, r5
100020dc:	bcb0      	pop	{r4, r5, r7}
100020de:	4770      	bx	lr
100020e0:	d0000000 	.word	0xd0000000

100020e4 <y64_x32>:
100020e4:	b5f0      	push	{r4, r5, r6, r7, lr}
100020e6:	4694      	mov	ip, r2
100020e8:	2500      	movs	r5, #0
100020ea:	0e14      	lsrs	r4, r2, #24
100020ec:	d101      	bne.n	100020f2 <y64_x32+0xe>
100020ee:	0212      	lsls	r2, r2, #8
100020f0:	3508      	adds	r5, #8
100020f2:	0f14      	lsrs	r4, r2, #28
100020f4:	d101      	bne.n	100020fa <y64_x32+0x16>
100020f6:	0112      	lsls	r2, r2, #4
100020f8:	3504      	adds	r5, #4
100020fa:	0f94      	lsrs	r4, r2, #30
100020fc:	d101      	bne.n	10002102 <y64_x32+0x1e>
100020fe:	0092      	lsls	r2, r2, #2
10002100:	3502      	adds	r5, #2
10002102:	0fd4      	lsrs	r4, r2, #31
10002104:	d101      	bne.n	1000210a <y64_x32+0x26>
10002106:	0052      	lsls	r2, r2, #1
10002108:	3501      	adds	r5, #1
1000210a:	0bd4      	lsrs	r4, r2, #15
1000210c:	3401      	adds	r4, #1
1000210e:	4f25      	ldr	r7, [pc, #148]	@ (100021a4 <y64_x32+0xc0>)
10002110:	667c      	str	r4, [r7, #100]	@ 0x64
10002112:	4c25      	ldr	r4, [pc, #148]	@ (100021a8 <y64_x32+0xc4>)
10002114:	663c      	str	r4, [r7, #96]	@ 0x60
10002116:	0c0e      	lsrs	r6, r1, #16
10002118:	b293      	uxth	r3, r2
1000211a:	e7ff      	b.n	1000211c <y64_x32+0x38>
1000211c:	e7ff      	b.n	1000211e <y64_x32+0x3a>
1000211e:	e7ff      	b.n	10002120 <y64_x32+0x3c>
10002120:	6f3c      	ldr	r4, [r7, #112]	@ 0x70
10002122:	4366      	muls	r6, r4
10002124:	0c36      	lsrs	r6, r6, #16
10002126:	0377      	lsls	r7, r6, #13
10002128:	46be      	mov	lr, r7
1000212a:	4373      	muls	r3, r6
1000212c:	0bdf      	lsrs	r7, r3, #15
1000212e:	045b      	lsls	r3, r3, #17
10002130:	1ac0      	subs	r0, r0, r3
10002132:	41b9      	sbcs	r1, r7
10002134:	0c13      	lsrs	r3, r2, #16
10002136:	4373      	muls	r3, r6
10002138:	18db      	adds	r3, r3, r3
1000213a:	1ac9      	subs	r1, r1, r3
1000213c:	08ce      	lsrs	r6, r1, #3
1000213e:	4366      	muls	r6, r4
10002140:	0c36      	lsrs	r6, r6, #16
10002142:	44b6      	add	lr, r6
10002144:	b293      	uxth	r3, r2
10002146:	4373      	muls	r3, r6
10002148:	0f1f      	lsrs	r7, r3, #28
1000214a:	011b      	lsls	r3, r3, #4
1000214c:	1ac0      	subs	r0, r0, r3
1000214e:	41b9      	sbcs	r1, r7
10002150:	0c13      	lsrs	r3, r2, #16
10002152:	4373      	muls	r3, r6
10002154:	0b1f      	lsrs	r7, r3, #12
10002156:	051b      	lsls	r3, r3, #20
10002158:	1ac0      	subs	r0, r0, r3
1000215a:	41b9      	sbcs	r1, r7
1000215c:	0d86      	lsrs	r6, r0, #22
1000215e:	028f      	lsls	r7, r1, #10
10002160:	433e      	orrs	r6, r7
10002162:	4366      	muls	r6, r4
10002164:	0c36      	lsrs	r6, r6, #16
10002166:	2d09      	cmp	r5, #9
10002168:	db24      	blt.n	100021b4 <last0>
1000216a:	0a52      	lsrs	r2, r2, #9
1000216c:	4372      	muls	r2, r6
1000216e:	1a80      	subs	r0, r0, r2
10002170:	0377      	lsls	r7, r6, #13
10002172:	0a46      	lsrs	r6, r0, #9
10002174:	4366      	muls	r6, r4
10002176:	0c36      	lsrs	r6, r6, #16
10002178:	2316      	movs	r3, #22
1000217a:	1b5b      	subs	r3, r3, r5
1000217c:	40de      	lsrs	r6, r3
1000217e:	40df      	lsrs	r7, r3
10002180:	19bf      	adds	r7, r7, r6
10002182:	4664      	mov	r4, ip
10002184:	4366      	muls	r6, r4
10002186:	1b82      	subs	r2, r0, r6
10002188:	4670      	mov	r0, lr
1000218a:	3504      	adds	r5, #4
1000218c:	3306      	adds	r3, #6
1000218e:	0001      	movs	r1, r0
10002190:	40d9      	lsrs	r1, r3
10002192:	40a8      	lsls	r0, r5
10002194:	19c0      	adds	r0, r0, r7
10002196:	d300      	bcc.n	1000219a <y64_x32+0xb6>
10002198:	3101      	adds	r1, #1
1000219a:	42a2      	cmp	r2, r4
1000219c:	d206      	bcs.n	100021ac <y64_x32+0xc8>
1000219e:	2300      	movs	r3, #0
100021a0:	bdf0      	pop	{r4, r5, r6, r7, pc}
100021a2:	0000      	.short	0x0000
100021a4:	d0000000 	.word	0xd0000000
100021a8:	ffffffff 	.word	0xffffffff
100021ac:	1b12      	subs	r2, r2, r4
100021ae:	3001      	adds	r0, #1
100021b0:	d3f3      	bcc.n	1000219a <y64_x32+0xb6>
100021b2:	e7f1      	b.n	10002198 <y64_x32+0xb4>

100021b4 <last0>:
100021b4:	2709      	movs	r7, #9
100021b6:	1b7f      	subs	r7, r7, r5
100021b8:	40fe      	lsrs	r6, r7
100021ba:	4664      	mov	r4, ip
100021bc:	b2a2      	uxth	r2, r4
100021be:	4372      	muls	r2, r6
100021c0:	1a80      	subs	r0, r0, r2
100021c2:	d200      	bcs.n	100021c6 <last0+0x12>
100021c4:	3901      	subs	r1, #1
100021c6:	0c22      	lsrs	r2, r4, #16
100021c8:	4372      	muls	r2, r6
100021ca:	0c13      	lsrs	r3, r2, #16
100021cc:	0412      	lsls	r2, r2, #16
100021ce:	1a82      	subs	r2, r0, r2
100021d0:	4199      	sbcs	r1, r3
100021d2:	000b      	movs	r3, r1
100021d4:	4670      	mov	r0, lr
100021d6:	3504      	adds	r5, #4
100021d8:	3713      	adds	r7, #19
100021da:	0001      	movs	r1, r0
100021dc:	40f9      	lsrs	r1, r7
100021de:	40a8      	lsls	r0, r5
100021e0:	1980      	adds	r0, r0, r6
100021e2:	d300      	bcc.n	100021e6 <last0+0x32>
100021e4:	3101      	adds	r1, #1
100021e6:	2b00      	cmp	r3, #0
100021e8:	d102      	bne.n	100021f0 <last0+0x3c>
100021ea:	42a2      	cmp	r2, r4
100021ec:	d20a      	bcs.n	10002204 <last0+0x50>
100021ee:	bdf0      	pop	{r4, r5, r6, r7, pc}
100021f0:	3001      	adds	r0, #1
100021f2:	d300      	bcc.n	100021f6 <last0+0x42>
100021f4:	3101      	adds	r1, #1
100021f6:	1b12      	subs	r2, r2, r4
100021f8:	d2fa      	bcs.n	100021f0 <last0+0x3c>
100021fa:	3b01      	subs	r3, #1
100021fc:	d1f8      	bne.n	100021f0 <last0+0x3c>
100021fe:	42a2      	cmp	r2, r4
10002200:	d200      	bcs.n	10002204 <last0+0x50>
10002202:	bdf0      	pop	{r4, r5, r6, r7, pc}
10002204:	3001      	adds	r0, #1
10002206:	d300      	bcc.n	1000220a <last0+0x56>
10002208:	3101      	adds	r1, #1
1000220a:	1b12      	subs	r2, r2, r4
1000220c:	e7f7      	b.n	100021fe <last0+0x4a>

1000220e <y64_x48>:
1000220e:	b5f0      	push	{r4, r5, r6, r7, lr}
10002210:	0c1c      	lsrs	r4, r3, #16
10002212:	d000      	beq.n	10002216 <y64_x48+0x8>
10002214:	e080      	b.n	10002318 <y64_x64>
10002216:	b40c      	push	{r2, r3}
10002218:	2500      	movs	r5, #0
1000221a:	0a1c      	lsrs	r4, r3, #8
1000221c:	d104      	bne.n	10002228 <y64_x48+0x1a>
1000221e:	021b      	lsls	r3, r3, #8
10002220:	0e16      	lsrs	r6, r2, #24
10002222:	4333      	orrs	r3, r6
10002224:	0212      	lsls	r2, r2, #8
10002226:	3508      	adds	r5, #8
10002228:	0b1c      	lsrs	r4, r3, #12
1000222a:	d104      	bne.n	10002236 <y64_x48+0x28>
1000222c:	011b      	lsls	r3, r3, #4
1000222e:	0f16      	lsrs	r6, r2, #28
10002230:	4333      	orrs	r3, r6
10002232:	0112      	lsls	r2, r2, #4
10002234:	3504      	adds	r5, #4
10002236:	0b9c      	lsrs	r4, r3, #14
10002238:	d104      	bne.n	10002244 <y64_x48+0x36>
1000223a:	009b      	lsls	r3, r3, #2
1000223c:	0f96      	lsrs	r6, r2, #30
1000223e:	4333      	orrs	r3, r6
10002240:	0092      	lsls	r2, r2, #2
10002242:	3502      	adds	r5, #2
10002244:	0bdc      	lsrs	r4, r3, #15
10002246:	d102      	bne.n	1000224e <y64_x48+0x40>
10002248:	1892      	adds	r2, r2, r2
1000224a:	415b      	adcs	r3, r3
1000224c:	3501      	adds	r5, #1
1000224e:	001c      	movs	r4, r3
10002250:	1897      	adds	r7, r2, r2
10002252:	4164      	adcs	r4, r4
10002254:	3401      	adds	r4, #1
10002256:	4f46      	ldr	r7, [pc, #280]	@ (10002370 <y64_x64+0x58>)
10002258:	667c      	str	r4, [r7, #100]	@ 0x64
1000225a:	4c46      	ldr	r4, [pc, #280]	@ (10002374 <y64_x64+0x5c>)
1000225c:	663c      	str	r4, [r7, #96]	@ 0x60
1000225e:	0c0e      	lsrs	r6, r1, #16
10002260:	e7ff      	b.n	10002262 <y64_x48+0x54>
10002262:	e7ff      	b.n	10002264 <y64_x48+0x56>
10002264:	e7ff      	b.n	10002266 <y64_x48+0x58>
10002266:	46c0      	nop			@ (mov r8, r8)
10002268:	6f3c      	ldr	r4, [r7, #112]	@ 0x70
1000226a:	4366      	muls	r6, r4
1000226c:	0c36      	lsrs	r6, r6, #16
1000226e:	0377      	lsls	r7, r6, #13
10002270:	46be      	mov	lr, r7
10002272:	b297      	uxth	r7, r2
10002274:	4377      	muls	r7, r6
10002276:	1bc0      	subs	r0, r0, r7
10002278:	d200      	bcs.n	1000227c <y64_x48+0x6e>
1000227a:	3901      	subs	r1, #1
1000227c:	1bc0      	subs	r0, r0, r7
1000227e:	d200      	bcs.n	10002282 <y64_x48+0x74>
10002280:	3901      	subs	r1, #1
10002282:	b29f      	uxth	r7, r3
10002284:	4377      	muls	r7, r6
10002286:	1bc9      	subs	r1, r1, r7
10002288:	1bc9      	subs	r1, r1, r7
1000228a:	0c17      	lsrs	r7, r2, #16
1000228c:	4377      	muls	r7, r6
1000228e:	047e      	lsls	r6, r7, #17
10002290:	0bff      	lsrs	r7, r7, #15
10002292:	1b80      	subs	r0, r0, r6
10002294:	41b9      	sbcs	r1, r7
10002296:	08ce      	lsrs	r6, r1, #3
10002298:	4366      	muls	r6, r4
1000229a:	0c36      	lsrs	r6, r6, #16
1000229c:	2d0c      	cmp	r5, #12
1000229e:	db33      	blt.n	10002308 <last1>
100022a0:	44b6      	add	lr, r6
100022a2:	0b12      	lsrs	r2, r2, #12
100022a4:	051f      	lsls	r7, r3, #20
100022a6:	433a      	orrs	r2, r7
100022a8:	0b1b      	lsrs	r3, r3, #12
100022aa:	b297      	uxth	r7, r2
100022ac:	4377      	muls	r7, r6
100022ae:	1bc0      	subs	r0, r0, r7
100022b0:	d200      	bcs.n	100022b4 <y64_x48+0xa6>
100022b2:	3901      	subs	r1, #1
100022b4:	b29f      	uxth	r7, r3
100022b6:	4377      	muls	r7, r6
100022b8:	1bc9      	subs	r1, r1, r7
100022ba:	0c17      	lsrs	r7, r2, #16
100022bc:	4377      	muls	r7, r6
100022be:	043e      	lsls	r6, r7, #16
100022c0:	0c3f      	lsrs	r7, r7, #16
100022c2:	1b80      	subs	r0, r0, r6
100022c4:	41b9      	sbcs	r1, r7
100022c6:	0d86      	lsrs	r6, r0, #22
100022c8:	028f      	lsls	r7, r1, #10
100022ca:	433e      	orrs	r6, r7
100022cc:	4366      	muls	r6, r4
100022ce:	2729      	movs	r7, #41	@ 0x29
100022d0:	1b7f      	subs	r7, r7, r5
100022d2:	40fe      	lsrs	r6, r7
100022d4:	3d0c      	subs	r5, #12
100022d6:	4677      	mov	r7, lr
100022d8:	40af      	lsls	r7, r5
100022da:	19bf      	adds	r7, r7, r6
100022dc:	bc30      	pop	{r4, r5}
100022de:	b2a2      	uxth	r2, r4
100022e0:	b2ab      	uxth	r3, r5
100022e2:	4372      	muls	r2, r6
100022e4:	4373      	muls	r3, r6
100022e6:	1a80      	subs	r0, r0, r2
100022e8:	4199      	sbcs	r1, r3
100022ea:	0c22      	lsrs	r2, r4, #16
100022ec:	4372      	muls	r2, r6
100022ee:	0c13      	lsrs	r3, r2, #16
100022f0:	0412      	lsls	r2, r2, #16
100022f2:	1a80      	subs	r0, r0, r2
100022f4:	4199      	sbcs	r1, r3
100022f6:	0002      	movs	r2, r0
100022f8:	000b      	movs	r3, r1
100022fa:	3701      	adds	r7, #1
100022fc:	1b00      	subs	r0, r0, r4
100022fe:	41a9      	sbcs	r1, r5
10002300:	d2f9      	bcs.n	100022f6 <y64_x48+0xe8>
10002302:	1e78      	subs	r0, r7, #1
10002304:	2100      	movs	r1, #0
10002306:	bdf0      	pop	{r4, r5, r6, r7, pc}

10002308 <last1>:
10002308:	270c      	movs	r7, #12
1000230a:	1b7f      	subs	r7, r7, r5
1000230c:	40fe      	lsrs	r6, r7
1000230e:	4677      	mov	r7, lr
10002310:	0b7f      	lsrs	r7, r7, #13
10002312:	40af      	lsls	r7, r5
10002314:	19ff      	adds	r7, r7, r7
10002316:	e7e0      	b.n	100022da <y64_x48+0xcc>

10002318 <y64_x64>:
10002318:	2400      	movs	r4, #0
1000231a:	1c5d      	adds	r5, r3, #1
1000231c:	d007      	beq.n	1000232e <y64_x64+0x16>
1000231e:	4f14      	ldr	r7, [pc, #80]	@ (10002370 <y64_x64+0x58>)
10002320:	667d      	str	r5, [r7, #100]	@ 0x64
10002322:	6639      	str	r1, [r7, #96]	@ 0x60
10002324:	e7ff      	b.n	10002326 <y64_x64+0xe>
10002326:	e7ff      	b.n	10002328 <y64_x64+0x10>
10002328:	e7ff      	b.n	1000232a <y64_x64+0x12>
1000232a:	e7ff      	b.n	1000232c <y64_x64+0x14>
1000232c:	6f3c      	ldr	r4, [r7, #112]	@ 0x70
1000232e:	b295      	uxth	r5, r2
10002330:	b29e      	uxth	r6, r3
10002332:	4365      	muls	r5, r4
10002334:	4366      	muls	r6, r4
10002336:	1b40      	subs	r0, r0, r5
10002338:	41b1      	sbcs	r1, r6
1000233a:	0c15      	lsrs	r5, r2, #16
1000233c:	0c1e      	lsrs	r6, r3, #16
1000233e:	4365      	muls	r5, r4
10002340:	4366      	muls	r6, r4
10002342:	0436      	lsls	r6, r6, #16
10002344:	0c2f      	lsrs	r7, r5, #16
10002346:	433e      	orrs	r6, r7
10002348:	042d      	lsls	r5, r5, #16
1000234a:	1b40      	subs	r0, r0, r5
1000234c:	41b1      	sbcs	r1, r6
1000234e:	4299      	cmp	r1, r3
10002350:	d204      	bcs.n	1000235c <y64_x64+0x44>
10002352:	0002      	movs	r2, r0
10002354:	000b      	movs	r3, r1
10002356:	0020      	movs	r0, r4
10002358:	2100      	movs	r1, #0
1000235a:	bdf0      	pop	{r4, r5, r6, r7, pc}
1000235c:	d101      	bne.n	10002362 <y64_x64+0x4a>
1000235e:	4290      	cmp	r0, r2
10002360:	d3f7      	bcc.n	10002352 <y64_x64+0x3a>
10002362:	1a80      	subs	r0, r0, r2
10002364:	4199      	sbcs	r1, r3
10002366:	3401      	adds	r4, #1
10002368:	4299      	cmp	r1, r3
1000236a:	d3f2      	bcc.n	10002352 <y64_x64+0x3a>
1000236c:	e7f6      	b.n	1000235c <y64_x64+0x44>
1000236e:	0000      	.short	0x0000
10002370:	d0000000 	.word	0xd0000000
10002374:	ffffffff 	.word	0xffffffff

10002378 <__wrap___aeabi_drsub>:
10002378:	4048      	eors	r0, r1
1000237a:	4041      	eors	r1, r0
1000237c:	4048      	eors	r0, r1

1000237e <__wrap___aeabi_dsub>:
1000237e:	b418      	push	{r3, r4}
10002380:	4b1b      	ldr	r3, [pc, #108]	@ (100023f0 <__wrap___aeabi_dmul+0x12>)
10002382:	685b      	ldr	r3, [r3, #4]
10002384:	46fc      	mov	ip, pc
10002386:	9301      	str	r3, [sp, #4]
10002388:	bd08      	pop	{r3, pc}
1000238a:	df04      	.short	0xdf04
1000238c:	10002623 	.word	0x10002623

10002390 <__wrap___aeabi_dadd>:
10002390:	b418      	push	{r3, r4}
10002392:	4b17      	ldr	r3, [pc, #92]	@ (100023f0 <__wrap___aeabi_dmul+0x12>)
10002394:	681b      	ldr	r3, [r3, #0]
10002396:	46fc      	mov	ip, pc
10002398:	9301      	str	r3, [sp, #4]
1000239a:	bd08      	pop	{r3, pc}
1000239c:	262ddf00 	.word	0x262ddf00
100023a0:	1000      	.short	0x1000

100023a2 <__wrap___aeabi_ddiv>:
100023a2:	4694      	mov	ip, r2
100023a4:	4a13      	ldr	r2, [pc, #76]	@ (100023f4 <__wrap___aeabi_dmul+0x16>)
100023a6:	6f92      	ldr	r2, [r2, #120]	@ 0x78
100023a8:	0892      	lsrs	r2, r2, #2
100023aa:	d209      	bcs.n	100023c0 <ddiv_save_state>
100023ac:	4662      	mov	r2, ip

100023ae <ddiv_shim_call>:
100023ae:	b418      	push	{r3, r4}
100023b0:	4b0f      	ldr	r3, [pc, #60]	@ (100023f0 <__wrap___aeabi_dmul+0x12>)
100023b2:	68db      	ldr	r3, [r3, #12]
100023b4:	46fc      	mov	ip, pc
100023b6:	9301      	str	r3, [sp, #4]
100023b8:	bd08      	pop	{r3, pc}
100023ba:	df0c      	.short	0xdf0c
100023bc:	100028e5 	.word	0x100028e5

100023c0 <ddiv_save_state>:
100023c0:	4a0c      	ldr	r2, [pc, #48]	@ (100023f4 <__wrap___aeabi_dmul+0x16>)
100023c2:	b5f0      	push	{r4, r5, r6, r7, lr}
100023c4:	6e14      	ldr	r4, [r2, #96]	@ 0x60
100023c6:	6e55      	ldr	r5, [r2, #100]	@ 0x64
100023c8:	6f57      	ldr	r7, [r2, #116]	@ 0x74
100023ca:	6f16      	ldr	r6, [r2, #112]	@ 0x70
100023cc:	4662      	mov	r2, ip
100023ce:	f7ff ffee 	bl	100023ae <ddiv_shim_call>
100023d2:	4a08      	ldr	r2, [pc, #32]	@ (100023f4 <__wrap___aeabi_dmul+0x16>)
100023d4:	6614      	str	r4, [r2, #96]	@ 0x60
100023d6:	6655      	str	r5, [r2, #100]	@ 0x64
100023d8:	6757      	str	r7, [r2, #116]	@ 0x74
100023da:	6716      	str	r6, [r2, #112]	@ 0x70
100023dc:	bdf0      	pop	{r4, r5, r6, r7, pc}

100023de <__wrap___aeabi_dmul>:
100023de:	b418      	push	{r3, r4}
100023e0:	4b03      	ldr	r3, [pc, #12]	@ (100023f0 <__wrap___aeabi_dmul+0x12>)
100023e2:	689b      	ldr	r3, [r3, #8]
100023e4:	46fc      	mov	ip, pc
100023e6:	9301      	str	r3, [sp, #4]
100023e8:	bd08      	pop	{r3, pc}
100023ea:	df08      	.short	0xdf08
100023ec:	10002789 	.word	0x10002789
100023f0:	20001280 	.word	0x20001280
100023f4:	d0000000 	.word	0xd0000000

100023f8 <__wrap___aeabi_cdrcmple>:
100023f8:	b5ff      	push	{r0, r1, r2, r3, r4, r5, r6, r7, lr}
100023fa:	4050      	eors	r0, r2
100023fc:	4042      	eors	r2, r0
100023fe:	4050      	eors	r0, r2
10002400:	4059      	eors	r1, r3
10002402:	404b      	eors	r3, r1
10002404:	4059      	eors	r1, r3
10002406:	e000      	b.n	1000240a <__aeabi_dfcmple_guts>

10002408 <__wrap___aeabi_cdcmpeq>:
10002408:	b5ff      	push	{r0, r1, r2, r3, r4, r5, r6, r7, lr}

1000240a <__aeabi_dfcmple_guts>:
1000240a:	4f15      	ldr	r7, [pc, #84]	@ (10002460 <__aeabi_dfcmple_guts+0x56>)
1000240c:	004c      	lsls	r4, r1, #1
1000240e:	0d64      	lsrs	r4, r4, #21
10002410:	d003      	beq.n	1000241a <__aeabi_dfcmple_guts+0x10>
10002412:	42bc      	cmp	r4, r7
10002414:	d104      	bne.n	10002420 <__aeabi_dfcmple_guts+0x16>
10002416:	030c      	lsls	r4, r1, #12
10002418:	d814      	bhi.n	10002444 <__aeabi_dfcmple_guts+0x3a>
1000241a:	2000      	movs	r0, #0
1000241c:	0d09      	lsrs	r1, r1, #20
1000241e:	0509      	lsls	r1, r1, #20
10002420:	005c      	lsls	r4, r3, #1
10002422:	0d64      	lsrs	r4, r4, #21
10002424:	d003      	beq.n	1000242e <__aeabi_dfcmple_guts+0x24>
10002426:	42bc      	cmp	r4, r7
10002428:	d104      	bne.n	10002434 <__aeabi_dfcmple_guts+0x2a>
1000242a:	031c      	lsls	r4, r3, #12
1000242c:	d80a      	bhi.n	10002444 <__aeabi_dfcmple_guts+0x3a>
1000242e:	2200      	movs	r2, #0
10002430:	0d1b      	lsrs	r3, r3, #20
10002432:	051b      	lsls	r3, r3, #20
10002434:	2601      	movs	r6, #1
10002436:	404b      	eors	r3, r1
10002438:	d409      	bmi.n	1000244e <__aeabi_dfcmple_guts+0x44>
1000243a:	404b      	eors	r3, r1
1000243c:	d503      	bpl.n	10002446 <__aeabi_dfcmple_guts+0x3c>
1000243e:	428b      	cmp	r3, r1
10002440:	d100      	bne.n	10002444 <__aeabi_dfcmple_guts+0x3a>
10002442:	4282      	cmp	r2, r0
10002444:	bdff      	pop	{r0, r1, r2, r3, r4, r5, r6, r7, pc}
10002446:	4299      	cmp	r1, r3
10002448:	d1fc      	bne.n	10002444 <__aeabi_dfcmple_guts+0x3a>
1000244a:	4290      	cmp	r0, r2
1000244c:	bdff      	pop	{r0, r1, r2, r3, r4, r5, r6, r7, pc}
1000244e:	430b      	orrs	r3, r1
10002450:	18db      	adds	r3, r3, r3
10002452:	4303      	orrs	r3, r0
10002454:	4313      	orrs	r3, r2
10002456:	d0f5      	beq.n	10002444 <__aeabi_dfcmple_guts+0x3a>
10002458:	43c9      	mvns	r1, r1
1000245a:	1849      	adds	r1, r1, r1
1000245c:	bdff      	pop	{r0, r1, r2, r3, r4, r5, r6, r7, pc}
1000245e:	0000      	.short	0x0000
10002460:	000007ff 	.word	0x000007ff

10002464 <__wrap___aeabi_dcmplt>:
10002464:	b500      	push	{lr}
10002466:	f7ff ffcf 	bl	10002408 <__wrap___aeabi_cdcmpeq>
1000246a:	4180      	sbcs	r0, r0
1000246c:	bd00      	pop	{pc}
1000246e:	46c0      	nop			@ (mov r8, r8)

10002470 <__wrap___aeabi_dcmple>:
10002470:	b500      	push	{lr}
10002472:	f7ff ffc9 	bl	10002408 <__wrap___aeabi_cdcmpeq>
10002476:	d901      	bls.n	1000247c <__wrap___aeabi_dcmple+0xc>
10002478:	2000      	movs	r0, #0
1000247a:	bd00      	pop	{pc}
1000247c:	2001      	movs	r0, #1
1000247e:	bd00      	pop	{pc}

10002480 <__wrap___aeabi_dcmpge>:
10002480:	b500      	push	{lr}
10002482:	f7ff ffb9 	bl	100023f8 <__wrap___aeabi_cdrcmple>
10002486:	d901      	bls.n	1000248c <__wrap___aeabi_dcmpge+0xc>
10002488:	2000      	movs	r0, #0
1000248a:	bd00      	pop	{pc}
1000248c:	2001      	movs	r0, #1
1000248e:	bd00      	pop	{pc}

10002490 <__wrap___aeabi_dcmpgt>:
10002490:	b500      	push	{lr}
10002492:	f7ff ffb1 	bl	100023f8 <__wrap___aeabi_cdrcmple>
10002496:	4180      	sbcs	r0, r0
10002498:	bd00      	pop	{pc}

1000249a <__wrap___aeabi_dcmpun>:
1000249a:	2001      	movs	r0, #1
1000249c:	0540      	lsls	r0, r0, #21
1000249e:	004a      	lsls	r2, r1, #1
100024a0:	1812      	adds	r2, r2, r0
100024a2:	d804      	bhi.n	100024ae <__wrap___aeabi_dcmpun+0x14>
100024a4:	005a      	lsls	r2, r3, #1
100024a6:	1812      	adds	r2, r2, r0
100024a8:	d801      	bhi.n	100024ae <__wrap___aeabi_dcmpun+0x14>
100024aa:	2000      	movs	r0, #0
100024ac:	4770      	bx	lr
100024ae:	2001      	movs	r0, #1
100024b0:	4770      	bx	lr
	...

100024b4 <__wrap___aeabi_ui2d>:
100024b4:	2100      	movs	r1, #0
100024b6:	2800      	cmp	r0, #0
100024b8:	d105      	bne.n	100024c6 <__wrap___aeabi_i2d+0xa>
100024ba:	4770      	bx	lr

100024bc <__wrap___aeabi_i2d>:
100024bc:	17c1      	asrs	r1, r0, #31
100024be:	4048      	eors	r0, r1
100024c0:	1a40      	subs	r0, r0, r1
100024c2:	d0fa      	beq.n	100024ba <__wrap___aeabi_ui2d+0x6>
100024c4:	07c9      	lsls	r1, r1, #31
100024c6:	b513      	push	{r0, r1, r4, lr}
100024c8:	4b06      	ldr	r3, [pc, #24]	@ (100024e4 <__wrap___aeabi_i2d+0x28>)
100024ca:	681b      	ldr	r3, [r3, #0]
100024cc:	4798      	blx	r3
100024ce:	bc0c      	pop	{r2, r3}
100024d0:	1c44      	adds	r4, r0, #1
100024d2:	40a2      	lsls	r2, r4
100024d4:	0510      	lsls	r0, r2, #20
100024d6:	0b12      	lsrs	r2, r2, #12
100024d8:	4903      	ldr	r1, [pc, #12]	@ (100024e8 <__wrap___aeabi_i2d+0x2c>)
100024da:	1b09      	subs	r1, r1, r4
100024dc:	0509      	lsls	r1, r1, #20
100024de:	4319      	orrs	r1, r3
100024e0:	4311      	orrs	r1, r2
100024e2:	bd10      	pop	{r4, pc}
100024e4:	20002a1c 	.word	0x20002a1c
100024e8:	0000041f 	.word	0x0000041f

100024ec <__wrap___aeabi_d2iz>:
100024ec:	b510      	push	{r4, lr}
100024ee:	004c      	lsls	r4, r1, #1
100024f0:	0d62      	lsrs	r2, r4, #21
100024f2:	2380      	movs	r3, #128	@ 0x80
100024f4:	18d2      	adds	r2, r2, r3
100024f6:	00db      	lsls	r3, r3, #3
100024f8:	1ad2      	subs	r2, r2, r3
100024fa:	055b      	lsls	r3, r3, #21
100024fc:	2a7e      	cmp	r2, #126	@ 0x7e
100024fe:	dd10      	ble.n	10002522 <__wrap___aeabi_d2iz+0x36>
10002500:	3a9e      	subs	r2, #158	@ 0x9e
10002502:	da13      	bge.n	1000252c <__wrap___aeabi_d2iz+0x40>
10002504:	17cc      	asrs	r4, r1, #31
10002506:	0309      	lsls	r1, r1, #12
10002508:	0849      	lsrs	r1, r1, #1
1000250a:	4319      	orrs	r1, r3
1000250c:	4252      	negs	r2, r2
1000250e:	40d1      	lsrs	r1, r2
10002510:	0064      	lsls	r4, r4, #1
10002512:	3401      	adds	r4, #1
10002514:	3215      	adds	r2, #21
10002516:	2a20      	cmp	r2, #32
10002518:	da05      	bge.n	10002526 <__wrap___aeabi_d2iz+0x3a>
1000251a:	40d0      	lsrs	r0, r2
1000251c:	4308      	orrs	r0, r1
1000251e:	4360      	muls	r0, r4
10002520:	bd10      	pop	{r4, pc}
10002522:	2000      	movs	r0, #0
10002524:	bd10      	pop	{r4, pc}
10002526:	4608      	mov	r0, r1
10002528:	4360      	muls	r0, r4
1000252a:	bd10      	pop	{r4, pc}
1000252c:	0fc8      	lsrs	r0, r1, #31
1000252e:	18c0      	adds	r0, r0, r3
10002530:	3801      	subs	r0, #1
10002532:	bd10      	pop	{r4, pc}

10002534 <__wrap___aeabi_d2uiz>:
10002534:	b418      	push	{r3, r4}
10002536:	4b04      	ldr	r3, [pc, #16]	@ (10002548 <__wrap___aeabi_d2uiz+0x14>)
10002538:	6a5b      	ldr	r3, [r3, #36]	@ 0x24
1000253a:	46fc      	mov	ip, pc
1000253c:	9301      	str	r3, [sp, #4]
1000253e:	bd08      	pop	{r3, pc}
10002540:	2a95df24 	.word	0x2a95df24
10002544:	00001000 	.word	0x00001000
10002548:	20001280 	.word	0x20001280

1000254c <__aeabi_double_init>:
1000254c:	2313      	movs	r3, #19
1000254e:	b570      	push	{r4, r5, r6, lr}
10002550:	781d      	ldrb	r5, [r3, #0]
10002552:	2d01      	cmp	r5, #1
10002554:	d019      	beq.n	1000258a <__aeabi_double_init+0x3e>
10002556:	dd14      	ble.n	10002582 <__aeabi_double_init+0x36>
10002558:	481f      	ldr	r0, [pc, #124]	@ (100025d8 <__aeabi_double_init+0x8c>)
1000255a:	f7ff fb31 	bl	10001bc0 <rom_data_lookup>
1000255e:	0006      	movs	r6, r0
10002560:	481e      	ldr	r0, [pc, #120]	@ (100025dc <__aeabi_double_init+0x90>)
10002562:	f7ff fb2d 	bl	10001bc0 <rom_data_lookup>
10002566:	4c1e      	ldr	r4, [pc, #120]	@ (100025e0 <__aeabi_double_init+0x94>)
10002568:	2280      	movs	r2, #128	@ 0x80
1000256a:	0031      	movs	r1, r6
1000256c:	0020      	movs	r0, r4
1000256e:	f000 fb61 	bl	10002c34 <__wrap___aeabi_memcpy>
10002572:	2d02      	cmp	r5, #2
10002574:	d02d      	beq.n	100025d2 <__aeabi_double_init+0x86>
10002576:	481b      	ldr	r0, [pc, #108]	@ (100025e4 <__aeabi_double_init+0x98>)
10002578:	f7ff fb1a 	bl	10001bb0 <rom_func_lookup>
1000257c:	4b1a      	ldr	r3, [pc, #104]	@ (100025e8 <__aeabi_double_init+0x9c>)
1000257e:	6018      	str	r0, [r3, #0]
10002580:	bd70      	pop	{r4, r5, r6, pc}
10002582:	4b1a      	ldr	r3, [pc, #104]	@ (100025ec <__aeabi_double_init+0xa0>)
10002584:	4c16      	ldr	r4, [pc, #88]	@ (100025e0 <__aeabi_double_init+0x94>)
10002586:	64a3      	str	r3, [r4, #72]	@ 0x48
10002588:	e7f5      	b.n	10002576 <__aeabi_double_init+0x2a>
1000258a:	4b18      	ldr	r3, [pc, #96]	@ (100025ec <__aeabi_double_init+0xa0>)
1000258c:	4c14      	ldr	r4, [pc, #80]	@ (100025e0 <__aeabi_double_init+0x94>)
1000258e:	6023      	str	r3, [r4, #0]
10002590:	6063      	str	r3, [r4, #4]
10002592:	60a3      	str	r3, [r4, #8]
10002594:	60e3      	str	r3, [r4, #12]
10002596:	6123      	str	r3, [r4, #16]
10002598:	6163      	str	r3, [r4, #20]
1000259a:	61a3      	str	r3, [r4, #24]
1000259c:	61e3      	str	r3, [r4, #28]
1000259e:	6223      	str	r3, [r4, #32]
100025a0:	6263      	str	r3, [r4, #36]	@ 0x24
100025a2:	62a3      	str	r3, [r4, #40]	@ 0x28
100025a4:	62e3      	str	r3, [r4, #44]	@ 0x2c
100025a6:	6323      	str	r3, [r4, #48]	@ 0x30
100025a8:	6363      	str	r3, [r4, #52]	@ 0x34
100025aa:	63a3      	str	r3, [r4, #56]	@ 0x38
100025ac:	63e3      	str	r3, [r4, #60]	@ 0x3c
100025ae:	6423      	str	r3, [r4, #64]	@ 0x40
100025b0:	6463      	str	r3, [r4, #68]	@ 0x44
100025b2:	64a3      	str	r3, [r4, #72]	@ 0x48
100025b4:	64e3      	str	r3, [r4, #76]	@ 0x4c
100025b6:	6523      	str	r3, [r4, #80]	@ 0x50
100025b8:	6563      	str	r3, [r4, #84]	@ 0x54
100025ba:	65a3      	str	r3, [r4, #88]	@ 0x58
100025bc:	65e3      	str	r3, [r4, #92]	@ 0x5c
100025be:	6623      	str	r3, [r4, #96]	@ 0x60
100025c0:	6663      	str	r3, [r4, #100]	@ 0x64
100025c2:	66a3      	str	r3, [r4, #104]	@ 0x68
100025c4:	66e3      	str	r3, [r4, #108]	@ 0x6c
100025c6:	6723      	str	r3, [r4, #112]	@ 0x70
100025c8:	6763      	str	r3, [r4, #116]	@ 0x74
100025ca:	67a3      	str	r3, [r4, #120]	@ 0x78
100025cc:	67e3      	str	r3, [r4, #124]	@ 0x7c
100025ce:	64a3      	str	r3, [r4, #72]	@ 0x48
100025d0:	e7d1      	b.n	10002576 <__aeabi_double_init+0x2a>
100025d2:	4b06      	ldr	r3, [pc, #24]	@ (100025ec <__aeabi_double_init+0xa0>)
100025d4:	64a3      	str	r3, [r4, #72]	@ 0x48
100025d6:	e7ce      	b.n	10002576 <__aeabi_double_init+0x2a>
100025d8:	00004453 	.word	0x00004453
100025dc:	00004653 	.word	0x00004653
100025e0:	20001280 	.word	0x20001280
100025e4:	0000334c 	.word	0x0000334c
100025e8:	20002a1c 	.word	0x20002a1c
100025ec:	100025f1 	.word	0x100025f1

100025f0 <double_table_shim_on_use_helper>:
100025f0:	b507      	push	{r0, r1, r2, lr}
100025f2:	4660      	mov	r0, ip
100025f4:	8801      	ldrh	r1, [r0, #0]
100025f6:	0a0a      	lsrs	r2, r1, #8
100025f8:	3002      	adds	r0, #2
100025fa:	2adf      	cmp	r2, #223	@ 0xdf
100025fc:	d1fa      	bne.n	100025f4 <double_table_shim_on_use_helper+0x4>
100025fe:	b2c9      	uxtb	r1, r1
10002600:	0882      	lsrs	r2, r0, #2
10002602:	d304      	bcc.n	1000260e <double_table_shim_on_use_helper+0x1e>
10002604:	8802      	ldrh	r2, [r0, #0]
10002606:	8840      	ldrh	r0, [r0, #2]
10002608:	0400      	lsls	r0, r0, #16
1000260a:	4310      	orrs	r0, r2
1000260c:	e000      	b.n	10002610 <double_table_shim_on_use_helper+0x20>
1000260e:	6800      	ldr	r0, [r0, #0]
10002610:	4a01      	ldr	r2, [pc, #4]	@ (10002618 <double_table_shim_on_use_helper+0x28>)
10002612:	5050      	str	r0, [r2, r1]
10002614:	9003      	str	r0, [sp, #12]
10002616:	bd07      	pop	{r0, r1, r2, pc}
10002618:	20001280 	.word	0x20001280

1000261c <drsub_shim>:
1000261c:	b40f      	push	{r0, r1, r2, r3}
1000261e:	bc03      	pop	{r0, r1}
10002620:	bc0c      	pop	{r2, r3}

10002622 <dsub_shim>:
10002622:	b5f0      	push	{r4, r5, r6, r7, lr}
10002624:	2401      	movs	r4, #1
10002626:	07e4      	lsls	r4, r4, #31
10002628:	4063      	eors	r3, r4
1000262a:	e000      	b.n	1000262e <da_entry>

1000262c <dadd_shim>:
1000262c:	b5f0      	push	{r4, r5, r6, r7, lr}

1000262e <da_entry>:
1000262e:	0d0c      	lsrs	r4, r1, #20
10002630:	0fcf      	lsrs	r7, r1, #31
10002632:	1e66      	subs	r6, r4, #1
10002634:	0536      	lsls	r6, r6, #20
10002636:	1b89      	subs	r1, r1, r6
10002638:	0564      	lsls	r4, r4, #21
1000263a:	d303      	bcc.n	10002644 <l8_1>
1000263c:	43c9      	mvns	r1, r1
1000263e:	4240      	negs	r0, r0
10002640:	d300      	bcc.n	10002644 <l8_1>
10002642:	3101      	adds	r1, #1

10002644 <l8_1>:
10002644:	0d64      	lsrs	r4, r4, #21
10002646:	d003      	beq.n	10002650 <l8_2>
10002648:	1c66      	adds	r6, r4, #1
1000264a:	0af6      	lsrs	r6, r6, #11
1000264c:	d007      	beq.n	1000265e <l8_3>
1000264e:	1be4      	subs	r4, r4, r7

10002650 <l8_2>:
10002650:	2000      	movs	r0, #0
10002652:	007f      	lsls	r7, r7, #1
10002654:	1c79      	adds	r1, r7, #1
10002656:	0789      	lsls	r1, r1, #30
10002658:	1289      	asrs	r1, r1, #10
1000265a:	3c80      	subs	r4, #128	@ 0x80
1000265c:	0324      	lsls	r4, r4, #12

1000265e <l8_3>:
1000265e:	0d1d      	lsrs	r5, r3, #20
10002660:	0fdf      	lsrs	r7, r3, #31
10002662:	1e6e      	subs	r6, r5, #1
10002664:	0536      	lsls	r6, r6, #20
10002666:	1b9b      	subs	r3, r3, r6
10002668:	056d      	lsls	r5, r5, #21
1000266a:	d303      	bcc.n	10002674 <l9_1>
1000266c:	43db      	mvns	r3, r3
1000266e:	4252      	negs	r2, r2
10002670:	d300      	bcc.n	10002674 <l9_1>
10002672:	3301      	adds	r3, #1

10002674 <l9_1>:
10002674:	0d6d      	lsrs	r5, r5, #21
10002676:	d003      	beq.n	10002680 <l9_2>
10002678:	1c6e      	adds	r6, r5, #1
1000267a:	0af6      	lsrs	r6, r6, #11
1000267c:	d007      	beq.n	1000268e <l9_3>
1000267e:	1bed      	subs	r5, r5, r7

10002680 <l9_2>:
10002680:	2200      	movs	r2, #0
10002682:	007f      	lsls	r7, r7, #1
10002684:	1c7b      	adds	r3, r7, #1
10002686:	079b      	lsls	r3, r3, #30
10002688:	129b      	asrs	r3, r3, #10
1000268a:	3d80      	subs	r5, #128	@ 0x80
1000268c:	032d      	lsls	r5, r5, #12

1000268e <l9_3>:
1000268e:	1b2f      	subs	r7, r5, r4
10002690:	1b66      	subs	r6, r4, r5
10002692:	d458      	bmi.n	10002746 <da_ygtx>
10002694:	46a4      	mov	ip, r4
10002696:	2e20      	cmp	r6, #32
10002698:	da46      	bge.n	10002728 <da_xrgty>
1000269a:	3720      	adds	r7, #32
1000269c:	0014      	movs	r4, r2
1000269e:	40bc      	lsls	r4, r7

100026a0 <da_xgty0>:
100026a0:	001d      	movs	r5, r3
100026a2:	40bd      	lsls	r5, r7
100026a4:	40f2      	lsrs	r2, r6
100026a6:	4133      	asrs	r3, r6
100026a8:	432a      	orrs	r2, r5

100026aa <da_add>:
100026aa:	1880      	adds	r0, r0, r2
100026ac:	4159      	adcs	r1, r3

100026ae <da_pack>:
100026ae:	0fcb      	lsrs	r3, r1, #31
100026b0:	d005      	beq.n	100026be <da_pack+0x10>
100026b2:	43c9      	mvns	r1, r1
100026b4:	43c0      	mvns	r0, r0
100026b6:	2200      	movs	r2, #0
100026b8:	4264      	negs	r4, r4
100026ba:	4150      	adcs	r0, r2
100026bc:	4151      	adcs	r1, r2
100026be:	4662      	mov	r2, ip
100026c0:	0d4d      	lsrs	r5, r1, #21
100026c2:	d128      	bne.n	10002716 <da_0>
100026c4:	0d0d      	lsrs	r5, r1, #20
100026c6:	d107      	bne.n	100026d8 <da_1>
100026c8:	2800      	cmp	r0, #0
100026ca:	d01f      	beq.n	1000270c <da_5>

100026cc <da_2>:
100026cc:	1924      	adds	r4, r4, r4
100026ce:	4140      	adcs	r0, r0
100026d0:	4149      	adcs	r1, r1
100026d2:	3a01      	subs	r2, #1
100026d4:	0d0d      	lsrs	r5, r1, #20
100026d6:	d0f9      	beq.n	100026cc <da_2>

100026d8 <da_1>:
100026d8:	0064      	lsls	r4, r4, #1
100026da:	d306      	bcc.n	100026ea <da_3>

100026dc <da_4>:
100026dc:	3001      	adds	r0, #1
100026de:	d300      	bcc.n	100026e2 <da_4+0x6>
100026e0:	3101      	adds	r1, #1
100026e2:	2c00      	cmp	r4, #0
100026e4:	d101      	bne.n	100026ea <da_3>
100026e6:	0840      	lsrs	r0, r0, #1
100026e8:	0040      	lsls	r0, r0, #1

100026ea <da_3>:
100026ea:	3a01      	subs	r2, #1
100026ec:	d40b      	bmi.n	10002706 <da_6>
100026ee:	1c94      	adds	r4, r2, #2
100026f0:	0ae4      	lsrs	r4, r4, #11
100026f2:	d104      	bne.n	100026fe <da_7>
100026f4:	0512      	lsls	r2, r2, #20
100026f6:	4411      	add	r1, r2
100026f8:	07db      	lsls	r3, r3, #31
100026fa:	4419      	add	r1, r3
100026fc:	bdf0      	pop	{r4, r5, r6, r7, pc}

100026fe <da_7>:
100026fe:	07d9      	lsls	r1, r3, #31
10002700:	4b20      	ldr	r3, [pc, #128]	@ (10002784 <da_xmgty+0x4>)
10002702:	4319      	orrs	r1, r3
10002704:	e000      	b.n	10002708 <da_6+0x2>

10002706 <da_6>:
10002706:	07d9      	lsls	r1, r3, #31
10002708:	2000      	movs	r0, #0
1000270a:	bdf0      	pop	{r4, r5, r6, r7, pc}

1000270c <da_5>:
1000270c:	2900      	cmp	r1, #0
1000270e:	d1dd      	bne.n	100026cc <da_2>
10002710:	2c00      	cmp	r4, #0
10002712:	d1db      	bne.n	100026cc <da_2>
10002714:	bdf0      	pop	{r4, r5, r6, r7, pc}

10002716 <da_0>:
10002716:	3201      	adds	r2, #1
10002718:	07c6      	lsls	r6, r0, #31
1000271a:	0840      	lsrs	r0, r0, #1
1000271c:	07cd      	lsls	r5, r1, #31
1000271e:	4328      	orrs	r0, r5
10002720:	0849      	lsrs	r1, r1, #1
10002722:	2e00      	cmp	r6, #0
10002724:	d0e1      	beq.n	100026ea <da_3>
10002726:	e7d9      	b.n	100026dc <da_4>

10002728 <da_xrgty>:
10002728:	2e3c      	cmp	r6, #60	@ 0x3c
1000272a:	da29      	bge.n	10002780 <da_xmgty>
1000272c:	3e20      	subs	r6, #32
1000272e:	3740      	adds	r7, #64	@ 0x40
10002730:	0014      	movs	r4, r2
10002732:	40bc      	lsls	r4, r7
10002734:	d000      	beq.n	10002738 <da_xrgty+0x10>
10002736:	2401      	movs	r4, #1
10002738:	40f2      	lsrs	r2, r6
1000273a:	4314      	orrs	r4, r2
1000273c:	001a      	movs	r2, r3
1000273e:	40bb      	lsls	r3, r7
10002740:	431c      	orrs	r4, r3
10002742:	17d3      	asrs	r3, r2, #31
10002744:	e7ac      	b.n	100026a0 <da_xgty0>

10002746 <da_ygtx>:
10002746:	46ac      	mov	ip, r5
10002748:	2f20      	cmp	r7, #32
1000274a:	da08      	bge.n	1000275e <da_yrgtx>
1000274c:	3620      	adds	r6, #32
1000274e:	0004      	movs	r4, r0
10002750:	40b4      	lsls	r4, r6

10002752 <da_ygtx0>:
10002752:	000d      	movs	r5, r1
10002754:	40b5      	lsls	r5, r6
10002756:	40f8      	lsrs	r0, r7
10002758:	4139      	asrs	r1, r7
1000275a:	4328      	orrs	r0, r5
1000275c:	e7a5      	b.n	100026aa <da_add>

1000275e <da_yrgtx>:
1000275e:	2f3c      	cmp	r7, #60	@ 0x3c
10002760:	da0c      	bge.n	1000277c <da_ymgtx>
10002762:	3f20      	subs	r7, #32
10002764:	3640      	adds	r6, #64	@ 0x40
10002766:	0004      	movs	r4, r0
10002768:	40b4      	lsls	r4, r6
1000276a:	d000      	beq.n	1000276e <da_yrgtx+0x10>
1000276c:	2401      	movs	r4, #1
1000276e:	40f8      	lsrs	r0, r7
10002770:	4304      	orrs	r4, r0
10002772:	0008      	movs	r0, r1
10002774:	40b1      	lsls	r1, r6
10002776:	430c      	orrs	r4, r1
10002778:	17c1      	asrs	r1, r0, #31
1000277a:	e7ea      	b.n	10002752 <da_ygtx0>

1000277c <da_ymgtx>:
1000277c:	0010      	movs	r0, r2
1000277e:	0019      	movs	r1, r3

10002780 <da_xmgty>:
10002780:	2400      	movs	r4, #0
10002782:	e794      	b.n	100026ae <da_pack>
10002784:	7ff00000 	.word	0x7ff00000

10002788 <dmul_shim>:
10002788:	b5f0      	push	{r4, r5, r6, r7, lr}
1000278a:	0d0c      	lsrs	r4, r1, #20
1000278c:	1e66      	subs	r6, r4, #1
1000278e:	0536      	lsls	r6, r6, #20
10002790:	1b89      	subs	r1, r1, r6
10002792:	0ae6      	lsrs	r6, r4, #11
10002794:	0564      	lsls	r4, r4, #21
10002796:	0d64      	lsrs	r4, r4, #21
10002798:	d002      	beq.n	100027a0 <l12_1>
1000279a:	1c65      	adds	r5, r4, #1
1000279c:	0aed      	lsrs	r5, r5, #11
1000279e:	d004      	beq.n	100027aa <l12_2>

100027a0 <l12_1>:
100027a0:	2000      	movs	r0, #0
100027a2:	2101      	movs	r1, #1
100027a4:	0509      	lsls	r1, r1, #20
100027a6:	3c80      	subs	r4, #128	@ 0x80
100027a8:	0324      	lsls	r4, r4, #12

100027aa <l12_2>:
100027aa:	46a4      	mov	ip, r4
100027ac:	0d1c      	lsrs	r4, r3, #20
100027ae:	1e67      	subs	r7, r4, #1
100027b0:	053f      	lsls	r7, r7, #20
100027b2:	1bdb      	subs	r3, r3, r7
100027b4:	0ae7      	lsrs	r7, r4, #11
100027b6:	0564      	lsls	r4, r4, #21
100027b8:	0d64      	lsrs	r4, r4, #21
100027ba:	d002      	beq.n	100027c2 <l13_1>
100027bc:	1c65      	adds	r5, r4, #1
100027be:	0aed      	lsrs	r5, r5, #11
100027c0:	d004      	beq.n	100027cc <l13_2>

100027c2 <l13_1>:
100027c2:	2200      	movs	r2, #0
100027c4:	2301      	movs	r3, #1
100027c6:	051b      	lsls	r3, r3, #20
100027c8:	3c80      	subs	r4, #128	@ 0x80
100027ca:	0324      	lsls	r4, r4, #12

100027cc <l13_2>:
100027cc:	4077      	eors	r7, r6
100027ce:	4464      	add	r4, ip
100027d0:	b497      	push	{r0, r1, r2, r4, r7}
100027d2:	b284      	uxth	r4, r0
100027d4:	b296      	uxth	r6, r2
100027d6:	4374      	muls	r4, r6
100027d8:	0c07      	lsrs	r7, r0, #16
100027da:	437e      	muls	r6, r7
100027dc:	0c15      	lsrs	r5, r2, #16
100027de:	436f      	muls	r7, r5
100027e0:	b280      	uxth	r0, r0
100027e2:	4368      	muls	r0, r5
100027e4:	1836      	adds	r6, r6, r0
100027e6:	d302      	bcc.n	100027ee <l14_1>
100027e8:	2001      	movs	r0, #1
100027ea:	0400      	lsls	r0, r0, #16
100027ec:	183f      	adds	r7, r7, r0

100027ee <l14_1>:
100027ee:	0430      	lsls	r0, r6, #16
100027f0:	0c35      	lsrs	r5, r6, #16
100027f2:	1900      	adds	r0, r0, r4
100027f4:	417d      	adcs	r5, r7
100027f6:	4684      	mov	ip, r0
100027f8:	b288      	uxth	r0, r1
100027fa:	b29a      	uxth	r2, r3
100027fc:	4350      	muls	r0, r2
100027fe:	0c0c      	lsrs	r4, r1, #16
10002800:	4362      	muls	r2, r4
10002802:	0c1f      	lsrs	r7, r3, #16
10002804:	437c      	muls	r4, r7
10002806:	b28e      	uxth	r6, r1
10002808:	437e      	muls	r6, r7
1000280a:	1992      	adds	r2, r2, r6
1000280c:	d302      	bcc.n	10002814 <l15_1>
1000280e:	2601      	movs	r6, #1
10002810:	0436      	lsls	r6, r6, #16
10002812:	19a4      	adds	r4, r4, r6

10002814 <l15_1>:
10002814:	0416      	lsls	r6, r2, #16
10002816:	0c17      	lsrs	r7, r2, #16
10002818:	1836      	adds	r6, r6, r0
1000281a:	4167      	adcs	r7, r4
1000281c:	bc01      	pop	{r0}
1000281e:	b281      	uxth	r1, r0
10002820:	b29a      	uxth	r2, r3
10002822:	4351      	muls	r1, r2
10002824:	0c04      	lsrs	r4, r0, #16
10002826:	4362      	muls	r2, r4
10002828:	0c1b      	lsrs	r3, r3, #16
1000282a:	435c      	muls	r4, r3
1000282c:	b280      	uxth	r0, r0
1000282e:	4358      	muls	r0, r3
10002830:	1812      	adds	r2, r2, r0
10002832:	d302      	bcc.n	1000283a <l16_1>
10002834:	2001      	movs	r0, #1
10002836:	0400      	lsls	r0, r0, #16
10002838:	1824      	adds	r4, r4, r0

1000283a <l16_1>:
1000283a:	0410      	lsls	r0, r2, #16
1000283c:	0c13      	lsrs	r3, r2, #16
1000283e:	1840      	adds	r0, r0, r1
10002840:	4163      	adcs	r3, r4
10002842:	182d      	adds	r5, r5, r0
10002844:	415e      	adcs	r6, r3
10002846:	2000      	movs	r0, #0
10002848:	4147      	adcs	r7, r0
1000284a:	bc06      	pop	{r1, r2}
1000284c:	b288      	uxth	r0, r1
1000284e:	b293      	uxth	r3, r2
10002850:	4358      	muls	r0, r3
10002852:	0c0c      	lsrs	r4, r1, #16
10002854:	4363      	muls	r3, r4
10002856:	0c12      	lsrs	r2, r2, #16
10002858:	4354      	muls	r4, r2
1000285a:	b289      	uxth	r1, r1
1000285c:	4351      	muls	r1, r2
1000285e:	185b      	adds	r3, r3, r1
10002860:	d302      	bcc.n	10002868 <l17_1>
10002862:	2101      	movs	r1, #1
10002864:	0409      	lsls	r1, r1, #16
10002866:	1864      	adds	r4, r4, r1

10002868 <l17_1>:
10002868:	0419      	lsls	r1, r3, #16
1000286a:	0c1a      	lsrs	r2, r3, #16
1000286c:	1809      	adds	r1, r1, r0
1000286e:	4162      	adcs	r2, r4
10002870:	186d      	adds	r5, r5, r1
10002872:	4156      	adcs	r6, r2
10002874:	2000      	movs	r0, #0
10002876:	4147      	adcs	r7, r0
10002878:	bc18      	pop	{r3, r4}
1000287a:	02f9      	lsls	r1, r7, #11
1000287c:	0d72      	lsrs	r2, r6, #21
1000287e:	4311      	orrs	r1, r2
10002880:	02f0      	lsls	r0, r6, #11
10002882:	0d6a      	lsrs	r2, r5, #21
10002884:	4310      	orrs	r0, r2
10002886:	02ed      	lsls	r5, r5, #11
10002888:	0d0a      	lsrs	r2, r1, #20
1000288a:	d103      	bne.n	10002894 <l17_1+0x2c>
1000288c:	196d      	adds	r5, r5, r5
1000288e:	4140      	adcs	r0, r0
10002890:	4149      	adcs	r1, r1
10002892:	3b01      	subs	r3, #1
10002894:	4e12      	ldr	r6, [pc, #72]	@ (100028e0 <dm_1+0xa>)
10002896:	1b9b      	subs	r3, r3, r6
10002898:	0076      	lsls	r6, r6, #1
1000289a:	42b3      	cmp	r3, r6
1000289c:	d20e      	bcs.n	100028bc <dm_0>
1000289e:	006d      	lsls	r5, r5, #1
100028a0:	d307      	bcc.n	100028b2 <l17_1+0x4a>
100028a2:	3001      	adds	r0, #1
100028a4:	2600      	movs	r6, #0
100028a6:	4171      	adcs	r1, r6
100028a8:	4666      	mov	r6, ip
100028aa:	4335      	orrs	r5, r6
100028ac:	d101      	bne.n	100028b2 <l17_1+0x4a>
100028ae:	0840      	lsrs	r0, r0, #1
100028b0:	0040      	lsls	r0, r0, #1
100028b2:	051b      	lsls	r3, r3, #20
100028b4:	18c9      	adds	r1, r1, r3

100028b6 <dm_2>:
100028b6:	07e4      	lsls	r4, r4, #31
100028b8:	4421      	add	r1, r4
100028ba:	bdf0      	pop	{r4, r5, r6, r7, pc}

100028bc <dm_0>:
100028bc:	da0b      	bge.n	100028d6 <dm_1>
100028be:	3301      	adds	r3, #1
100028c0:	d106      	bne.n	100028d0 <dm_0+0x14>
100028c2:	3001      	adds	r0, #1
100028c4:	d104      	bne.n	100028d0 <dm_0+0x14>
100028c6:	3101      	adds	r1, #1
100028c8:	0d4f      	lsrs	r7, r1, #21
100028ca:	d001      	beq.n	100028d0 <dm_0+0x14>
100028cc:	0849      	lsrs	r1, r1, #1
100028ce:	e7f2      	b.n	100028b6 <dm_2>
100028d0:	07e1      	lsls	r1, r4, #31
100028d2:	2000      	movs	r0, #0
100028d4:	bdf0      	pop	{r4, r5, r6, r7, pc}

100028d6 <dm_1>:
100028d6:	3601      	adds	r6, #1
100028d8:	0531      	lsls	r1, r6, #20
100028da:	2000      	movs	r0, #0
100028dc:	e7eb      	b.n	100028b6 <dm_2>
100028de:	0000      	.short	0x0000
100028e0:	000003ff 	.word	0x000003ff

100028e4 <ddiv_shim>:
100028e4:	b5f0      	push	{r4, r5, r6, r7, lr}

100028e6 <ddiv0>:
100028e6:	0d1c      	lsrs	r4, r3, #20
100028e8:	1e67      	subs	r7, r4, #1
100028ea:	053f      	lsls	r7, r7, #20
100028ec:	1bdb      	subs	r3, r3, r7
100028ee:	0ae7      	lsrs	r7, r4, #11
100028f0:	0564      	lsls	r4, r4, #21
100028f2:	0d64      	lsrs	r4, r4, #21
100028f4:	d002      	beq.n	100028fc <l20_1>
100028f6:	1c66      	adds	r6, r4, #1
100028f8:	0af6      	lsrs	r6, r6, #11
100028fa:	d004      	beq.n	10002906 <l20_2>

100028fc <l20_1>:
100028fc:	2200      	movs	r2, #0
100028fe:	2301      	movs	r3, #1
10002900:	051b      	lsls	r3, r3, #20
10002902:	3c80      	subs	r4, #128	@ 0x80
10002904:	0324      	lsls	r4, r4, #12

10002906 <l20_2>:
10002906:	25d0      	movs	r5, #208	@ 0xd0
10002908:	062d      	lsls	r5, r5, #24
1000290a:	2600      	movs	r6, #0
1000290c:	43f6      	mvns	r6, r6
1000290e:	662e      	str	r6, [r5, #96]	@ 0x60
10002910:	091e      	lsrs	r6, r3, #4
10002912:	666e      	str	r6, [r5, #100]	@ 0x64
10002914:	0fce      	lsrs	r6, r1, #31
10002916:	19f6      	adds	r6, r6, r7
10002918:	46b4      	mov	ip, r6
1000291a:	0049      	lsls	r1, r1, #1
1000291c:	0d4f      	lsrs	r7, r1, #21
1000291e:	d002      	beq.n	10002926 <l20_2+0x20>
10002920:	1c7e      	adds	r6, r7, #1
10002922:	0af6      	lsrs	r6, r6, #11
10002924:	d003      	beq.n	1000292e <l20_2+0x28>
10002926:	2000      	movs	r0, #0
10002928:	2100      	movs	r1, #0
1000292a:	3f40      	subs	r7, #64	@ 0x40
1000292c:	033f      	lsls	r7, r7, #12
1000292e:	1b3e      	subs	r6, r7, r4
10002930:	00b6      	lsls	r6, r6, #2
10002932:	44b4      	add	ip, r6
10002934:	3f01      	subs	r7, #1
10002936:	057f      	lsls	r7, r7, #21
10002938:	1bc9      	subs	r1, r1, r7
1000293a:	0849      	lsrs	r1, r1, #1
1000293c:	6f2e      	ldr	r6, [r5, #112]	@ 0x70
1000293e:	3601      	adds	r6, #1
10002940:	0876      	lsrs	r6, r6, #1
10002942:	029c      	lsls	r4, r3, #10
10002944:	0d95      	lsrs	r5, r2, #22
10002946:	4325      	orrs	r5, r4
10002948:	4375      	muls	r5, r6
1000294a:	13ed      	asrs	r5, r5, #15
1000294c:	4375      	muls	r5, r6
1000294e:	13ad      	asrs	r5, r5, #14
10002950:	3501      	adds	r5, #1
10002952:	106d      	asrs	r5, r5, #1
10002954:	03f6      	lsls	r6, r6, #15
10002956:	1b76      	subs	r6, r6, r5
10002958:	b40c      	push	{r2, r3}
1000295a:	02cc      	lsls	r4, r1, #11
1000295c:	0d45      	lsrs	r5, r0, #21
1000295e:	432c      	orrs	r4, r5
10002960:	b2a2      	uxth	r2, r4
10002962:	b2b3      	uxth	r3, r6
10002964:	435a      	muls	r2, r3
10002966:	0c27      	lsrs	r7, r4, #16
10002968:	437b      	muls	r3, r7
1000296a:	0c35      	lsrs	r5, r6, #16
1000296c:	436f      	muls	r7, r5
1000296e:	b2a4      	uxth	r4, r4
10002970:	436c      	muls	r4, r5
10002972:	191b      	adds	r3, r3, r4
10002974:	d302      	bcc.n	1000297c <l21_1>
10002976:	2401      	movs	r4, #1
10002978:	0424      	lsls	r4, r4, #16
1000297a:	193f      	adds	r7, r7, r4

1000297c <l21_1>:
1000297c:	041c      	lsls	r4, r3, #16
1000297e:	0c1d      	lsrs	r5, r3, #16
10002980:	18a4      	adds	r4, r4, r2
10002982:	417d      	adcs	r5, r7
10002984:	1924      	adds	r4, r4, r4
10002986:	416d      	adcs	r5, r5
10002988:	9a00      	ldr	r2, [sp, #0]
1000298a:	b291      	uxth	r1, r2
1000298c:	b2ac      	uxth	r4, r5
1000298e:	4361      	muls	r1, r4
10002990:	0c17      	lsrs	r7, r2, #16
10002992:	437c      	muls	r4, r7
10002994:	0c2b      	lsrs	r3, r5, #16
10002996:	435f      	muls	r7, r3
10002998:	b292      	uxth	r2, r2
1000299a:	435a      	muls	r2, r3
1000299c:	18a4      	adds	r4, r4, r2
1000299e:	d302      	bcc.n	100029a6 <l22_1>
100029a0:	2201      	movs	r2, #1
100029a2:	0412      	lsls	r2, r2, #16
100029a4:	18bf      	adds	r7, r7, r2

100029a6 <l22_1>:
100029a6:	0422      	lsls	r2, r4, #16
100029a8:	0c23      	lsrs	r3, r4, #16
100029aa:	1852      	adds	r2, r2, r1
100029ac:	417b      	adcs	r3, r7
100029ae:	9c01      	ldr	r4, [sp, #4]
100029b0:	436c      	muls	r4, r5
100029b2:	191b      	adds	r3, r3, r4
100029b4:	0e52      	lsrs	r2, r2, #25
100029b6:	01d9      	lsls	r1, r3, #7
100029b8:	430a      	orrs	r2, r1
100029ba:	0144      	lsls	r4, r0, #5
100029bc:	1aa0      	subs	r0, r4, r2
100029be:	b281      	uxth	r1, r0
100029c0:	b2b2      	uxth	r2, r6
100029c2:	4351      	muls	r1, r2
100029c4:	1403      	asrs	r3, r0, #16
100029c6:	435a      	muls	r2, r3
100029c8:	0c36      	lsrs	r6, r6, #16
100029ca:	4373      	muls	r3, r6
100029cc:	b287      	uxth	r7, r0
100029ce:	4377      	muls	r7, r6
100029d0:	17d6      	asrs	r6, r2, #31
100029d2:	19d2      	adds	r2, r2, r7
100029d4:	2700      	movs	r7, #0
100029d6:	417e      	adcs	r6, r7
100029d8:	0436      	lsls	r6, r6, #16
100029da:	199b      	adds	r3, r3, r6
100029dc:	0417      	lsls	r7, r2, #16
100029de:	0c16      	lsrs	r6, r2, #16
100029e0:	187f      	adds	r7, r7, r1
100029e2:	415e      	adcs	r6, r3
100029e4:	1673      	asrs	r3, r6, #25
100029e6:	18ed      	adds	r5, r5, r3
100029e8:	01f3      	lsls	r3, r6, #7
100029ea:	2600      	movs	r6, #0
100029ec:	3380      	adds	r3, #128	@ 0x80
100029ee:	4175      	adcs	r5, r6
100029f0:	0fa9      	lsrs	r1, r5, #30
100029f2:	d106      	bne.n	10002a02 <dd_0>
100029f4:	0064      	lsls	r4, r4, #1
100029f6:	0a69      	lsrs	r1, r5, #9
100029f8:	05e8      	lsls	r0, r5, #23
100029fa:	0a5b      	lsrs	r3, r3, #9
100029fc:	4318      	orrs	r0, r3
100029fe:	d209      	bcs.n	10002a14 <dd_1>
10002a00:	e02f      	b.n	10002a62 <dd_2>

10002a02 <dd_0>:
10002a02:	2204      	movs	r2, #4
10002a04:	4494      	add	ip, r2
10002a06:	3380      	adds	r3, #128	@ 0x80
10002a08:	4175      	adcs	r5, r6
10002a0a:	0aa9      	lsrs	r1, r5, #10
10002a0c:	05a8      	lsls	r0, r5, #22
10002a0e:	0a9b      	lsrs	r3, r3, #10
10002a10:	4318      	orrs	r0, r3
10002a12:	d326      	bcc.n	10002a62 <dd_2>

10002a14 <dd_1>:
10002a14:	4140      	adcs	r0, r0
10002a16:	4149      	adcs	r1, r1
10002a18:	0424      	lsls	r4, r4, #16
10002a1a:	9a00      	ldr	r2, [sp, #0]
10002a1c:	9b01      	ldr	r3, [sp, #4]
10002a1e:	000d      	movs	r5, r1
10002a20:	4355      	muls	r5, r2
10002a22:	1b64      	subs	r4, r4, r5
10002a24:	4343      	muls	r3, r0
10002a26:	1ae4      	subs	r4, r4, r3
10002a28:	b295      	uxth	r5, r2
10002a2a:	b286      	uxth	r6, r0
10002a2c:	4375      	muls	r5, r6
10002a2e:	0c17      	lsrs	r7, r2, #16
10002a30:	437e      	muls	r6, r7
10002a32:	0c03      	lsrs	r3, r0, #16
10002a34:	435f      	muls	r7, r3
10002a36:	b292      	uxth	r2, r2
10002a38:	435a      	muls	r2, r3
10002a3a:	18b6      	adds	r6, r6, r2
10002a3c:	d302      	bcc.n	10002a44 <l24_1>
10002a3e:	2201      	movs	r2, #1
10002a40:	0412      	lsls	r2, r2, #16
10002a42:	18bf      	adds	r7, r7, r2

10002a44 <l24_1>:
10002a44:	0432      	lsls	r2, r6, #16
10002a46:	0c33      	lsrs	r3, r6, #16
10002a48:	1952      	adds	r2, r2, r5
10002a4a:	417b      	adcs	r3, r7
10002a4c:	4252      	negs	r2, r2
10002a4e:	419c      	sbcs	r4, r3
10002a50:	2c00      	cmp	r4, #0
10002a52:	d402      	bmi.n	10002a5a <l24_1+0x16>
10002a54:	2200      	movs	r2, #0
10002a56:	3001      	adds	r0, #1
10002a58:	4151      	adcs	r1, r2
10002a5a:	0840      	lsrs	r0, r0, #1
10002a5c:	07ca      	lsls	r2, r1, #31
10002a5e:	4310      	orrs	r0, r2
10002a60:	0849      	lsrs	r1, r1, #1

10002a62 <dd_2>:
10002a62:	b002      	add	sp, #8
10002a64:	4662      	mov	r2, ip
10002a66:	07d7      	lsls	r7, r2, #31
10002a68:	1092      	asrs	r2, r2, #2
10002a6a:	4b08      	ldr	r3, [pc, #32]	@ (10002a8c <dd_4+0x6>)
10002a6c:	18d2      	adds	r2, r2, r3
10002a6e:	4b08      	ldr	r3, [pc, #32]	@ (10002a90 <dd_4+0xa>)
10002a70:	429a      	cmp	r2, r3
10002a72:	d203      	bcs.n	10002a7c <dd_3>
10002a74:	0512      	lsls	r2, r2, #20
10002a76:	1889      	adds	r1, r1, r2

10002a78 <dd_5>:
10002a78:	19c9      	adds	r1, r1, r7
10002a7a:	bdf0      	pop	{r4, r5, r6, r7, pc}

10002a7c <dd_3>:
10002a7c:	2000      	movs	r0, #0
10002a7e:	2a00      	cmp	r2, #0
10002a80:	dc01      	bgt.n	10002a86 <dd_4>
10002a82:	0039      	movs	r1, r7
10002a84:	bdf0      	pop	{r4, r5, r6, r7, pc}

10002a86 <dd_4>:
10002a86:	3301      	adds	r3, #1
10002a88:	0519      	lsls	r1, r3, #20
10002a8a:	e7f5      	b.n	10002a78 <dd_5>
10002a8c:	000003fd 	.word	0x000003fd
10002a90:	000007fe 	.word	0x000007fe

10002a94 <double2uint_shim>:
10002a94:	2200      	movs	r2, #0

10002a96 <double2ufix_shim>:
10002a96:	b500      	push	{lr}
10002a98:	3220      	adds	r2, #32
10002a9a:	f000 f804 	bl	10002aa6 <double2ufix64_shim>
10002a9e:	0008      	movs	r0, r1
10002aa0:	bd00      	pop	{pc}
	...

10002aa4 <double2uint64_shim>:
10002aa4:	2200      	movs	r2, #0

10002aa6 <double2ufix64_shim>:
10002aa6:	150b      	asrs	r3, r1, #20
10002aa8:	d40a      	bmi.n	10002ac0 <ret_dzero>

10002aaa <d2fix>:
10002aaa:	b510      	push	{r4, lr}
10002aac:	4694      	mov	ip, r2
10002aae:	f000 f831 	bl	10002b14 <dunpacks>
10002ab2:	1414      	asrs	r4, r2, #16
10002ab4:	3401      	adds	r4, #1
10002ab6:	da00      	bge.n	10002aba <d2fix+0x10>
10002ab8:	2100      	movs	r1, #0
10002aba:	17cb      	asrs	r3, r1, #31
10002abc:	4c14      	ldr	r4, [pc, #80]	@ (10002b10 <d2fix_a+0x4a>)
10002abe:	4720      	bx	r4

10002ac0 <ret_dzero>:
10002ac0:	2000      	movs	r0, #0
10002ac2:	2100      	movs	r1, #0
10002ac4:	4770      	bx	lr

10002ac6 <d2fix_a>:
10002ac6:	4462      	add	r2, ip
10002ac8:	3a34      	subs	r2, #52	@ 0x34
10002aca:	d40c      	bmi.n	10002ae6 <d2fix_a+0x20>
10002acc:	2a0c      	cmp	r2, #12
10002ace:	da07      	bge.n	10002ae0 <d2fix_a+0x1a>
10002ad0:	0004      	movs	r4, r0
10002ad2:	4091      	lsls	r1, r2
10002ad4:	4090      	lsls	r0, r2
10002ad6:	4252      	negs	r2, r2
10002ad8:	3220      	adds	r2, #32
10002ada:	40d4      	lsrs	r4, r2
10002adc:	4321      	orrs	r1, r4
10002ade:	bd10      	pop	{r4, pc}
10002ae0:	43d8      	mvns	r0, r3
10002ae2:	43d9      	mvns	r1, r3
10002ae4:	bd10      	pop	{r4, pc}
10002ae6:	3220      	adds	r2, #32
10002ae8:	d407      	bmi.n	10002afa <d2fix_a+0x34>
10002aea:	460c      	mov	r4, r1
10002aec:	4094      	lsls	r4, r2
10002aee:	4252      	negs	r2, r2
10002af0:	3220      	adds	r2, #32
10002af2:	4111      	asrs	r1, r2
10002af4:	40d0      	lsrs	r0, r2
10002af6:	4320      	orrs	r0, r4
10002af8:	bd10      	pop	{r4, pc}
10002afa:	0008      	movs	r0, r1
10002afc:	17c9      	asrs	r1, r1, #31
10002afe:	3220      	adds	r2, #32
10002b00:	d403      	bmi.n	10002b0a <d2fix_a+0x44>
10002b02:	4252      	negs	r2, r2
10002b04:	3220      	adds	r2, #32
10002b06:	4110      	asrs	r0, r2
10002b08:	bd10      	pop	{r4, pc}
10002b0a:	0018      	movs	r0, r3
10002b0c:	0019      	movs	r1, r3
10002b0e:	bd10      	pop	{r4, pc}
10002b10:	10002ac7 	.word	0x10002ac7

10002b14 <dunpacks>:
10002b14:	0d0a      	lsrs	r2, r1, #20
10002b16:	0fcc      	lsrs	r4, r1, #31
10002b18:	1e53      	subs	r3, r2, #1
10002b1a:	051b      	lsls	r3, r3, #20
10002b1c:	1ac9      	subs	r1, r1, r3
10002b1e:	0552      	lsls	r2, r2, #21
10002b20:	d303      	bcc.n	10002b2a <l60_1>
10002b22:	43c9      	mvns	r1, r1
10002b24:	4240      	negs	r0, r0
10002b26:	d300      	bcc.n	10002b2a <l60_1>
10002b28:	3101      	adds	r1, #1

10002b2a <l60_1>:
10002b2a:	0d52      	lsrs	r2, r2, #21
10002b2c:	d003      	beq.n	10002b36 <l60_2>
10002b2e:	1c53      	adds	r3, r2, #1
10002b30:	0adb      	lsrs	r3, r3, #11
10002b32:	d007      	beq.n	10002b44 <l60_3>
10002b34:	1b12      	subs	r2, r2, r4

10002b36 <l60_2>:
10002b36:	2000      	movs	r0, #0
10002b38:	0064      	lsls	r4, r4, #1
10002b3a:	1c61      	adds	r1, r4, #1
10002b3c:	0789      	lsls	r1, r1, #30
10002b3e:	1289      	asrs	r1, r1, #10
10002b40:	3a80      	subs	r2, #128	@ 0x80
10002b42:	0312      	lsls	r2, r2, #12

10002b44 <l60_3>:
10002b44:	4b01      	ldr	r3, [pc, #4]	@ (10002b4c <l60_3+0x8>)
10002b46:	1ad2      	subs	r2, r2, r3
10002b48:	4770      	bx	lr
10002b4a:	0000      	.short	0x0000
10002b4c:	000003ff 	.word	0x000003ff

10002b50 <__wrap___aeabi_lmul>:
10002b50:	4351      	muls	r1, r2
10002b52:	4343      	muls	r3, r0
10002b54:	18c9      	adds	r1, r1, r3
10002b56:	468c      	mov	ip, r1
10002b58:	0c11      	lsrs	r1, r2, #16
10002b5a:	b283      	uxth	r3, r0
10002b5c:	434b      	muls	r3, r1
10002b5e:	b410      	push	{r4}
10002b60:	0c04      	lsrs	r4, r0, #16
10002b62:	4361      	muls	r1, r4
10002b64:	b292      	uxth	r2, r2
10002b66:	b280      	uxth	r0, r0
10002b68:	4350      	muls	r0, r2
10002b6a:	4362      	muls	r2, r4
10002b6c:	041c      	lsls	r4, r3, #16
10002b6e:	0c1b      	lsrs	r3, r3, #16
10002b70:	1900      	adds	r0, r0, r4
10002b72:	bc10      	pop	{r4}
10002b74:	4159      	adcs	r1, r3
10002b76:	0413      	lsls	r3, r2, #16
10002b78:	0c12      	lsrs	r2, r2, #16
10002b7a:	18c0      	adds	r0, r0, r3
10002b7c:	4151      	adcs	r1, r2
10002b7e:	4461      	add	r1, ip
10002b80:	4770      	bx	lr
	...

10002b84 <__aeabi_float_init>:
10002b84:	2313      	movs	r3, #19
10002b86:	b510      	push	{r4, lr}
10002b88:	781c      	ldrb	r4, [r3, #0]
10002b8a:	4813      	ldr	r0, [pc, #76]	@ (10002bd8 <__aeabi_float_init+0x54>)
10002b8c:	f7ff f818 	bl	10001bc0 <rom_data_lookup>
10002b90:	2c01      	cmp	r4, #1
10002b92:	d00b      	beq.n	10002bac <__aeabi_float_init+0x28>
10002b94:	dd04      	ble.n	10002ba0 <__aeabi_float_init+0x1c>
10002b96:	0001      	movs	r1, r0
10002b98:	2280      	movs	r2, #128	@ 0x80
10002b9a:	4810      	ldr	r0, [pc, #64]	@ (10002bdc <__aeabi_float_init+0x58>)
10002b9c:	f000 f84a 	bl	10002c34 <__wrap___aeabi_memcpy>
10002ba0:	480f      	ldr	r0, [pc, #60]	@ (10002be0 <__aeabi_float_init+0x5c>)
10002ba2:	f7ff f805 	bl	10001bb0 <rom_func_lookup>
10002ba6:	4b0f      	ldr	r3, [pc, #60]	@ (10002be4 <__aeabi_float_init+0x60>)
10002ba8:	6018      	str	r0, [r3, #0]
10002baa:	bd10      	pop	{r4, pc}
10002bac:	4c0b      	ldr	r4, [pc, #44]	@ (10002bdc <__aeabi_float_init+0x58>)
10002bae:	0001      	movs	r1, r0
10002bb0:	2254      	movs	r2, #84	@ 0x54
10002bb2:	0020      	movs	r0, r4
10002bb4:	f000 f83e 	bl	10002c34 <__wrap___aeabi_memcpy>
10002bb8:	4b0b      	ldr	r3, [pc, #44]	@ (10002be8 <__aeabi_float_init+0x64>)
10002bba:	6563      	str	r3, [r4, #84]	@ 0x54
10002bbc:	65a3      	str	r3, [r4, #88]	@ 0x58
10002bbe:	65e3      	str	r3, [r4, #92]	@ 0x5c
10002bc0:	6623      	str	r3, [r4, #96]	@ 0x60
10002bc2:	6663      	str	r3, [r4, #100]	@ 0x64
10002bc4:	66a3      	str	r3, [r4, #104]	@ 0x68
10002bc6:	66e3      	str	r3, [r4, #108]	@ 0x6c
10002bc8:	6723      	str	r3, [r4, #112]	@ 0x70
10002bca:	6763      	str	r3, [r4, #116]	@ 0x74
10002bcc:	67a3      	str	r3, [r4, #120]	@ 0x78
10002bce:	67e3      	str	r3, [r4, #124]	@ 0x7c
10002bd0:	6223      	str	r3, [r4, #32]
10002bd2:	61e3      	str	r3, [r4, #28]
10002bd4:	e7e4      	b.n	10002ba0 <__aeabi_float_init+0x1c>
10002bd6:	46c0      	nop			@ (mov r8, r8)
10002bd8:	00004653 	.word	0x00004653
10002bdc:	20001380 	.word	0x20001380
10002be0:	0000334c 	.word	0x0000334c
10002be4:	20002a1c 	.word	0x20002a1c
10002be8:	10002bed 	.word	0x10002bed

10002bec <float_table_shim_on_use_helper>:
10002bec:	b507      	push	{r0, r1, r2, lr}
10002bee:	4660      	mov	r0, ip
10002bf0:	8801      	ldrh	r1, [r0, #0]
10002bf2:	0a0a      	lsrs	r2, r1, #8
10002bf4:	3002      	adds	r0, #2
10002bf6:	2adf      	cmp	r2, #223	@ 0xdf
10002bf8:	d1fa      	bne.n	10002bf0 <float_table_shim_on_use_helper+0x4>
10002bfa:	b2c9      	uxtb	r1, r1
10002bfc:	0882      	lsrs	r2, r0, #2
10002bfe:	d304      	bcc.n	10002c0a <float_table_shim_on_use_helper+0x1e>
10002c00:	8802      	ldrh	r2, [r0, #0]
10002c02:	8840      	ldrh	r0, [r0, #2]
10002c04:	0400      	lsls	r0, r0, #16
10002c06:	4310      	orrs	r0, r2
10002c08:	e000      	b.n	10002c0c <float_table_shim_on_use_helper+0x20>
10002c0a:	6800      	ldr	r0, [r0, #0]
10002c0c:	4a01      	ldr	r2, [pc, #4]	@ (10002c14 <float_table_shim_on_use_helper+0x28>)
10002c0e:	5050      	str	r0, [r2, r1]
10002c10:	9003      	str	r0, [sp, #12]
10002c12:	bd07      	pop	{r0, r1, r2, pc}
10002c14:	20001380 	.word	0x20001380

10002c18 <__aeabi_mem_init>:
10002c18:	4801      	ldr	r0, [pc, #4]	@ (10002c20 <__aeabi_mem_init+0x8>)
10002c1a:	2104      	movs	r1, #4
10002c1c:	4b01      	ldr	r3, [pc, #4]	@ (10002c24 <__aeabi_mem_init+0xc>)
10002c1e:	4718      	bx	r3
10002c20:	20000fe0 	.word	0x20000fe0
10002c24:	10001bd1 	.word	0x10001bd1

10002c28 <__wrap_memset>:
10002c28:	4b01      	ldr	r3, [pc, #4]	@ (10002c30 <__wrap_memset+0x8>)
10002c2a:	681b      	ldr	r3, [r3, #0]
10002c2c:	4718      	bx	r3
10002c2e:	0000      	.short	0x0000
10002c30:	20000fe0 	.word	0x20000fe0

10002c34 <__wrap___aeabi_memcpy>:
10002c34:	4b01      	ldr	r3, [pc, #4]	@ (10002c3c <__wrap___aeabi_memcpy+0x8>)
10002c36:	685b      	ldr	r3, [r3, #4]
10002c38:	4718      	bx	r3
10002c3a:	0000      	.short	0x0000
10002c3c:	20000fe0 	.word	0x20000fe0

10002c40 <_out_null>:
10002c40:	4770      	bx	lr
10002c42:	46c0      	nop			@ (mov r8, r8)

10002c44 <_out_rev>:
10002c44:	b5f8      	push	{r3, r4, r5, r6, r7, lr}
10002c46:	46de      	mov	lr, fp
10002c48:	4657      	mov	r7, sl
10002c4a:	464e      	mov	r6, r9
10002c4c:	4645      	mov	r5, r8
10002c4e:	b5e0      	push	{r5, r6, r7, lr}
10002c50:	4699      	mov	r9, r3
10002c52:	9b0d      	ldr	r3, [sp, #52]	@ 0x34
10002c54:	0007      	movs	r7, r0
10002c56:	4688      	mov	r8, r1
10002c58:	4693      	mov	fp, r2
10002c5a:	079b      	lsls	r3, r3, #30
10002c5c:	d028      	beq.n	10002cb0 <_out_rev+0x6c>
10002c5e:	9b0b      	ldr	r3, [sp, #44]	@ 0x2c
10002c60:	2b00      	cmp	r3, #0
10002c62:	d03c      	beq.n	10002cde <_out_rev+0x9a>
10002c64:	0016      	movs	r6, r2
10002c66:	9c0b      	ldr	r4, [sp, #44]	@ 0x2c
10002c68:	9d0a      	ldr	r5, [sp, #40]	@ 0x28
10002c6a:	1936      	adds	r6, r6, r4
10002c6c:	1b32      	subs	r2, r6, r4
10002c6e:	3c01      	subs	r4, #1
10002c70:	464b      	mov	r3, r9
10002c72:	4641      	mov	r1, r8
10002c74:	5d28      	ldrb	r0, [r5, r4]
10002c76:	47b8      	blx	r7
10002c78:	2c00      	cmp	r4, #0
10002c7a:	d1f7      	bne.n	10002c6c <_out_rev+0x28>
10002c7c:	0035      	movs	r5, r6
10002c7e:	9b0d      	ldr	r3, [sp, #52]	@ 0x34
10002c80:	079b      	lsls	r3, r3, #30
10002c82:	d50e      	bpl.n	10002ca2 <_out_rev+0x5e>
10002c84:	465b      	mov	r3, fp
10002c86:	1aec      	subs	r4, r5, r3
10002c88:	9b0c      	ldr	r3, [sp, #48]	@ 0x30
10002c8a:	42a3      	cmp	r3, r4
10002c8c:	d909      	bls.n	10002ca2 <_out_rev+0x5e>
10002c8e:	001e      	movs	r6, r3
10002c90:	002a      	movs	r2, r5
10002c92:	464b      	mov	r3, r9
10002c94:	4641      	mov	r1, r8
10002c96:	2020      	movs	r0, #32
10002c98:	3401      	adds	r4, #1
10002c9a:	47b8      	blx	r7
10002c9c:	3501      	adds	r5, #1
10002c9e:	42b4      	cmp	r4, r6
10002ca0:	d3f6      	bcc.n	10002c90 <_out_rev+0x4c>
10002ca2:	0028      	movs	r0, r5
10002ca4:	bcf0      	pop	{r4, r5, r6, r7}
10002ca6:	46bb      	mov	fp, r7
10002ca8:	46b2      	mov	sl, r6
10002caa:	46a9      	mov	r9, r5
10002cac:	46a0      	mov	r8, r4
10002cae:	bdf8      	pop	{r3, r4, r5, r6, r7, pc}
10002cb0:	9b0b      	ldr	r3, [sp, #44]	@ 0x2c
10002cb2:	9a0c      	ldr	r2, [sp, #48]	@ 0x30
10002cb4:	4293      	cmp	r3, r2
10002cb6:	d214      	bcs.n	10002ce2 <_out_rev+0x9e>
10002cb8:	0013      	movs	r3, r2
10002cba:	465d      	mov	r5, fp
10002cbc:	000c      	movs	r4, r1
10002cbe:	9a0b      	ldr	r2, [sp, #44]	@ 0x2c
10002cc0:	1a9e      	subs	r6, r3, r2
10002cc2:	1976      	adds	r6, r6, r5
10002cc4:	002a      	movs	r2, r5
10002cc6:	464b      	mov	r3, r9
10002cc8:	3501      	adds	r5, #1
10002cca:	0021      	movs	r1, r4
10002ccc:	2020      	movs	r0, #32
10002cce:	47b8      	blx	r7
10002cd0:	42b5      	cmp	r5, r6
10002cd2:	d1f7      	bne.n	10002cc4 <_out_rev+0x80>
10002cd4:	9b0b      	ldr	r3, [sp, #44]	@ 0x2c
10002cd6:	46a0      	mov	r8, r4
10002cd8:	2b00      	cmp	r3, #0
10002cda:	d1c4      	bne.n	10002c66 <_out_rev+0x22>
10002cdc:	e7e1      	b.n	10002ca2 <_out_rev+0x5e>
10002cde:	0015      	movs	r5, r2
10002ce0:	e7cd      	b.n	10002c7e <_out_rev+0x3a>
10002ce2:	465e      	mov	r6, fp
10002ce4:	2b00      	cmp	r3, #0
10002ce6:	d1be      	bne.n	10002c66 <_out_rev+0x22>
10002ce8:	465d      	mov	r5, fp
10002cea:	e7da      	b.n	10002ca2 <_out_rev+0x5e>

10002cec <_ntoa_format>:
10002cec:	b5f0      	push	{r4, r5, r6, r7, lr}
10002cee:	464f      	mov	r7, r9
10002cf0:	46d6      	mov	lr, sl
10002cf2:	4646      	mov	r6, r8
10002cf4:	b5c0      	push	{r6, r7, lr}
10002cf6:	b084      	sub	sp, #16
10002cf8:	469c      	mov	ip, r3
10002cfa:	ab0e      	add	r3, sp, #56	@ 0x38
10002cfc:	781f      	ldrb	r7, [r3, #0]
10002cfe:	9b12      	ldr	r3, [sp, #72]	@ 0x48
10002d00:	4691      	mov	r9, r2
10002d02:	46ba      	mov	sl, r7
10002d04:	9c0d      	ldr	r4, [sp, #52]	@ 0x34
10002d06:	9e10      	ldr	r6, [sp, #64]	@ 0x40
10002d08:	9d11      	ldr	r5, [sp, #68]	@ 0x44
10002d0a:	079b      	lsls	r3, r3, #30
10002d0c:	d44c      	bmi.n	10002da8 <_ntoa_format+0xbc>
10002d0e:	2d00      	cmp	r5, #0
10002d10:	d141      	bne.n	10002d96 <_ntoa_format+0xaa>
10002d12:	42b4      	cmp	r4, r6
10002d14:	d248      	bcs.n	10002da8 <_ntoa_format+0xbc>
10002d16:	2301      	movs	r3, #1
10002d18:	9f12      	ldr	r7, [sp, #72]	@ 0x48
10002d1a:	401f      	ands	r7, r3
10002d1c:	46b8      	mov	r8, r7
10002d1e:	9b0c      	ldr	r3, [sp, #48]	@ 0x30
10002d20:	1e5f      	subs	r7, r3, #1
10002d22:	2330      	movs	r3, #48	@ 0x30
10002d24:	e003      	b.n	10002d2e <_ntoa_format+0x42>
10002d26:	3401      	adds	r4, #1
10002d28:	553b      	strb	r3, [r7, r4]
10002d2a:	42a6      	cmp	r6, r4
10002d2c:	d901      	bls.n	10002d32 <_ntoa_format+0x46>
10002d2e:	2c20      	cmp	r4, #32
10002d30:	d1f9      	bne.n	10002d26 <_ntoa_format+0x3a>
10002d32:	4643      	mov	r3, r8
10002d34:	2b00      	cmp	r3, #0
10002d36:	d100      	bne.n	10002d3a <_ntoa_format+0x4e>
10002d38:	e087      	b.n	10002e4a <_ntoa_format+0x15e>
10002d3a:	9b0c      	ldr	r3, [sp, #48]	@ 0x30
10002d3c:	1e5f      	subs	r7, r3, #1
10002d3e:	2330      	movs	r3, #48	@ 0x30
10002d40:	42a5      	cmp	r5, r4
10002d42:	d804      	bhi.n	10002d4e <_ntoa_format+0x62>
10002d44:	e030      	b.n	10002da8 <_ntoa_format+0xbc>
10002d46:	3401      	adds	r4, #1
10002d48:	553b      	strb	r3, [r7, r4]
10002d4a:	42ac      	cmp	r4, r5
10002d4c:	d02c      	beq.n	10002da8 <_ntoa_format+0xbc>
10002d4e:	2c20      	cmp	r4, #32
10002d50:	d1f9      	bne.n	10002d46 <_ntoa_format+0x5a>
10002d52:	9b12      	ldr	r3, [sp, #72]	@ 0x48
10002d54:	06db      	lsls	r3, r3, #27
10002d56:	d50d      	bpl.n	10002d74 <_ntoa_format+0x88>
10002d58:	9b12      	ldr	r3, [sp, #72]	@ 0x48
10002d5a:	055b      	lsls	r3, r3, #21
10002d5c:	d457      	bmi.n	10002e0e <_ntoa_format+0x122>
10002d5e:	42a6      	cmp	r6, r4
10002d60:	d067      	beq.n	10002e32 <_ntoa_format+0x146>
10002d62:	42a5      	cmp	r5, r4
10002d64:	d065      	beq.n	10002e32 <_ntoa_format+0x146>
10002d66:	9b0f      	ldr	r3, [sp, #60]	@ 0x3c
10002d68:	2b10      	cmp	r3, #16
10002d6a:	d053      	beq.n	10002e14 <_ntoa_format+0x128>
10002d6c:	2b02      	cmp	r3, #2
10002d6e:	d05b      	beq.n	10002e28 <_ntoa_format+0x13c>
10002d70:	2c20      	cmp	r4, #32
10002d72:	d136      	bne.n	10002de2 <_ntoa_format+0xf6>
10002d74:	2320      	movs	r3, #32
10002d76:	9c12      	ldr	r4, [sp, #72]	@ 0x48
10002d78:	9301      	str	r3, [sp, #4]
10002d7a:	9b0c      	ldr	r3, [sp, #48]	@ 0x30
10002d7c:	464a      	mov	r2, r9
10002d7e:	9300      	str	r3, [sp, #0]
10002d80:	9403      	str	r4, [sp, #12]
10002d82:	4663      	mov	r3, ip
10002d84:	9502      	str	r5, [sp, #8]
10002d86:	f7ff ff5d 	bl	10002c44 <_out_rev>
10002d8a:	b004      	add	sp, #16
10002d8c:	bce0      	pop	{r5, r6, r7}
10002d8e:	46ba      	mov	sl, r7
10002d90:	46b1      	mov	r9, r6
10002d92:	46a8      	mov	r8, r5
10002d94:	bdf0      	pop	{r4, r5, r6, r7, pc}
10002d96:	2301      	movs	r3, #1
10002d98:	9a12      	ldr	r2, [sp, #72]	@ 0x48
10002d9a:	4013      	ands	r3, r2
10002d9c:	4698      	mov	r8, r3
10002d9e:	2301      	movs	r3, #1
10002da0:	4213      	tst	r3, r2
10002da2:	d12d      	bne.n	10002e00 <_ntoa_format+0x114>
10002da4:	42b4      	cmp	r4, r6
10002da6:	d3ba      	bcc.n	10002d1e <_ntoa_format+0x32>
10002da8:	9b12      	ldr	r3, [sp, #72]	@ 0x48
10002daa:	06db      	lsls	r3, r3, #27
10002dac:	d51e      	bpl.n	10002dec <_ntoa_format+0x100>
10002dae:	9b12      	ldr	r3, [sp, #72]	@ 0x48
10002db0:	055b      	lsls	r3, r3, #21
10002db2:	d4d8      	bmi.n	10002d66 <_ntoa_format+0x7a>
10002db4:	2c00      	cmp	r4, #0
10002db6:	d1d2      	bne.n	10002d5e <_ntoa_format+0x72>
10002db8:	9b0f      	ldr	r3, [sp, #60]	@ 0x3c
10002dba:	2b10      	cmp	r3, #16
10002dbc:	d060      	beq.n	10002e80 <_ntoa_format+0x194>
10002dbe:	9b0f      	ldr	r3, [sp, #60]	@ 0x3c
10002dc0:	2b02      	cmp	r3, #2
10002dc2:	d071      	beq.n	10002ea8 <_ntoa_format+0x1bc>
10002dc4:	2330      	movs	r3, #48	@ 0x30
10002dc6:	2401      	movs	r4, #1
10002dc8:	9a0c      	ldr	r2, [sp, #48]	@ 0x30
10002dca:	7013      	strb	r3, [r2, #0]
10002dcc:	4653      	mov	r3, sl
10002dce:	2b00      	cmp	r3, #0
10002dd0:	d111      	bne.n	10002df6 <_ntoa_format+0x10a>
10002dd2:	9b12      	ldr	r3, [sp, #72]	@ 0x48
10002dd4:	075b      	lsls	r3, r3, #29
10002dd6:	d540      	bpl.n	10002e5a <_ntoa_format+0x16e>
10002dd8:	262b      	movs	r6, #43	@ 0x2b
10002dda:	9a0c      	ldr	r2, [sp, #48]	@ 0x30
10002ddc:	1c63      	adds	r3, r4, #1
10002dde:	5516      	strb	r6, [r2, r4]
10002de0:	e7c9      	b.n	10002d76 <_ntoa_format+0x8a>
10002de2:	0023      	movs	r3, r4
10002de4:	3401      	adds	r4, #1
10002de6:	2630      	movs	r6, #48	@ 0x30
10002de8:	9a0c      	ldr	r2, [sp, #48]	@ 0x30
10002dea:	54d6      	strb	r6, [r2, r3]
10002dec:	2c20      	cmp	r4, #32
10002dee:	d0c1      	beq.n	10002d74 <_ntoa_format+0x88>
10002df0:	4653      	mov	r3, sl
10002df2:	2b00      	cmp	r3, #0
10002df4:	d0ed      	beq.n	10002dd2 <_ntoa_format+0xe6>
10002df6:	262d      	movs	r6, #45	@ 0x2d
10002df8:	9a0c      	ldr	r2, [sp, #48]	@ 0x30
10002dfa:	1c63      	adds	r3, r4, #1
10002dfc:	5516      	strb	r6, [r2, r4]
10002dfe:	e7ba      	b.n	10002d76 <_ntoa_format+0x8a>
10002e00:	2f00      	cmp	r7, #0
10002e02:	d034      	beq.n	10002e6e <_ntoa_format+0x182>
10002e04:	3d01      	subs	r5, #1
10002e06:	42b4      	cmp	r4, r6
10002e08:	d200      	bcs.n	10002e0c <_ntoa_format+0x120>
10002e0a:	e788      	b.n	10002d1e <_ntoa_format+0x32>
10002e0c:	e795      	b.n	10002d3a <_ntoa_format+0x4e>
10002e0e:	9b0f      	ldr	r3, [sp, #60]	@ 0x3c
10002e10:	2b10      	cmp	r3, #16
10002e12:	d1af      	bne.n	10002d74 <_ntoa_format+0x88>
10002e14:	9b12      	ldr	r3, [sp, #72]	@ 0x48
10002e16:	069b      	lsls	r3, r3, #26
10002e18:	d53c      	bpl.n	10002e94 <_ntoa_format+0x1a8>
10002e1a:	2c20      	cmp	r4, #32
10002e1c:	d0aa      	beq.n	10002d74 <_ntoa_format+0x88>
10002e1e:	2358      	movs	r3, #88	@ 0x58
10002e20:	9a0c      	ldr	r2, [sp, #48]	@ 0x30
10002e22:	5513      	strb	r3, [r2, r4]
10002e24:	3401      	adds	r4, #1
10002e26:	e7a3      	b.n	10002d70 <_ntoa_format+0x84>
10002e28:	2c20      	cmp	r4, #32
10002e2a:	d0a3      	beq.n	10002d74 <_ntoa_format+0x88>
10002e2c:	0023      	movs	r3, r4
10002e2e:	3401      	adds	r4, #1
10002e30:	e007      	b.n	10002e42 <_ntoa_format+0x156>
10002e32:	1e63      	subs	r3, r4, #1
10002e34:	2c01      	cmp	r4, #1
10002e36:	d0bf      	beq.n	10002db8 <_ntoa_format+0xcc>
10002e38:	9a0f      	ldr	r2, [sp, #60]	@ 0x3c
10002e3a:	2a10      	cmp	r2, #16
10002e3c:	d036      	beq.n	10002eac <_ntoa_format+0x1c0>
10002e3e:	2a02      	cmp	r2, #2
10002e40:	d1d1      	bne.n	10002de6 <_ntoa_format+0xfa>
10002e42:	2662      	movs	r6, #98	@ 0x62
10002e44:	9a0c      	ldr	r2, [sp, #48]	@ 0x30
10002e46:	54d6      	strb	r6, [r2, r3]
10002e48:	e792      	b.n	10002d70 <_ntoa_format+0x84>
10002e4a:	9b12      	ldr	r3, [sp, #72]	@ 0x48
10002e4c:	06db      	lsls	r3, r3, #27
10002e4e:	d5cd      	bpl.n	10002dec <_ntoa_format+0x100>
10002e50:	9b12      	ldr	r3, [sp, #72]	@ 0x48
10002e52:	055b      	lsls	r3, r3, #21
10002e54:	d400      	bmi.n	10002e58 <_ntoa_format+0x16c>
10002e56:	e782      	b.n	10002d5e <_ntoa_format+0x72>
10002e58:	e785      	b.n	10002d66 <_ntoa_format+0x7a>
10002e5a:	9a12      	ldr	r2, [sp, #72]	@ 0x48
10002e5c:	0023      	movs	r3, r4
10002e5e:	0716      	lsls	r6, r2, #28
10002e60:	d400      	bmi.n	10002e64 <_ntoa_format+0x178>
10002e62:	e788      	b.n	10002d76 <_ntoa_format+0x8a>
10002e64:	2620      	movs	r6, #32
10002e66:	9a0c      	ldr	r2, [sp, #48]	@ 0x30
10002e68:	3301      	adds	r3, #1
10002e6a:	5516      	strb	r6, [r2, r4]
10002e6c:	e783      	b.n	10002d76 <_ntoa_format+0x8a>
10002e6e:	230c      	movs	r3, #12
10002e70:	4013      	ands	r3, r2
10002e72:	1e5f      	subs	r7, r3, #1
10002e74:	41bb      	sbcs	r3, r7
10002e76:	1aed      	subs	r5, r5, r3
10002e78:	42b4      	cmp	r4, r6
10002e7a:	d200      	bcs.n	10002e7e <_ntoa_format+0x192>
10002e7c:	e74f      	b.n	10002d1e <_ntoa_format+0x32>
10002e7e:	e75c      	b.n	10002d3a <_ntoa_format+0x4e>
10002e80:	9b12      	ldr	r3, [sp, #72]	@ 0x48
10002e82:	069b      	lsls	r3, r3, #26
10002e84:	d40e      	bmi.n	10002ea4 <_ntoa_format+0x1b8>
10002e86:	2378      	movs	r3, #120	@ 0x78
10002e88:	9a0c      	ldr	r2, [sp, #48]	@ 0x30
10002e8a:	2402      	movs	r4, #2
10002e8c:	7013      	strb	r3, [r2, #0]
10002e8e:	2330      	movs	r3, #48	@ 0x30
10002e90:	7053      	strb	r3, [r2, #1]
10002e92:	e79b      	b.n	10002dcc <_ntoa_format+0xe0>
10002e94:	2c20      	cmp	r4, #32
10002e96:	d100      	bne.n	10002e9a <_ntoa_format+0x1ae>
10002e98:	e76c      	b.n	10002d74 <_ntoa_format+0x88>
10002e9a:	2378      	movs	r3, #120	@ 0x78
10002e9c:	9a0c      	ldr	r2, [sp, #48]	@ 0x30
10002e9e:	5513      	strb	r3, [r2, r4]
10002ea0:	3401      	adds	r4, #1
10002ea2:	e765      	b.n	10002d70 <_ntoa_format+0x84>
10002ea4:	2358      	movs	r3, #88	@ 0x58
10002ea6:	e7ef      	b.n	10002e88 <_ntoa_format+0x19c>
10002ea8:	3360      	adds	r3, #96	@ 0x60
10002eaa:	e7ed      	b.n	10002e88 <_ntoa_format+0x19c>
10002eac:	9a0c      	ldr	r2, [sp, #48]	@ 0x30
10002eae:	1ea6      	subs	r6, r4, #2
10002eb0:	18b6      	adds	r6, r6, r2
10002eb2:	9a12      	ldr	r2, [sp, #72]	@ 0x48
10002eb4:	0692      	lsls	r2, r2, #26
10002eb6:	d502      	bpl.n	10002ebe <_ntoa_format+0x1d2>
10002eb8:	2258      	movs	r2, #88	@ 0x58
10002eba:	7032      	strb	r2, [r6, #0]
10002ebc:	e793      	b.n	10002de6 <_ntoa_format+0xfa>
10002ebe:	2278      	movs	r2, #120	@ 0x78
10002ec0:	7032      	strb	r2, [r6, #0]
10002ec2:	e790      	b.n	10002de6 <_ntoa_format+0xfa>

10002ec4 <_out_char>:
10002ec4:	b510      	push	{r4, lr}
10002ec6:	2800      	cmp	r0, #0
10002ec8:	d100      	bne.n	10002ecc <_out_char+0x8>
10002eca:	bd10      	pop	{r4, pc}
10002ecc:	f001 fbe8 	bl	100046a0 <__wrap_putchar>
10002ed0:	e7fb      	b.n	10002eca <_out_char+0x6>
10002ed2:	46c0      	nop			@ (mov r8, r8)

10002ed4 <_out_fct>:
10002ed4:	b510      	push	{r4, lr}
10002ed6:	2800      	cmp	r0, #0
10002ed8:	d003      	beq.n	10002ee2 <_out_fct+0xe>
10002eda:	684a      	ldr	r2, [r1, #4]
10002edc:	680b      	ldr	r3, [r1, #0]
10002ede:	0011      	movs	r1, r2
10002ee0:	4798      	blx	r3
10002ee2:	bd10      	pop	{r4, pc}

10002ee4 <_ftoa>:
10002ee4:	b5f0      	push	{r4, r5, r6, r7, lr}
10002ee6:	464e      	mov	r6, r9
10002ee8:	46de      	mov	lr, fp
10002eea:	4657      	mov	r7, sl
10002eec:	4645      	mov	r5, r8
10002eee:	b5e0      	push	{r5, r6, r7, lr}
10002ef0:	b095      	sub	sp, #84	@ 0x54
10002ef2:	4683      	mov	fp, r0
10002ef4:	4689      	mov	r9, r1
10002ef6:	4692      	mov	sl, r2
10002ef8:	4698      	mov	r8, r3
10002efa:	9a1e      	ldr	r2, [sp, #120]	@ 0x78
10002efc:	9b1f      	ldr	r3, [sp, #124]	@ 0x7c
10002efe:	0010      	movs	r0, r2
10002f00:	0019      	movs	r1, r3
10002f02:	9e20      	ldr	r6, [sp, #128]	@ 0x80
10002f04:	f7ff fac9 	bl	1000249a <__wrap___aeabi_dcmpun>
10002f08:	2800      	cmp	r0, #0
10002f0a:	d000      	beq.n	10002f0e <_ftoa+0x2a>
10002f0c:	e1d2      	b.n	100032b4 <_ftoa+0x3d0>
10002f0e:	981e      	ldr	r0, [sp, #120]	@ 0x78
10002f10:	991f      	ldr	r1, [sp, #124]	@ 0x7c
10002f12:	2201      	movs	r2, #1
10002f14:	4bc4      	ldr	r3, [pc, #784]	@ (10003228 <_ftoa+0x344>)
10002f16:	4252      	negs	r2, r2
10002f18:	f7ff faa4 	bl	10002464 <__wrap___aeabi_dcmplt>
10002f1c:	2800      	cmp	r0, #0
10002f1e:	d000      	beq.n	10002f22 <_ftoa+0x3e>
10002f20:	e101      	b.n	10003126 <_ftoa+0x242>
10002f22:	981e      	ldr	r0, [sp, #120]	@ 0x78
10002f24:	991f      	ldr	r1, [sp, #124]	@ 0x7c
10002f26:	2201      	movs	r2, #1
10002f28:	4bc0      	ldr	r3, [pc, #768]	@ (1000322c <_ftoa+0x348>)
10002f2a:	4252      	negs	r2, r2
10002f2c:	f7ff fab0 	bl	10002490 <__wrap___aeabi_dcmpgt>
10002f30:	2800      	cmp	r0, #0
10002f32:	d000      	beq.n	10002f36 <_ftoa+0x52>
10002f34:	e0d6      	b.n	100030e4 <_ftoa+0x200>
10002f36:	981e      	ldr	r0, [sp, #120]	@ 0x78
10002f38:	991f      	ldr	r1, [sp, #124]	@ 0x7c
10002f3a:	2200      	movs	r2, #0
10002f3c:	4bbc      	ldr	r3, [pc, #752]	@ (10003230 <_ftoa+0x34c>)
10002f3e:	f7ff faa7 	bl	10002490 <__wrap___aeabi_dcmpgt>
10002f42:	2800      	cmp	r0, #0
10002f44:	d000      	beq.n	10002f48 <_ftoa+0x64>
10002f46:	e0b5      	b.n	100030b4 <_ftoa+0x1d0>
10002f48:	981e      	ldr	r0, [sp, #120]	@ 0x78
10002f4a:	991f      	ldr	r1, [sp, #124]	@ 0x7c
10002f4c:	2200      	movs	r2, #0
10002f4e:	4bb9      	ldr	r3, [pc, #740]	@ (10003234 <_ftoa+0x350>)
10002f50:	f7ff fa88 	bl	10002464 <__wrap___aeabi_dcmplt>
10002f54:	2800      	cmp	r0, #0
10002f56:	d000      	beq.n	10002f5a <_ftoa+0x76>
10002f58:	e0ac      	b.n	100030b4 <_ftoa+0x1d0>
10002f5a:	981e      	ldr	r0, [sp, #120]	@ 0x78
10002f5c:	991f      	ldr	r1, [sp, #124]	@ 0x7c
10002f5e:	2200      	movs	r2, #0
10002f60:	2300      	movs	r3, #0
10002f62:	f7ff fa7f 	bl	10002464 <__wrap___aeabi_dcmplt>
10002f66:	2800      	cmp	r0, #0
10002f68:	d000      	beq.n	10002f6c <_ftoa+0x88>
10002f6a:	e0d1      	b.n	10003110 <_ftoa+0x22c>
10002f6c:	2300      	movs	r3, #0
10002f6e:	930b      	str	r3, [sp, #44]	@ 0x2c
10002f70:	9b22      	ldr	r3, [sp, #136]	@ 0x88
10002f72:	055b      	lsls	r3, r3, #21
10002f74:	d400      	bmi.n	10002f78 <_ftoa+0x94>
10002f76:	2606      	movs	r6, #6
10002f78:	2400      	movs	r4, #0
10002f7a:	2330      	movs	r3, #48	@ 0x30
10002f7c:	e006      	b.n	10002f8c <_ftoa+0xa8>
10002f7e:	aa06      	add	r2, sp, #24
10002f80:	3401      	adds	r4, #1
10002f82:	3217      	adds	r2, #23
10002f84:	5513      	strb	r3, [r2, r4]
10002f86:	3e01      	subs	r6, #1
10002f88:	2c20      	cmp	r4, #32
10002f8a:	d001      	beq.n	10002f90 <_ftoa+0xac>
10002f8c:	2e09      	cmp	r6, #9
10002f8e:	d8f6      	bhi.n	10002f7e <_ftoa+0x9a>
10002f90:	981e      	ldr	r0, [sp, #120]	@ 0x78
10002f92:	991f      	ldr	r1, [sp, #124]	@ 0x7c
10002f94:	f7ff faaa 	bl	100024ec <__wrap___aeabi_d2iz>
10002f98:	4ba7      	ldr	r3, [pc, #668]	@ (10003238 <_ftoa+0x354>)
10002f9a:	00f2      	lsls	r2, r6, #3
10002f9c:	189b      	adds	r3, r3, r2
10002f9e:	cb0c      	ldmia	r3, {r2, r3}
10002fa0:	0005      	movs	r5, r0
10002fa2:	9208      	str	r2, [sp, #32]
10002fa4:	9309      	str	r3, [sp, #36]	@ 0x24
10002fa6:	f7ff fa89 	bl	100024bc <__wrap___aeabi_i2d>
10002faa:	0002      	movs	r2, r0
10002fac:	000b      	movs	r3, r1
10002fae:	981e      	ldr	r0, [sp, #120]	@ 0x78
10002fb0:	991f      	ldr	r1, [sp, #124]	@ 0x7c
10002fb2:	f7ff f9e4 	bl	1000237e <__wrap___aeabi_dsub>
10002fb6:	9a08      	ldr	r2, [sp, #32]
10002fb8:	9b09      	ldr	r3, [sp, #36]	@ 0x24
10002fba:	f7ff fa10 	bl	100023de <__wrap___aeabi_dmul>
10002fbe:	9006      	str	r0, [sp, #24]
10002fc0:	9107      	str	r1, [sp, #28]
10002fc2:	f7ff fab7 	bl	10002534 <__wrap___aeabi_d2uiz>
10002fc6:	0007      	movs	r7, r0
10002fc8:	f7ff fa74 	bl	100024b4 <__wrap___aeabi_ui2d>
10002fcc:	0002      	movs	r2, r0
10002fce:	000b      	movs	r3, r1
10002fd0:	9806      	ldr	r0, [sp, #24]
10002fd2:	9907      	ldr	r1, [sp, #28]
10002fd4:	f7ff f9d3 	bl	1000237e <__wrap___aeabi_dsub>
10002fd8:	2200      	movs	r2, #0
10002fda:	4b98      	ldr	r3, [pc, #608]	@ (1000323c <_ftoa+0x358>)
10002fdc:	9006      	str	r0, [sp, #24]
10002fde:	9107      	str	r1, [sp, #28]
10002fe0:	f7ff fa56 	bl	10002490 <__wrap___aeabi_dcmpgt>
10002fe4:	2800      	cmp	r0, #0
10002fe6:	d100      	bne.n	10002fea <_ftoa+0x106>
10002fe8:	e0e9      	b.n	100031be <_ftoa+0x2da>
10002fea:	3701      	adds	r7, #1
10002fec:	0038      	movs	r0, r7
10002fee:	f7ff fa61 	bl	100024b4 <__wrap___aeabi_ui2d>
10002ff2:	0002      	movs	r2, r0
10002ff4:	000b      	movs	r3, r1
10002ff6:	9808      	ldr	r0, [sp, #32]
10002ff8:	9909      	ldr	r1, [sp, #36]	@ 0x24
10002ffa:	f7ff fa39 	bl	10002470 <__wrap___aeabi_dcmple>
10002ffe:	2800      	cmp	r0, #0
10003000:	d001      	beq.n	10003006 <_ftoa+0x122>
10003002:	2700      	movs	r7, #0
10003004:	3501      	adds	r5, #1
10003006:	2e00      	cmp	r6, #0
10003008:	d100      	bne.n	1000300c <_ftoa+0x128>
1000300a:	e0b7      	b.n	1000317c <_ftoa+0x298>
1000300c:	9506      	str	r5, [sp, #24]
1000300e:	e013      	b.n	10003038 <_ftoa+0x154>
10003010:	2317      	movs	r3, #23
10003012:	aa06      	add	r2, sp, #24
10003014:	189b      	adds	r3, r3, r2
10003016:	210a      	movs	r1, #10
10003018:	0038      	movs	r0, r7
1000301a:	3401      	adds	r4, #1
1000301c:	191d      	adds	r5, r3, r4
1000301e:	f7fe ff73 	bl	10001f08 <__wrap___aeabi_uidiv>
10003022:	3130      	adds	r1, #48	@ 0x30
10003024:	7029      	strb	r1, [r5, #0]
10003026:	0038      	movs	r0, r7
10003028:	210a      	movs	r1, #10
1000302a:	3e01      	subs	r6, #1
1000302c:	f7fe ff6c 	bl	10001f08 <__wrap___aeabi_uidiv>
10003030:	2f09      	cmp	r7, #9
10003032:	d800      	bhi.n	10003036 <_ftoa+0x152>
10003034:	e0e1      	b.n	100031fa <_ftoa+0x316>
10003036:	0007      	movs	r7, r0
10003038:	2c20      	cmp	r4, #32
1000303a:	d1e9      	bne.n	10003010 <_ftoa+0x12c>
1000303c:	9d06      	ldr	r5, [sp, #24]
1000303e:	2420      	movs	r4, #32
10003040:	ab0c      	add	r3, sp, #48	@ 0x30
10003042:	9306      	str	r3, [sp, #24]
10003044:	2717      	movs	r7, #23
10003046:	ab06      	add	r3, sp, #24
10003048:	18ff      	adds	r7, r7, r3
1000304a:	e00d      	b.n	10003068 <_ftoa+0x184>
1000304c:	0028      	movs	r0, r5
1000304e:	210a      	movs	r1, #10
10003050:	f7fe ff32 	bl	10001eb8 <__wrap___aeabi_idiv>
10003054:	3401      	adds	r4, #1
10003056:	3130      	adds	r1, #48	@ 0x30
10003058:	0028      	movs	r0, r5
1000305a:	5539      	strb	r1, [r7, r4]
1000305c:	210a      	movs	r1, #10
1000305e:	f7fe ff2b 	bl	10001eb8 <__wrap___aeabi_idiv>
10003062:	1e05      	subs	r5, r0, #0
10003064:	d100      	bne.n	10003068 <_ftoa+0x184>
10003066:	e0b7      	b.n	100031d8 <_ftoa+0x2f4>
10003068:	2c20      	cmp	r4, #32
1000306a:	d1ef      	bne.n	1000304c <_ftoa+0x168>
1000306c:	2303      	movs	r3, #3
1000306e:	9a22      	ldr	r2, [sp, #136]	@ 0x88
10003070:	4013      	ands	r3, r2
10003072:	2b01      	cmp	r3, #1
10003074:	d117      	bne.n	100030a6 <_ftoa+0x1c2>
10003076:	9b21      	ldr	r3, [sp, #132]	@ 0x84
10003078:	2b00      	cmp	r3, #0
1000307a:	d014      	beq.n	100030a6 <_ftoa+0x1c2>
1000307c:	9b0b      	ldr	r3, [sp, #44]	@ 0x2c
1000307e:	2b00      	cmp	r3, #0
10003080:	d100      	bne.n	10003084 <_ftoa+0x1a0>
10003082:	e0e3      	b.n	1000324c <_ftoa+0x368>
10003084:	9b21      	ldr	r3, [sp, #132]	@ 0x84
10003086:	3b01      	subs	r3, #1
10003088:	9321      	str	r3, [sp, #132]	@ 0x84
1000308a:	2b20      	cmp	r3, #32
1000308c:	d90b      	bls.n	100030a6 <_ftoa+0x1c2>
1000308e:	2330      	movs	r3, #48	@ 0x30
10003090:	9a21      	ldr	r2, [sp, #132]	@ 0x84
10003092:	e006      	b.n	100030a2 <_ftoa+0x1be>
10003094:	a906      	add	r1, sp, #24
10003096:	3401      	adds	r4, #1
10003098:	3117      	adds	r1, #23
1000309a:	550b      	strb	r3, [r1, r4]
1000309c:	4294      	cmp	r4, r2
1000309e:	d300      	bcc.n	100030a2 <_ftoa+0x1be>
100030a0:	e0a0      	b.n	100031e4 <_ftoa+0x300>
100030a2:	2c20      	cmp	r4, #32
100030a4:	d1f6      	bne.n	10003094 <_ftoa+0x1b0>
100030a6:	9b22      	ldr	r3, [sp, #136]	@ 0x88
100030a8:	9401      	str	r4, [sp, #4]
100030aa:	9303      	str	r3, [sp, #12]
100030ac:	9b21      	ldr	r3, [sp, #132]	@ 0x84
100030ae:	9302      	str	r3, [sp, #8]
100030b0:	9b06      	ldr	r3, [sp, #24]
100030b2:	e021      	b.n	100030f8 <_ftoa+0x214>
100030b4:	9b22      	ldr	r3, [sp, #136]	@ 0x88
100030b6:	4652      	mov	r2, sl
100030b8:	9304      	str	r3, [sp, #16]
100030ba:	9b21      	ldr	r3, [sp, #132]	@ 0x84
100030bc:	4649      	mov	r1, r9
100030be:	9303      	str	r3, [sp, #12]
100030c0:	4658      	mov	r0, fp
100030c2:	9b1e      	ldr	r3, [sp, #120]	@ 0x78
100030c4:	9c1f      	ldr	r4, [sp, #124]	@ 0x7c
100030c6:	9602      	str	r6, [sp, #8]
100030c8:	9300      	str	r3, [sp, #0]
100030ca:	9401      	str	r4, [sp, #4]
100030cc:	4643      	mov	r3, r8
100030ce:	f000 f943 	bl	10003358 <_etoa>
100030d2:	0004      	movs	r4, r0
100030d4:	0020      	movs	r0, r4
100030d6:	b015      	add	sp, #84	@ 0x54
100030d8:	bcf0      	pop	{r4, r5, r6, r7}
100030da:	46bb      	mov	fp, r7
100030dc:	46b2      	mov	sl, r6
100030de:	46a9      	mov	r9, r5
100030e0:	46a0      	mov	r8, r4
100030e2:	bdf0      	pop	{r4, r5, r6, r7, pc}
100030e4:	9b22      	ldr	r3, [sp, #136]	@ 0x88
100030e6:	075b      	lsls	r3, r3, #29
100030e8:	d40f      	bmi.n	1000310a <_ftoa+0x226>
100030ea:	2203      	movs	r2, #3
100030ec:	4b54      	ldr	r3, [pc, #336]	@ (10003240 <_ftoa+0x35c>)
100030ee:	9922      	ldr	r1, [sp, #136]	@ 0x88
100030f0:	9201      	str	r2, [sp, #4]
100030f2:	9103      	str	r1, [sp, #12]
100030f4:	9921      	ldr	r1, [sp, #132]	@ 0x84
100030f6:	9102      	str	r1, [sp, #8]
100030f8:	9300      	str	r3, [sp, #0]
100030fa:	4652      	mov	r2, sl
100030fc:	4643      	mov	r3, r8
100030fe:	4649      	mov	r1, r9
10003100:	4658      	mov	r0, fp
10003102:	f7ff fd9f 	bl	10002c44 <_out_rev>
10003106:	0004      	movs	r4, r0
10003108:	e7e4      	b.n	100030d4 <_ftoa+0x1f0>
1000310a:	2204      	movs	r2, #4
1000310c:	4b4d      	ldr	r3, [pc, #308]	@ (10003244 <_ftoa+0x360>)
1000310e:	e7ee      	b.n	100030ee <_ftoa+0x20a>
10003110:	9a1e      	ldr	r2, [sp, #120]	@ 0x78
10003112:	9b1f      	ldr	r3, [sp, #124]	@ 0x7c
10003114:	2000      	movs	r0, #0
10003116:	2100      	movs	r1, #0
10003118:	f7ff f931 	bl	1000237e <__wrap___aeabi_dsub>
1000311c:	2301      	movs	r3, #1
1000311e:	901e      	str	r0, [sp, #120]	@ 0x78
10003120:	911f      	str	r1, [sp, #124]	@ 0x7c
10003122:	930b      	str	r3, [sp, #44]	@ 0x2c
10003124:	e724      	b.n	10002f70 <_ftoa+0x8c>
10003126:	2302      	movs	r3, #2
10003128:	9a22      	ldr	r2, [sp, #136]	@ 0x88
1000312a:	4654      	mov	r4, sl
1000312c:	401a      	ands	r2, r3
1000312e:	9b22      	ldr	r3, [sp, #136]	@ 0x88
10003130:	9206      	str	r2, [sp, #24]
10003132:	079b      	lsls	r3, r3, #30
10003134:	d100      	bne.n	10003138 <_ftoa+0x254>
10003136:	e0ac      	b.n	10003292 <_ftoa+0x3ae>
10003138:	0026      	movs	r6, r4
1000313a:	4d43      	ldr	r5, [pc, #268]	@ (10003248 <_ftoa+0x364>)
1000313c:	9408      	str	r4, [sp, #32]
1000313e:	1f2f      	subs	r7, r5, #4
10003140:	0032      	movs	r2, r6
10003142:	78e8      	ldrb	r0, [r5, #3]
10003144:	4643      	mov	r3, r8
10003146:	4649      	mov	r1, r9
10003148:	3d01      	subs	r5, #1
1000314a:	47d8      	blx	fp
1000314c:	3601      	adds	r6, #1
1000314e:	42bd      	cmp	r5, r7
10003150:	d1f6      	bne.n	10003140 <_ftoa+0x25c>
10003152:	9c08      	ldr	r4, [sp, #32]
10003154:	9b06      	ldr	r3, [sp, #24]
10003156:	3404      	adds	r4, #4
10003158:	2b00      	cmp	r3, #0
1000315a:	d0bb      	beq.n	100030d4 <_ftoa+0x1f0>
1000315c:	4657      	mov	r7, sl
1000315e:	9a21      	ldr	r2, [sp, #132]	@ 0x84
10003160:	1be3      	subs	r3, r4, r7
10003162:	429a      	cmp	r2, r3
10003164:	d9b6      	bls.n	100030d4 <_ftoa+0x1f0>
10003166:	0015      	movs	r5, r2
10003168:	0022      	movs	r2, r4
1000316a:	4643      	mov	r3, r8
1000316c:	4649      	mov	r1, r9
1000316e:	2020      	movs	r0, #32
10003170:	3401      	adds	r4, #1
10003172:	47d8      	blx	fp
10003174:	1be3      	subs	r3, r4, r7
10003176:	42ab      	cmp	r3, r5
10003178:	d3f6      	bcc.n	10003168 <_ftoa+0x284>
1000317a:	e7ab      	b.n	100030d4 <_ftoa+0x1f0>
1000317c:	0028      	movs	r0, r5
1000317e:	f7ff f99d 	bl	100024bc <__wrap___aeabi_i2d>
10003182:	0002      	movs	r2, r0
10003184:	000b      	movs	r3, r1
10003186:	981e      	ldr	r0, [sp, #120]	@ 0x78
10003188:	991f      	ldr	r1, [sp, #124]	@ 0x7c
1000318a:	f7ff f8f8 	bl	1000237e <__wrap___aeabi_dsub>
1000318e:	4b2b      	ldr	r3, [pc, #172]	@ (1000323c <_ftoa+0x358>)
10003190:	2200      	movs	r2, #0
10003192:	0006      	movs	r6, r0
10003194:	000f      	movs	r7, r1
10003196:	f7ff f965 	bl	10002464 <__wrap___aeabi_dcmplt>
1000319a:	ab0c      	add	r3, sp, #48	@ 0x30
1000319c:	9306      	str	r3, [sp, #24]
1000319e:	2800      	cmp	r0, #0
100031a0:	d000      	beq.n	100031a4 <_ftoa+0x2c0>
100031a2:	e74f      	b.n	10003044 <_ftoa+0x160>
100031a4:	2200      	movs	r2, #0
100031a6:	0030      	movs	r0, r6
100031a8:	0039      	movs	r1, r7
100031aa:	4b24      	ldr	r3, [pc, #144]	@ (1000323c <_ftoa+0x358>)
100031ac:	f7ff f970 	bl	10002490 <__wrap___aeabi_dcmpgt>
100031b0:	2800      	cmp	r0, #0
100031b2:	d000      	beq.n	100031b6 <_ftoa+0x2d2>
100031b4:	e746      	b.n	10003044 <_ftoa+0x160>
100031b6:	2301      	movs	r3, #1
100031b8:	3501      	adds	r5, #1
100031ba:	439d      	bics	r5, r3
100031bc:	e742      	b.n	10003044 <_ftoa+0x160>
100031be:	2200      	movs	r2, #0
100031c0:	9806      	ldr	r0, [sp, #24]
100031c2:	9907      	ldr	r1, [sp, #28]
100031c4:	4b1d      	ldr	r3, [pc, #116]	@ (1000323c <_ftoa+0x358>)
100031c6:	f7ff f94d 	bl	10002464 <__wrap___aeabi_dcmplt>
100031ca:	2800      	cmp	r0, #0
100031cc:	d000      	beq.n	100031d0 <_ftoa+0x2ec>
100031ce:	e71a      	b.n	10003006 <_ftoa+0x122>
100031d0:	2f00      	cmp	r7, #0
100031d2:	d159      	bne.n	10003288 <_ftoa+0x3a4>
100031d4:	3701      	adds	r7, #1
100031d6:	e716      	b.n	10003006 <_ftoa+0x122>
100031d8:	2303      	movs	r3, #3
100031da:	9a22      	ldr	r2, [sp, #136]	@ 0x88
100031dc:	4013      	ands	r3, r2
100031de:	2b01      	cmp	r3, #1
100031e0:	d100      	bne.n	100031e4 <_ftoa+0x300>
100031e2:	e0a6      	b.n	10003332 <_ftoa+0x44e>
100031e4:	2c20      	cmp	r4, #32
100031e6:	d100      	bne.n	100031ea <_ftoa+0x306>
100031e8:	e75d      	b.n	100030a6 <_ftoa+0x1c2>
100031ea:	9b0b      	ldr	r3, [sp, #44]	@ 0x2c
100031ec:	2b00      	cmp	r3, #0
100031ee:	d03a      	beq.n	10003266 <_ftoa+0x382>
100031f0:	232d      	movs	r3, #45	@ 0x2d
100031f2:	9a06      	ldr	r2, [sp, #24]
100031f4:	5513      	strb	r3, [r2, r4]
100031f6:	3401      	adds	r4, #1
100031f8:	e755      	b.n	100030a6 <_ftoa+0x1c2>
100031fa:	9d06      	ldr	r5, [sp, #24]
100031fc:	2c20      	cmp	r4, #32
100031fe:	d100      	bne.n	10003202 <_ftoa+0x31e>
10003200:	e71d      	b.n	1000303e <_ftoa+0x15a>
10003202:	2330      	movs	r3, #48	@ 0x30
10003204:	1936      	adds	r6, r6, r4
10003206:	e006      	b.n	10003216 <_ftoa+0x332>
10003208:	aa06      	add	r2, sp, #24
1000320a:	3401      	adds	r4, #1
1000320c:	3217      	adds	r2, #23
1000320e:	5513      	strb	r3, [r2, r4]
10003210:	2c20      	cmp	r4, #32
10003212:	d100      	bne.n	10003216 <_ftoa+0x332>
10003214:	e713      	b.n	1000303e <_ftoa+0x15a>
10003216:	42a6      	cmp	r6, r4
10003218:	d1f6      	bne.n	10003208 <_ftoa+0x324>
1000321a:	232e      	movs	r3, #46	@ 0x2e
1000321c:	aa0c      	add	r2, sp, #48	@ 0x30
1000321e:	3401      	adds	r4, #1
10003220:	9206      	str	r2, [sp, #24]
10003222:	5593      	strb	r3, [r2, r6]
10003224:	e70e      	b.n	10003044 <_ftoa+0x160>
10003226:	46c0      	nop			@ (mov r8, r8)
10003228:	ffefffff 	.word	0xffefffff
1000322c:	7fefffff 	.word	0x7fefffff
10003230:	41cdcd65 	.word	0x41cdcd65
10003234:	c1cdcd65 	.word	0xc1cdcd65
10003238:	100080f8 	.word	0x100080f8
1000323c:	3fe00000 	.word	0x3fe00000
10003240:	100070ec 	.word	0x100070ec
10003244:	100070e4 	.word	0x100070e4
10003248:	100070f4 	.word	0x100070f4
1000324c:	230c      	movs	r3, #12
1000324e:	9a22      	ldr	r2, [sp, #136]	@ 0x88
10003250:	4213      	tst	r3, r2
10003252:	d057      	beq.n	10003304 <_ftoa+0x420>
10003254:	9b21      	ldr	r3, [sp, #132]	@ 0x84
10003256:	3b01      	subs	r3, #1
10003258:	9321      	str	r3, [sp, #132]	@ 0x84
1000325a:	42a3      	cmp	r3, r4
1000325c:	d900      	bls.n	10003260 <_ftoa+0x37c>
1000325e:	e716      	b.n	1000308e <_ftoa+0x1aa>
10003260:	2c20      	cmp	r4, #32
10003262:	d100      	bne.n	10003266 <_ftoa+0x382>
10003264:	e71f      	b.n	100030a6 <_ftoa+0x1c2>
10003266:	9b22      	ldr	r3, [sp, #136]	@ 0x88
10003268:	075b      	lsls	r3, r3, #29
1000326a:	d504      	bpl.n	10003276 <_ftoa+0x392>
1000326c:	232b      	movs	r3, #43	@ 0x2b
1000326e:	9a06      	ldr	r2, [sp, #24]
10003270:	5513      	strb	r3, [r2, r4]
10003272:	3401      	adds	r4, #1
10003274:	e717      	b.n	100030a6 <_ftoa+0x1c2>
10003276:	9b22      	ldr	r3, [sp, #136]	@ 0x88
10003278:	071b      	lsls	r3, r3, #28
1000327a:	d400      	bmi.n	1000327e <_ftoa+0x39a>
1000327c:	e713      	b.n	100030a6 <_ftoa+0x1c2>
1000327e:	2320      	movs	r3, #32
10003280:	9a06      	ldr	r2, [sp, #24]
10003282:	5513      	strb	r3, [r2, r4]
10003284:	3401      	adds	r4, #1
10003286:	e70e      	b.n	100030a6 <_ftoa+0x1c2>
10003288:	07fb      	lsls	r3, r7, #31
1000328a:	d400      	bmi.n	1000328e <_ftoa+0x3aa>
1000328c:	e6bb      	b.n	10003006 <_ftoa+0x122>
1000328e:	3701      	adds	r7, #1
10003290:	e6b9      	b.n	10003006 <_ftoa+0x122>
10003292:	9b21      	ldr	r3, [sp, #132]	@ 0x84
10003294:	2b04      	cmp	r3, #4
10003296:	d800      	bhi.n	1000329a <_ftoa+0x3b6>
10003298:	e74e      	b.n	10003138 <_ftoa+0x254>
1000329a:	4655      	mov	r5, sl
1000329c:	464f      	mov	r7, r9
1000329e:	3c04      	subs	r4, #4
100032a0:	18e4      	adds	r4, r4, r3
100032a2:	002a      	movs	r2, r5
100032a4:	4643      	mov	r3, r8
100032a6:	3501      	adds	r5, #1
100032a8:	0039      	movs	r1, r7
100032aa:	2020      	movs	r0, #32
100032ac:	47d8      	blx	fp
100032ae:	42ac      	cmp	r4, r5
100032b0:	d1f7      	bne.n	100032a2 <_ftoa+0x3be>
100032b2:	e741      	b.n	10003138 <_ftoa+0x254>
100032b4:	2702      	movs	r7, #2
100032b6:	9b22      	ldr	r3, [sp, #136]	@ 0x88
100032b8:	4655      	mov	r5, sl
100032ba:	401f      	ands	r7, r3
100032bc:	079b      	lsls	r3, r3, #30
100032be:	d026      	beq.n	1000330e <_ftoa+0x42a>
100032c0:	9706      	str	r7, [sp, #24]
100032c2:	465f      	mov	r7, fp
100032c4:	4e23      	ldr	r6, [pc, #140]	@ (10003354 <_ftoa+0x470>)
100032c6:	1cec      	adds	r4, r5, #3
100032c8:	002a      	movs	r2, r5
100032ca:	78b0      	ldrb	r0, [r6, #2]
100032cc:	4643      	mov	r3, r8
100032ce:	4649      	mov	r1, r9
100032d0:	3501      	adds	r5, #1
100032d2:	47b8      	blx	r7
100032d4:	3e01      	subs	r6, #1
100032d6:	42ac      	cmp	r4, r5
100032d8:	d1f6      	bne.n	100032c8 <_ftoa+0x3e4>
100032da:	9f06      	ldr	r7, [sp, #24]
100032dc:	2f00      	cmp	r7, #0
100032de:	d100      	bne.n	100032e2 <_ftoa+0x3fe>
100032e0:	e6f8      	b.n	100030d4 <_ftoa+0x1f0>
100032e2:	4657      	mov	r7, sl
100032e4:	9a21      	ldr	r2, [sp, #132]	@ 0x84
100032e6:	1be3      	subs	r3, r4, r7
100032e8:	429a      	cmp	r2, r3
100032ea:	d800      	bhi.n	100032ee <_ftoa+0x40a>
100032ec:	e6f2      	b.n	100030d4 <_ftoa+0x1f0>
100032ee:	0015      	movs	r5, r2
100032f0:	0022      	movs	r2, r4
100032f2:	4643      	mov	r3, r8
100032f4:	4649      	mov	r1, r9
100032f6:	2020      	movs	r0, #32
100032f8:	3401      	adds	r4, #1
100032fa:	47d8      	blx	fp
100032fc:	1be3      	subs	r3, r4, r7
100032fe:	42ab      	cmp	r3, r5
10003300:	d3f6      	bcc.n	100032f0 <_ftoa+0x40c>
10003302:	e6e7      	b.n	100030d4 <_ftoa+0x1f0>
10003304:	9b21      	ldr	r3, [sp, #132]	@ 0x84
10003306:	42a3      	cmp	r3, r4
10003308:	d900      	bls.n	1000330c <_ftoa+0x428>
1000330a:	e6c0      	b.n	1000308e <_ftoa+0x1aa>
1000330c:	e6cb      	b.n	100030a6 <_ftoa+0x1c2>
1000330e:	9b21      	ldr	r3, [sp, #132]	@ 0x84
10003310:	2b03      	cmp	r3, #3
10003312:	d9d5      	bls.n	100032c0 <_ftoa+0x3dc>
10003314:	9706      	str	r7, [sp, #24]
10003316:	4654      	mov	r4, sl
10003318:	464f      	mov	r7, r9
1000331a:	3d03      	subs	r5, #3
1000331c:	18ed      	adds	r5, r5, r3
1000331e:	0022      	movs	r2, r4
10003320:	4643      	mov	r3, r8
10003322:	3401      	adds	r4, #1
10003324:	0039      	movs	r1, r7
10003326:	2020      	movs	r0, #32
10003328:	47d8      	blx	fp
1000332a:	42a5      	cmp	r5, r4
1000332c:	d1f7      	bne.n	1000331e <_ftoa+0x43a>
1000332e:	9f06      	ldr	r7, [sp, #24]
10003330:	e7c6      	b.n	100032c0 <_ftoa+0x3dc>
10003332:	9b21      	ldr	r3, [sp, #132]	@ 0x84
10003334:	2b00      	cmp	r3, #0
10003336:	d100      	bne.n	1000333a <_ftoa+0x456>
10003338:	e754      	b.n	100031e4 <_ftoa+0x300>
1000333a:	9b0b      	ldr	r3, [sp, #44]	@ 0x2c
1000333c:	2b00      	cmp	r3, #0
1000333e:	d085      	beq.n	1000324c <_ftoa+0x368>
10003340:	9b21      	ldr	r3, [sp, #132]	@ 0x84
10003342:	3b01      	subs	r3, #1
10003344:	9321      	str	r3, [sp, #132]	@ 0x84
10003346:	429c      	cmp	r4, r3
10003348:	d200      	bcs.n	1000334c <_ftoa+0x468>
1000334a:	e6a0      	b.n	1000308e <_ftoa+0x1aa>
1000334c:	2c20      	cmp	r4, #32
1000334e:	d000      	beq.n	10003352 <_ftoa+0x46e>
10003350:	e74e      	b.n	100031f0 <_ftoa+0x30c>
10003352:	e6a8      	b.n	100030a6 <_ftoa+0x1c2>
10003354:	100070f0 	.word	0x100070f0

10003358 <_etoa>:
10003358:	b5f0      	push	{r4, r5, r6, r7, lr}
1000335a:	4645      	mov	r5, r8
1000335c:	46de      	mov	lr, fp
1000335e:	4657      	mov	r7, sl
10003360:	464e      	mov	r6, r9
10003362:	b5e0      	push	{r5, r6, r7, lr}
10003364:	b09b      	sub	sp, #108	@ 0x6c
10003366:	9c24      	ldr	r4, [sp, #144]	@ 0x90
10003368:	9d25      	ldr	r5, [sp, #148]	@ 0x94
1000336a:	4682      	mov	sl, r0
1000336c:	4688      	mov	r8, r1
1000336e:	4693      	mov	fp, r2
10003370:	4699      	mov	r9, r3
10003372:	0022      	movs	r2, r4
10003374:	002b      	movs	r3, r5
10003376:	0020      	movs	r0, r4
10003378:	0029      	movs	r1, r5
1000337a:	f7ff f88e 	bl	1000249a <__wrap___aeabi_dcmpun>
1000337e:	2800      	cmp	r0, #0
10003380:	d000      	beq.n	10003384 <_etoa+0x2c>
10003382:	e0c1      	b.n	10003508 <_etoa+0x1b0>
10003384:	2201      	movs	r2, #1
10003386:	0020      	movs	r0, r4
10003388:	0029      	movs	r1, r5
1000338a:	4b7c      	ldr	r3, [pc, #496]	@ (1000357c <_etoa+0x224>)
1000338c:	4252      	negs	r2, r2
1000338e:	f7ff f87f 	bl	10002490 <__wrap___aeabi_dcmpgt>
10003392:	2800      	cmp	r0, #0
10003394:	d000      	beq.n	10003398 <_etoa+0x40>
10003396:	e0b7      	b.n	10003508 <_etoa+0x1b0>
10003398:	2201      	movs	r2, #1
1000339a:	0020      	movs	r0, r4
1000339c:	0029      	movs	r1, r5
1000339e:	4b78      	ldr	r3, [pc, #480]	@ (10003580 <_etoa+0x228>)
100033a0:	4252      	negs	r2, r2
100033a2:	f7ff f85f 	bl	10002464 <__wrap___aeabi_dcmplt>
100033a6:	2800      	cmp	r0, #0
100033a8:	d000      	beq.n	100033ac <_etoa+0x54>
100033aa:	e0ad      	b.n	10003508 <_etoa+0x1b0>
100033ac:	2200      	movs	r2, #0
100033ae:	2300      	movs	r3, #0
100033b0:	0020      	movs	r0, r4
100033b2:	0029      	movs	r1, r5
100033b4:	f7ff f856 	bl	10002464 <__wrap___aeabi_dcmplt>
100033b8:	2800      	cmp	r0, #0
100033ba:	d000      	beq.n	100033be <_etoa+0x66>
100033bc:	e1bb      	b.n	10003736 <_etoa+0x3de>
100033be:	9408      	str	r4, [sp, #32]
100033c0:	9509      	str	r5, [sp, #36]	@ 0x24
100033c2:	9808      	ldr	r0, [sp, #32]
100033c4:	9909      	ldr	r1, [sp, #36]	@ 0x24
100033c6:	2380      	movs	r3, #128	@ 0x80
100033c8:	9a28      	ldr	r2, [sp, #160]	@ 0xa0
100033ca:	00db      	lsls	r3, r3, #3
100033cc:	401a      	ands	r2, r3
100033ce:	920f      	str	r2, [sp, #60]	@ 0x3c
100033d0:	2280      	movs	r2, #128	@ 0x80
100033d2:	9e28      	ldr	r6, [sp, #160]	@ 0xa0
100033d4:	0112      	lsls	r2, r2, #4
100033d6:	4016      	ands	r6, r2
100033d8:	0032      	movs	r2, r6
100033da:	960e      	str	r6, [sp, #56]	@ 0x38
100033dc:	9e28      	ldr	r6, [sp, #160]	@ 0xa0
100033de:	000f      	movs	r7, r1
100033e0:	900a      	str	r0, [sp, #40]	@ 0x28
100033e2:	421e      	tst	r6, r3
100033e4:	d000      	beq.n	100033e8 <_etoa+0x90>
100033e6:	e0a4      	b.n	10003532 <_etoa+0x1da>
100033e8:	000b      	movs	r3, r1
100033ea:	4303      	orrs	r3, r0
100033ec:	d000      	beq.n	100033f0 <_etoa+0x98>
100033ee:	e0cb      	b.n	10003588 <_etoa+0x230>
100033f0:	2a00      	cmp	r2, #0
100033f2:	d000      	beq.n	100033f6 <_etoa+0x9e>
100033f4:	e212      	b.n	1000381c <_etoa+0x4c4>
100033f6:	0032      	movs	r2, r6
100033f8:	3306      	adds	r3, #6
100033fa:	9326      	str	r3, [sp, #152]	@ 0x98
100033fc:	2302      	movs	r3, #2
100033fe:	4013      	ands	r3, r2
10003400:	930c      	str	r3, [sp, #48]	@ 0x30
10003402:	2302      	movs	r3, #2
10003404:	4213      	tst	r3, r2
10003406:	d000      	beq.n	1000340a <_etoa+0xb2>
10003408:	e20a      	b.n	10003820 <_etoa+0x4c8>
1000340a:	9b27      	ldr	r3, [sp, #156]	@ 0x9c
1000340c:	2b04      	cmp	r3, #4
1000340e:	d200      	bcs.n	10003412 <_etoa+0xba>
10003410:	e215      	b.n	1000383e <_etoa+0x4e6>
10003412:	2700      	movs	r7, #0
10003414:	2604      	movs	r6, #4
10003416:	3b04      	subs	r3, #4
10003418:	930e      	str	r3, [sp, #56]	@ 0x38
1000341a:	2200      	movs	r2, #0
1000341c:	2300      	movs	r3, #0
1000341e:	0020      	movs	r0, r4
10003420:	0029      	movs	r1, r5
10003422:	f7ff f81f 	bl	10002464 <__wrap___aeabi_dcmplt>
10003426:	2800      	cmp	r0, #0
10003428:	d000      	beq.n	1000342c <_etoa+0xd4>
1000342a:	e1c8      	b.n	100037be <_etoa+0x466>
1000342c:	4b55      	ldr	r3, [pc, #340]	@ (10003584 <_etoa+0x22c>)
1000342e:	9a28      	ldr	r2, [sp, #160]	@ 0xa0
10003430:	4013      	ands	r3, r2
10003432:	9304      	str	r3, [sp, #16]
10003434:	9b0e      	ldr	r3, [sp, #56]	@ 0x38
10003436:	9303      	str	r3, [sp, #12]
10003438:	9b26      	ldr	r3, [sp, #152]	@ 0x98
1000343a:	9302      	str	r3, [sp, #8]
1000343c:	9b08      	ldr	r3, [sp, #32]
1000343e:	9c09      	ldr	r4, [sp, #36]	@ 0x24
10003440:	9300      	str	r3, [sp, #0]
10003442:	9401      	str	r4, [sp, #4]
10003444:	4641      	mov	r1, r8
10003446:	464b      	mov	r3, r9
10003448:	465a      	mov	r2, fp
1000344a:	4650      	mov	r0, sl
1000344c:	f7ff fd4a 	bl	10002ee4 <_ftoa>
10003450:	0002      	movs	r2, r0
10003452:	2020      	movs	r0, #32
10003454:	9b28      	ldr	r3, [sp, #160]	@ 0xa0
10003456:	2500      	movs	r5, #0
10003458:	4003      	ands	r3, r0
1000345a:	4259      	negs	r1, r3
1000345c:	414b      	adcs	r3, r1
1000345e:	425b      	negs	r3, r3
10003460:	4018      	ands	r0, r3
10003462:	1c53      	adds	r3, r2, #1
10003464:	9308      	str	r3, [sp, #32]
10003466:	4641      	mov	r1, r8
10003468:	464b      	mov	r3, r9
1000346a:	3045      	adds	r0, #69	@ 0x45
1000346c:	47d0      	blx	sl
1000346e:	17fb      	asrs	r3, r7, #31
10003470:	18fc      	adds	r4, r7, r3
10003472:	405c      	eors	r4, r3
10003474:	0ffb      	lsrs	r3, r7, #31
10003476:	271f      	movs	r7, #31
10003478:	930a      	str	r3, [sp, #40]	@ 0x28
1000347a:	1e73      	subs	r3, r6, #1
1000347c:	930e      	str	r3, [sp, #56]	@ 0x38
1000347e:	ab0a      	add	r3, sp, #40	@ 0x28
10003480:	18ff      	adds	r7, r7, r3
10003482:	e006      	b.n	10003492 <_etoa+0x13a>
10003484:	0020      	movs	r0, r4
10003486:	210a      	movs	r1, #10
10003488:	f7fe fd3e 	bl	10001f08 <__wrap___aeabi_uidiv>
1000348c:	0004      	movs	r4, r0
1000348e:	2d20      	cmp	r5, #32
10003490:	d008      	beq.n	100034a4 <_etoa+0x14c>
10003492:	210a      	movs	r1, #10
10003494:	0020      	movs	r0, r4
10003496:	f7fe fd37 	bl	10001f08 <__wrap___aeabi_uidiv>
1000349a:	3501      	adds	r5, #1
1000349c:	3130      	adds	r1, #48	@ 0x30
1000349e:	5579      	strb	r1, [r7, r5]
100034a0:	2c09      	cmp	r4, #9
100034a2:	d8ef      	bhi.n	10003484 <_etoa+0x12c>
100034a4:	2305      	movs	r3, #5
100034a6:	9306      	str	r3, [sp, #24]
100034a8:	9b0e      	ldr	r3, [sp, #56]	@ 0x38
100034aa:	4656      	mov	r6, sl
100034ac:	9305      	str	r3, [sp, #20]
100034ae:	2300      	movs	r3, #0
100034b0:	9304      	str	r3, [sp, #16]
100034b2:	330a      	adds	r3, #10
100034b4:	9303      	str	r3, [sp, #12]
100034b6:	9b0a      	ldr	r3, [sp, #40]	@ 0x28
100034b8:	4641      	mov	r1, r8
100034ba:	9302      	str	r3, [sp, #8]
100034bc:	ab12      	add	r3, sp, #72	@ 0x48
100034be:	9300      	str	r3, [sp, #0]
100034c0:	0030      	movs	r0, r6
100034c2:	464b      	mov	r3, r9
100034c4:	9a08      	ldr	r2, [sp, #32]
100034c6:	9501      	str	r5, [sp, #4]
100034c8:	f7ff fc10 	bl	10002cec <_ntoa_format>
100034cc:	9b0c      	ldr	r3, [sp, #48]	@ 0x30
100034ce:	2b00      	cmp	r3, #0
100034d0:	d028      	beq.n	10003524 <_etoa+0x1cc>
100034d2:	465f      	mov	r7, fp
100034d4:	9b27      	ldr	r3, [sp, #156]	@ 0x9c
100034d6:	1bc4      	subs	r4, r0, r7
100034d8:	42a3      	cmp	r3, r4
100034da:	d923      	bls.n	10003524 <_etoa+0x1cc>
100034dc:	4682      	mov	sl, r0
100034de:	001d      	movs	r5, r3
100034e0:	193a      	adds	r2, r7, r4
100034e2:	464b      	mov	r3, r9
100034e4:	4641      	mov	r1, r8
100034e6:	2020      	movs	r0, #32
100034e8:	3401      	adds	r4, #1
100034ea:	47b0      	blx	r6
100034ec:	42a5      	cmp	r5, r4
100034ee:	d8f7      	bhi.n	100034e0 <_etoa+0x188>
100034f0:	4650      	mov	r0, sl
100034f2:	4659      	mov	r1, fp
100034f4:	9c27      	ldr	r4, [sp, #156]	@ 0x9c
100034f6:	1a42      	subs	r2, r0, r1
100034f8:	3201      	adds	r2, #1
100034fa:	2300      	movs	r3, #0
100034fc:	4294      	cmp	r4, r2
100034fe:	d300      	bcc.n	10003502 <_etoa+0x1aa>
10003500:	e195      	b.n	1000382e <_etoa+0x4d6>
10003502:	3001      	adds	r0, #1
10003504:	1818      	adds	r0, r3, r0
10003506:	e00d      	b.n	10003524 <_etoa+0x1cc>
10003508:	9b28      	ldr	r3, [sp, #160]	@ 0xa0
1000350a:	9400      	str	r4, [sp, #0]
1000350c:	9501      	str	r5, [sp, #4]
1000350e:	9304      	str	r3, [sp, #16]
10003510:	9b27      	ldr	r3, [sp, #156]	@ 0x9c
10003512:	9303      	str	r3, [sp, #12]
10003514:	9b26      	ldr	r3, [sp, #152]	@ 0x98
10003516:	9302      	str	r3, [sp, #8]
10003518:	464b      	mov	r3, r9
1000351a:	465a      	mov	r2, fp
1000351c:	4641      	mov	r1, r8
1000351e:	4650      	mov	r0, sl
10003520:	f7ff fce0 	bl	10002ee4 <_ftoa>
10003524:	b01b      	add	sp, #108	@ 0x6c
10003526:	bcf0      	pop	{r4, r5, r6, r7}
10003528:	46bb      	mov	fp, r7
1000352a:	46b2      	mov	sl, r6
1000352c:	46a9      	mov	r9, r5
1000352e:	46a0      	mov	r8, r4
10003530:	bdf0      	pop	{r4, r5, r6, r7, pc}
10003532:	4301      	orrs	r1, r0
10003534:	d12a      	bne.n	1000358c <_etoa+0x234>
10003536:	9b0e      	ldr	r3, [sp, #56]	@ 0x38
10003538:	0032      	movs	r2, r6
1000353a:	2b00      	cmp	r3, #0
1000353c:	d100      	bne.n	10003540 <_etoa+0x1e8>
1000353e:	e75d      	b.n	100033fc <_etoa+0xa4>
10003540:	2700      	movs	r7, #0
10003542:	9b26      	ldr	r3, [sp, #152]	@ 0x98
10003544:	2600      	movs	r6, #0
10003546:	42bb      	cmp	r3, r7
10003548:	dd00      	ble.n	1000354c <_etoa+0x1f4>
1000354a:	e182      	b.n	10003852 <_etoa+0x4fa>
1000354c:	2200      	movs	r2, #0
1000354e:	2300      	movs	r3, #0
10003550:	0020      	movs	r0, r4
10003552:	0029      	movs	r1, r5
10003554:	f7fe ff86 	bl	10002464 <__wrap___aeabi_dcmplt>
10003558:	2800      	cmp	r0, #0
1000355a:	d000      	beq.n	1000355e <_etoa+0x206>
1000355c:	e14b      	b.n	100037f6 <_etoa+0x49e>
1000355e:	9b28      	ldr	r3, [sp, #160]	@ 0xa0
10003560:	4a08      	ldr	r2, [pc, #32]	@ (10003584 <_etoa+0x22c>)
10003562:	9602      	str	r6, [sp, #8]
10003564:	401a      	ands	r2, r3
10003566:	2380      	movs	r3, #128	@ 0x80
10003568:	00db      	lsls	r3, r3, #3
1000356a:	4313      	orrs	r3, r2
1000356c:	9304      	str	r3, [sp, #16]
1000356e:	9b27      	ldr	r3, [sp, #156]	@ 0x9c
10003570:	9303      	str	r3, [sp, #12]
10003572:	9b08      	ldr	r3, [sp, #32]
10003574:	9c09      	ldr	r4, [sp, #36]	@ 0x24
10003576:	9300      	str	r3, [sp, #0]
10003578:	9401      	str	r4, [sp, #4]
1000357a:	e7cd      	b.n	10003518 <_etoa+0x1c0>
1000357c:	7fefffff 	.word	0x7fefffff
10003580:	ffefffff 	.word	0xffefffff
10003584:	fffff7ff 	.word	0xfffff7ff
10003588:	2306      	movs	r3, #6
1000358a:	9326      	str	r3, [sp, #152]	@ 0x98
1000358c:	4bb2      	ldr	r3, [pc, #712]	@ (10003858 <_etoa+0x500>)
1000358e:	0078      	lsls	r0, r7, #1
10003590:	0d40      	lsrs	r0, r0, #21
10003592:	18c0      	adds	r0, r0, r3
10003594:	f7fe ff92 	bl	100024bc <__wrap___aeabi_i2d>
10003598:	4ab0      	ldr	r2, [pc, #704]	@ (1000385c <_etoa+0x504>)
1000359a:	4bb1      	ldr	r3, [pc, #708]	@ (10003860 <_etoa+0x508>)
1000359c:	f7fe ff1f 	bl	100023de <__wrap___aeabi_dmul>
100035a0:	4ab0      	ldr	r2, [pc, #704]	@ (10003864 <_etoa+0x50c>)
100035a2:	4bb1      	ldr	r3, [pc, #708]	@ (10003868 <_etoa+0x510>)
100035a4:	f7fe fef4 	bl	10002390 <__wrap___aeabi_dadd>
100035a8:	033f      	lsls	r7, r7, #12
100035aa:	4bb0      	ldr	r3, [pc, #704]	@ (1000386c <_etoa+0x514>)
100035ac:	0b3f      	lsrs	r7, r7, #12
100035ae:	433b      	orrs	r3, r7
100035b0:	900c      	str	r0, [sp, #48]	@ 0x30
100035b2:	910d      	str	r1, [sp, #52]	@ 0x34
100035b4:	2200      	movs	r2, #0
100035b6:	980a      	ldr	r0, [sp, #40]	@ 0x28
100035b8:	0019      	movs	r1, r3
100035ba:	4bad      	ldr	r3, [pc, #692]	@ (10003870 <_etoa+0x518>)
100035bc:	f7fe fedf 	bl	1000237e <__wrap___aeabi_dsub>
100035c0:	4aac      	ldr	r2, [pc, #688]	@ (10003874 <_etoa+0x51c>)
100035c2:	4bad      	ldr	r3, [pc, #692]	@ (10003878 <_etoa+0x520>)
100035c4:	f7fe ff0b 	bl	100023de <__wrap___aeabi_dmul>
100035c8:	0002      	movs	r2, r0
100035ca:	000b      	movs	r3, r1
100035cc:	980c      	ldr	r0, [sp, #48]	@ 0x30
100035ce:	990d      	ldr	r1, [sp, #52]	@ 0x34
100035d0:	f7fe fede 	bl	10002390 <__wrap___aeabi_dadd>
100035d4:	f7fe ff8a 	bl	100024ec <__wrap___aeabi_d2iz>
100035d8:	0007      	movs	r7, r0
100035da:	f7fe ff6f 	bl	100024bc <__wrap___aeabi_i2d>
100035de:	4aa7      	ldr	r2, [pc, #668]	@ (1000387c <_etoa+0x524>)
100035e0:	4ba7      	ldr	r3, [pc, #668]	@ (10003880 <_etoa+0x528>)
100035e2:	900a      	str	r0, [sp, #40]	@ 0x28
100035e4:	910b      	str	r1, [sp, #44]	@ 0x2c
100035e6:	f7fe fefa 	bl	100023de <__wrap___aeabi_dmul>
100035ea:	2200      	movs	r2, #0
100035ec:	4ba5      	ldr	r3, [pc, #660]	@ (10003884 <_etoa+0x52c>)
100035ee:	f7fe fecf 	bl	10002390 <__wrap___aeabi_dadd>
100035f2:	f7fe ff7b 	bl	100024ec <__wrap___aeabi_d2iz>
100035f6:	4aa4      	ldr	r2, [pc, #656]	@ (10003888 <_etoa+0x530>)
100035f8:	0006      	movs	r6, r0
100035fa:	980a      	ldr	r0, [sp, #40]	@ 0x28
100035fc:	990b      	ldr	r1, [sp, #44]	@ 0x2c
100035fe:	4ba3      	ldr	r3, [pc, #652]	@ (1000388c <_etoa+0x534>)
10003600:	f7fe feed 	bl	100023de <__wrap___aeabi_dmul>
10003604:	900a      	str	r0, [sp, #40]	@ 0x28
10003606:	910b      	str	r1, [sp, #44]	@ 0x2c
10003608:	0030      	movs	r0, r6
1000360a:	f7fe ff57 	bl	100024bc <__wrap___aeabi_i2d>
1000360e:	4aa0      	ldr	r2, [pc, #640]	@ (10003890 <_etoa+0x538>)
10003610:	4ba0      	ldr	r3, [pc, #640]	@ (10003894 <_etoa+0x53c>)
10003612:	f7fe fee4 	bl	100023de <__wrap___aeabi_dmul>
10003616:	0002      	movs	r2, r0
10003618:	000b      	movs	r3, r1
1000361a:	980a      	ldr	r0, [sp, #40]	@ 0x28
1000361c:	990b      	ldr	r1, [sp, #44]	@ 0x2c
1000361e:	f7fe feae 	bl	1000237e <__wrap___aeabi_dsub>
10003622:	0002      	movs	r2, r0
10003624:	000b      	movs	r3, r1
10003626:	900a      	str	r0, [sp, #40]	@ 0x28
10003628:	910b      	str	r1, [sp, #44]	@ 0x2c
1000362a:	f7fe fed8 	bl	100023de <__wrap___aeabi_dmul>
1000362e:	900c      	str	r0, [sp, #48]	@ 0x30
10003630:	910d      	str	r1, [sp, #52]	@ 0x34
10003632:	980a      	ldr	r0, [sp, #40]	@ 0x28
10003634:	990b      	ldr	r1, [sp, #44]	@ 0x2c
10003636:	0002      	movs	r2, r0
10003638:	000b      	movs	r3, r1
1000363a:	f7fe fea9 	bl	10002390 <__wrap___aeabi_dadd>
1000363e:	2200      	movs	r2, #0
10003640:	9010      	str	r0, [sp, #64]	@ 0x40
10003642:	9111      	str	r1, [sp, #68]	@ 0x44
10003644:	980c      	ldr	r0, [sp, #48]	@ 0x30
10003646:	990d      	ldr	r1, [sp, #52]	@ 0x34
10003648:	4b93      	ldr	r3, [pc, #588]	@ (10003898 <_etoa+0x540>)
1000364a:	f7fe feaa 	bl	100023a2 <__wrap___aeabi_ddiv>
1000364e:	2200      	movs	r2, #0
10003650:	4b92      	ldr	r3, [pc, #584]	@ (1000389c <_etoa+0x544>)
10003652:	f7fe fe9d 	bl	10002390 <__wrap___aeabi_dadd>
10003656:	0002      	movs	r2, r0
10003658:	000b      	movs	r3, r1
1000365a:	980c      	ldr	r0, [sp, #48]	@ 0x30
1000365c:	990d      	ldr	r1, [sp, #52]	@ 0x34
1000365e:	f7fe fea0 	bl	100023a2 <__wrap___aeabi_ddiv>
10003662:	2200      	movs	r2, #0
10003664:	4b8e      	ldr	r3, [pc, #568]	@ (100038a0 <_etoa+0x548>)
10003666:	f7fe fe93 	bl	10002390 <__wrap___aeabi_dadd>
1000366a:	0002      	movs	r2, r0
1000366c:	000b      	movs	r3, r1
1000366e:	980c      	ldr	r0, [sp, #48]	@ 0x30
10003670:	990d      	ldr	r1, [sp, #52]	@ 0x34
10003672:	f7fe fe96 	bl	100023a2 <__wrap___aeabi_ddiv>
10003676:	9a0a      	ldr	r2, [sp, #40]	@ 0x28
10003678:	9b0b      	ldr	r3, [sp, #44]	@ 0x2c
1000367a:	900c      	str	r0, [sp, #48]	@ 0x30
1000367c:	910d      	str	r1, [sp, #52]	@ 0x34
1000367e:	2180      	movs	r1, #128	@ 0x80
10003680:	2000      	movs	r0, #0
10003682:	05c9      	lsls	r1, r1, #23
10003684:	f7fe fe7b 	bl	1000237e <__wrap___aeabi_dsub>
10003688:	0002      	movs	r2, r0
1000368a:	000b      	movs	r3, r1
1000368c:	980c      	ldr	r0, [sp, #48]	@ 0x30
1000368e:	990d      	ldr	r1, [sp, #52]	@ 0x34
10003690:	f7fe fe7e 	bl	10002390 <__wrap___aeabi_dadd>
10003694:	0002      	movs	r2, r0
10003696:	000b      	movs	r3, r1
10003698:	9810      	ldr	r0, [sp, #64]	@ 0x40
1000369a:	9911      	ldr	r1, [sp, #68]	@ 0x44
1000369c:	f7fe fe81 	bl	100023a2 <__wrap___aeabi_ddiv>
100036a0:	2200      	movs	r2, #0
100036a2:	4b72      	ldr	r3, [pc, #456]	@ (1000386c <_etoa+0x514>)
100036a4:	f7fe fe74 	bl	10002390 <__wrap___aeabi_dadd>
100036a8:	4b7e      	ldr	r3, [pc, #504]	@ (100038a4 <_etoa+0x54c>)
100036aa:	2200      	movs	r2, #0
100036ac:	18f6      	adds	r6, r6, r3
100036ae:	0533      	lsls	r3, r6, #20
100036b0:	f7fe fe95 	bl	100023de <__wrap___aeabi_dmul>
100036b4:	0002      	movs	r2, r0
100036b6:	000b      	movs	r3, r1
100036b8:	900a      	str	r0, [sp, #40]	@ 0x28
100036ba:	910b      	str	r1, [sp, #44]	@ 0x2c
100036bc:	9808      	ldr	r0, [sp, #32]
100036be:	9909      	ldr	r1, [sp, #36]	@ 0x24
100036c0:	f7fe fed0 	bl	10002464 <__wrap___aeabi_dcmplt>
100036c4:	2800      	cmp	r0, #0
100036c6:	d008      	beq.n	100036da <_etoa+0x382>
100036c8:	980a      	ldr	r0, [sp, #40]	@ 0x28
100036ca:	990b      	ldr	r1, [sp, #44]	@ 0x2c
100036cc:	2200      	movs	r2, #0
100036ce:	4b73      	ldr	r3, [pc, #460]	@ (1000389c <_etoa+0x544>)
100036d0:	f7fe fe67 	bl	100023a2 <__wrap___aeabi_ddiv>
100036d4:	900a      	str	r0, [sp, #40]	@ 0x28
100036d6:	910b      	str	r1, [sp, #44]	@ 0x2c
100036d8:	3f01      	subs	r7, #1
100036da:	990a      	ldr	r1, [sp, #40]	@ 0x28
100036dc:	9a0b      	ldr	r2, [sp, #44]	@ 0x2c
100036de:	000b      	movs	r3, r1
100036e0:	0011      	movs	r1, r2
100036e2:	003a      	movs	r2, r7
100036e4:	3263      	adds	r2, #99	@ 0x63
100036e6:	2ac6      	cmp	r2, #198	@ 0xc6
100036e8:	d812      	bhi.n	10003710 <_etoa+0x3b8>
100036ea:	2202      	movs	r2, #2
100036ec:	9828      	ldr	r0, [sp, #160]	@ 0xa0
100036ee:	2604      	movs	r6, #4
100036f0:	4010      	ands	r0, r2
100036f2:	9a0e      	ldr	r2, [sp, #56]	@ 0x38
100036f4:	900c      	str	r0, [sp, #48]	@ 0x30
100036f6:	2a00      	cmp	r2, #0
100036f8:	d126      	bne.n	10003748 <_etoa+0x3f0>
100036fa:	9b27      	ldr	r3, [sp, #156]	@ 0x9c
100036fc:	2b04      	cmp	r3, #4
100036fe:	d905      	bls.n	1000370c <_etoa+0x3b4>
10003700:	2800      	cmp	r0, #0
10003702:	d000      	beq.n	10003706 <_etoa+0x3ae>
10003704:	e0a1      	b.n	1000384a <_etoa+0x4f2>
10003706:	9b27      	ldr	r3, [sp, #156]	@ 0x9c
10003708:	3b04      	subs	r3, #4
1000370a:	930e      	str	r3, [sp, #56]	@ 0x38
1000370c:	2604      	movs	r6, #4
1000370e:	e042      	b.n	10003796 <_etoa+0x43e>
10003710:	2202      	movs	r2, #2
10003712:	9828      	ldr	r0, [sp, #160]	@ 0xa0
10003714:	4010      	ands	r0, r2
10003716:	9a0e      	ldr	r2, [sp, #56]	@ 0x38
10003718:	900c      	str	r0, [sp, #48]	@ 0x30
1000371a:	2a00      	cmp	r2, #0
1000371c:	d113      	bne.n	10003746 <_etoa+0x3ee>
1000371e:	9b27      	ldr	r3, [sp, #156]	@ 0x9c
10003720:	2b05      	cmp	r3, #5
10003722:	d800      	bhi.n	10003726 <_etoa+0x3ce>
10003724:	e089      	b.n	1000383a <_etoa+0x4e2>
10003726:	2800      	cmp	r0, #0
10003728:	d000      	beq.n	1000372c <_etoa+0x3d4>
1000372a:	e084      	b.n	10003836 <_etoa+0x4de>
1000372c:	9b27      	ldr	r3, [sp, #156]	@ 0x9c
1000372e:	2605      	movs	r6, #5
10003730:	3b05      	subs	r3, #5
10003732:	930e      	str	r3, [sp, #56]	@ 0x38
10003734:	e032      	b.n	1000379c <_etoa+0x444>
10003736:	2380      	movs	r3, #128	@ 0x80
10003738:	061b      	lsls	r3, r3, #24
1000373a:	469c      	mov	ip, r3
1000373c:	44ac      	add	ip, r5
1000373e:	4663      	mov	r3, ip
10003740:	9408      	str	r4, [sp, #32]
10003742:	9309      	str	r3, [sp, #36]	@ 0x24
10003744:	e63d      	b.n	100033c2 <_etoa+0x6a>
10003746:	2605      	movs	r6, #5
10003748:	430b      	orrs	r3, r1
1000374a:	d100      	bne.n	1000374e <_etoa+0x3f6>
1000374c:	e6f9      	b.n	10003542 <_etoa+0x1ea>
1000374e:	9808      	ldr	r0, [sp, #32]
10003750:	9909      	ldr	r1, [sp, #36]	@ 0x24
10003752:	4a55      	ldr	r2, [pc, #340]	@ (100038a8 <_etoa+0x550>)
10003754:	4b55      	ldr	r3, [pc, #340]	@ (100038ac <_etoa+0x554>)
10003756:	f7fe fe93 	bl	10002480 <__wrap___aeabi_dcmpge>
1000375a:	2800      	cmp	r0, #0
1000375c:	d008      	beq.n	10003770 <_etoa+0x418>
1000375e:	9808      	ldr	r0, [sp, #32]
10003760:	9909      	ldr	r1, [sp, #36]	@ 0x24
10003762:	2200      	movs	r2, #0
10003764:	4b52      	ldr	r3, [pc, #328]	@ (100038b0 <_etoa+0x558>)
10003766:	f7fe fe7d 	bl	10002464 <__wrap___aeabi_dcmplt>
1000376a:	2800      	cmp	r0, #0
1000376c:	d000      	beq.n	10003770 <_etoa+0x418>
1000376e:	e6e8      	b.n	10003542 <_etoa+0x1ea>
10003770:	9b26      	ldr	r3, [sp, #152]	@ 0x98
10003772:	2b00      	cmp	r3, #0
10003774:	d034      	beq.n	100037e0 <_etoa+0x488>
10003776:	9b0f      	ldr	r3, [sp, #60]	@ 0x3c
10003778:	2b00      	cmp	r3, #0
1000377a:	d031      	beq.n	100037e0 <_etoa+0x488>
1000377c:	9b26      	ldr	r3, [sp, #152]	@ 0x98
1000377e:	3b01      	subs	r3, #1
10003780:	9326      	str	r3, [sp, #152]	@ 0x98
10003782:	9b27      	ldr	r3, [sp, #156]	@ 0x9c
10003784:	42b3      	cmp	r3, r6
10003786:	d904      	bls.n	10003792 <_etoa+0x43a>
10003788:	9b0c      	ldr	r3, [sp, #48]	@ 0x30
1000378a:	2b00      	cmp	r3, #0
1000378c:	d059      	beq.n	10003842 <_etoa+0x4ea>
1000378e:	2302      	movs	r3, #2
10003790:	930c      	str	r3, [sp, #48]	@ 0x30
10003792:	2300      	movs	r3, #0
10003794:	930e      	str	r3, [sp, #56]	@ 0x38
10003796:	2f00      	cmp	r7, #0
10003798:	d100      	bne.n	1000379c <_etoa+0x444>
1000379a:	e63e      	b.n	1000341a <_etoa+0xc2>
1000379c:	9a0a      	ldr	r2, [sp, #40]	@ 0x28
1000379e:	9b0b      	ldr	r3, [sp, #44]	@ 0x2c
100037a0:	9808      	ldr	r0, [sp, #32]
100037a2:	9909      	ldr	r1, [sp, #36]	@ 0x24
100037a4:	f7fe fdfd 	bl	100023a2 <__wrap___aeabi_ddiv>
100037a8:	2200      	movs	r2, #0
100037aa:	9008      	str	r0, [sp, #32]
100037ac:	9109      	str	r1, [sp, #36]	@ 0x24
100037ae:	2300      	movs	r3, #0
100037b0:	0020      	movs	r0, r4
100037b2:	0029      	movs	r1, r5
100037b4:	f7fe fe56 	bl	10002464 <__wrap___aeabi_dcmplt>
100037b8:	2800      	cmp	r0, #0
100037ba:	d100      	bne.n	100037be <_etoa+0x466>
100037bc:	e636      	b.n	1000342c <_etoa+0xd4>
100037be:	9c08      	ldr	r4, [sp, #32]
100037c0:	9d09      	ldr	r5, [sp, #36]	@ 0x24
100037c2:	9a28      	ldr	r2, [sp, #160]	@ 0xa0
100037c4:	2080      	movs	r0, #128	@ 0x80
100037c6:	4b3b      	ldr	r3, [pc, #236]	@ (100038b4 <_etoa+0x55c>)
100037c8:	0600      	lsls	r0, r0, #24
100037ca:	4013      	ands	r3, r2
100037cc:	0022      	movs	r2, r4
100037ce:	9304      	str	r3, [sp, #16]
100037d0:	9b0e      	ldr	r3, [sp, #56]	@ 0x38
100037d2:	9303      	str	r3, [sp, #12]
100037d4:	9b26      	ldr	r3, [sp, #152]	@ 0x98
100037d6:	9302      	str	r3, [sp, #8]
100037d8:	182b      	adds	r3, r5, r0
100037da:	9200      	str	r2, [sp, #0]
100037dc:	9301      	str	r3, [sp, #4]
100037de:	e631      	b.n	10003444 <_etoa+0xec>
100037e0:	9b27      	ldr	r3, [sp, #156]	@ 0x9c
100037e2:	42b3      	cmp	r3, r6
100037e4:	d9d5      	bls.n	10003792 <_etoa+0x43a>
100037e6:	9b0c      	ldr	r3, [sp, #48]	@ 0x30
100037e8:	2b00      	cmp	r3, #0
100037ea:	d02a      	beq.n	10003842 <_etoa+0x4ea>
100037ec:	2300      	movs	r3, #0
100037ee:	930e      	str	r3, [sp, #56]	@ 0x38
100037f0:	3302      	adds	r3, #2
100037f2:	930c      	str	r3, [sp, #48]	@ 0x30
100037f4:	e7cf      	b.n	10003796 <_etoa+0x43e>
100037f6:	9b28      	ldr	r3, [sp, #160]	@ 0xa0
100037f8:	4a2e      	ldr	r2, [pc, #184]	@ (100038b4 <_etoa+0x55c>)
100037fa:	2080      	movs	r0, #128	@ 0x80
100037fc:	9c08      	ldr	r4, [sp, #32]
100037fe:	9d09      	ldr	r5, [sp, #36]	@ 0x24
10003800:	401a      	ands	r2, r3
10003802:	2380      	movs	r3, #128	@ 0x80
10003804:	00db      	lsls	r3, r3, #3
10003806:	4313      	orrs	r3, r2
10003808:	0022      	movs	r2, r4
1000380a:	9304      	str	r3, [sp, #16]
1000380c:	9b27      	ldr	r3, [sp, #156]	@ 0x9c
1000380e:	0600      	lsls	r0, r0, #24
10003810:	9303      	str	r3, [sp, #12]
10003812:	182b      	adds	r3, r5, r0
10003814:	9200      	str	r2, [sp, #0]
10003816:	9301      	str	r3, [sp, #4]
10003818:	9602      	str	r6, [sp, #8]
1000381a:	e67d      	b.n	10003518 <_etoa+0x1c0>
1000381c:	2605      	movs	r6, #5
1000381e:	e695      	b.n	1000354c <_etoa+0x1f4>
10003820:	2300      	movs	r3, #0
10003822:	930e      	str	r3, [sp, #56]	@ 0x38
10003824:	3302      	adds	r3, #2
10003826:	2700      	movs	r7, #0
10003828:	2604      	movs	r6, #4
1000382a:	930c      	str	r3, [sp, #48]	@ 0x30
1000382c:	e5f5      	b.n	1000341a <_etoa+0xc2>
1000382e:	1e4b      	subs	r3, r1, #1
10003830:	191b      	adds	r3, r3, r4
10003832:	1a1b      	subs	r3, r3, r0
10003834:	e665      	b.n	10003502 <_etoa+0x1aa>
10003836:	2302      	movs	r3, #2
10003838:	930c      	str	r3, [sp, #48]	@ 0x30
1000383a:	2605      	movs	r6, #5
1000383c:	e7ae      	b.n	1000379c <_etoa+0x444>
1000383e:	2304      	movs	r3, #4
10003840:	e5e7      	b.n	10003412 <_etoa+0xba>
10003842:	9b27      	ldr	r3, [sp, #156]	@ 0x9c
10003844:	1b9b      	subs	r3, r3, r6
10003846:	930e      	str	r3, [sp, #56]	@ 0x38
10003848:	e7a5      	b.n	10003796 <_etoa+0x43e>
1000384a:	2302      	movs	r3, #2
1000384c:	2604      	movs	r6, #4
1000384e:	930c      	str	r3, [sp, #48]	@ 0x30
10003850:	e7a1      	b.n	10003796 <_etoa+0x43e>
10003852:	1bdb      	subs	r3, r3, r7
10003854:	1e5e      	subs	r6, r3, #1
10003856:	e679      	b.n	1000354c <_etoa+0x1f4>
10003858:	fffffc01 	.word	0xfffffc01
1000385c:	509f79fb 	.word	0x509f79fb
10003860:	3fd34413 	.word	0x3fd34413
10003864:	8b60c8b3 	.word	0x8b60c8b3
10003868:	3fc68a28 	.word	0x3fc68a28
1000386c:	3ff00000 	.word	0x3ff00000
10003870:	3ff80000 	.word	0x3ff80000
10003874:	636f4361 	.word	0x636f4361
10003878:	3fd287a7 	.word	0x3fd287a7
1000387c:	0979a371 	.word	0x0979a371
10003880:	400a934f 	.word	0x400a934f
10003884:	3fe00000 	.word	0x3fe00000
10003888:	bbb55516 	.word	0xbbb55516
1000388c:	40026bb1 	.word	0x40026bb1
10003890:	fefa39ef 	.word	0xfefa39ef
10003894:	3fe62e42 	.word	0x3fe62e42
10003898:	402c0000 	.word	0x402c0000
1000389c:	40240000 	.word	0x40240000
100038a0:	40180000 	.word	0x40180000
100038a4:	000003ff 	.word	0x000003ff
100038a8:	eb1c432d 	.word	0xeb1c432d
100038ac:	3f1a36e2 	.word	0x3f1a36e2
100038b0:	412e8480 	.word	0x412e8480
100038b4:	fffff7ff 	.word	0xfffff7ff

100038b8 <_vsnprintf>:
100038b8:	b5f0      	push	{r4, r5, r6, r7, lr}
100038ba:	4657      	mov	r7, sl
100038bc:	46de      	mov	lr, fp
100038be:	464e      	mov	r6, r9
100038c0:	4645      	mov	r5, r8
100038c2:	b5e0      	push	{r5, r6, r7, lr}
100038c4:	b0a3      	sub	sp, #140	@ 0x8c
100038c6:	001f      	movs	r7, r3
100038c8:	9b2c      	ldr	r3, [sp, #176]	@ 0xb0
100038ca:	4692      	mov	sl, r2
100038cc:	930c      	str	r3, [sp, #48]	@ 0x30
100038ce:	4ac9      	ldr	r2, [pc, #804]	@ (10003bf4 <_vsnprintf+0x33c>)
100038d0:	4bc9      	ldr	r3, [pc, #804]	@ (10003bf8 <_vsnprintf+0x340>)
100038d2:	468b      	mov	fp, r1
100038d4:	900b      	str	r0, [sp, #44]	@ 0x2c
100038d6:	601a      	str	r2, [r3, #0]
100038d8:	2900      	cmp	r1, #0
100038da:	d100      	bne.n	100038de <_vsnprintf+0x26>
100038dc:	e1bf      	b.n	10003c5e <_vsnprintf+0x3a6>
100038de:	2300      	movs	r3, #0
100038e0:	7838      	ldrb	r0, [r7, #0]
100038e2:	4699      	mov	r9, r3
100038e4:	2800      	cmp	r0, #0
100038e6:	d100      	bne.n	100038ea <_vsnprintf+0x32>
100038e8:	e1c1      	b.n	10003c6e <_vsnprintf+0x3b6>
100038ea:	4bc4      	ldr	r3, [pc, #784]	@ (10003bfc <_vsnprintf+0x344>)
100038ec:	464c      	mov	r4, r9
100038ee:	9309      	str	r3, [sp, #36]	@ 0x24
100038f0:	4bc3      	ldr	r3, [pc, #780]	@ (10003c00 <_vsnprintf+0x348>)
100038f2:	930e      	str	r3, [sp, #56]	@ 0x38
100038f4:	465b      	mov	r3, fp
100038f6:	930a      	str	r3, [sp, #40]	@ 0x28
100038f8:	e008      	b.n	1000390c <_vsnprintf+0x54>
100038fa:	0022      	movs	r2, r4
100038fc:	4653      	mov	r3, sl
100038fe:	990a      	ldr	r1, [sp, #40]	@ 0x28
10003900:	9d0b      	ldr	r5, [sp, #44]	@ 0x2c
10003902:	47a8      	blx	r5
10003904:	3401      	adds	r4, #1
10003906:	7838      	ldrb	r0, [r7, #0]
10003908:	2800      	cmp	r0, #0
1000390a:	d076      	beq.n	100039fa <_vsnprintf+0x142>
1000390c:	3701      	adds	r7, #1
1000390e:	2825      	cmp	r0, #37	@ 0x25
10003910:	d1f3      	bne.n	100038fa <_vsnprintf+0x42>
10003912:	2310      	movs	r3, #16
10003914:	469b      	mov	fp, r3
10003916:	3b08      	subs	r3, #8
10003918:	4699      	mov	r9, r3
1000391a:	3b04      	subs	r3, #4
1000391c:	4698      	mov	r8, r3
1000391e:	3b03      	subs	r3, #3
10003920:	2600      	movs	r6, #0
10003922:	2502      	movs	r5, #2
10003924:	469c      	mov	ip, r3
10003926:	7838      	ldrb	r0, [r7, #0]
10003928:	1c79      	adds	r1, r7, #1
1000392a:	0003      	movs	r3, r0
1000392c:	3b20      	subs	r3, #32
1000392e:	b2db      	uxtb	r3, r3
10003930:	2b10      	cmp	r3, #16
10003932:	d803      	bhi.n	1000393c <_vsnprintf+0x84>
10003934:	9a09      	ldr	r2, [sp, #36]	@ 0x24
10003936:	009b      	lsls	r3, r3, #2
10003938:	58d3      	ldr	r3, [r2, r3]
1000393a:	469f      	mov	pc, r3
1000393c:	0003      	movs	r3, r0
1000393e:	3b30      	subs	r3, #48	@ 0x30
10003940:	2b09      	cmp	r3, #9
10003942:	d936      	bls.n	100039b2 <_vsnprintf+0xfa>
10003944:	2500      	movs	r5, #0
10003946:	282a      	cmp	r0, #42	@ 0x2a
10003948:	d100      	bne.n	1000394c <_vsnprintf+0x94>
1000394a:	e0a7      	b.n	10003a9c <_vsnprintf+0x1e4>
1000394c:	2300      	movs	r3, #0
1000394e:	930d      	str	r3, [sp, #52]	@ 0x34
10003950:	282e      	cmp	r0, #46	@ 0x2e
10003952:	d03f      	beq.n	100039d4 <_vsnprintf+0x11c>
10003954:	0003      	movs	r3, r0
10003956:	3b68      	subs	r3, #104	@ 0x68
10003958:	b2db      	uxtb	r3, r3
1000395a:	2b12      	cmp	r3, #18
1000395c:	d81b      	bhi.n	10003996 <_vsnprintf+0xde>
1000395e:	9a0e      	ldr	r2, [sp, #56]	@ 0x38
10003960:	009b      	lsls	r3, r3, #2
10003962:	58d3      	ldr	r3, [r2, r3]
10003964:	469f      	mov	pc, r3
10003966:	4663      	mov	r3, ip
10003968:	000f      	movs	r7, r1
1000396a:	431e      	orrs	r6, r3
1000396c:	e7db      	b.n	10003926 <_vsnprintf+0x6e>
1000396e:	000f      	movs	r7, r1
10003970:	432e      	orrs	r6, r5
10003972:	e7d8      	b.n	10003926 <_vsnprintf+0x6e>
10003974:	4643      	mov	r3, r8
10003976:	000f      	movs	r7, r1
10003978:	431e      	orrs	r6, r3
1000397a:	e7d4      	b.n	10003926 <_vsnprintf+0x6e>
1000397c:	465b      	mov	r3, fp
1000397e:	000f      	movs	r7, r1
10003980:	431e      	orrs	r6, r3
10003982:	e7d0      	b.n	10003926 <_vsnprintf+0x6e>
10003984:	464b      	mov	r3, r9
10003986:	000f      	movs	r7, r1
10003988:	431e      	orrs	r6, r3
1000398a:	e7cc      	b.n	10003926 <_vsnprintf+0x6e>
1000398c:	2380      	movs	r3, #128	@ 0x80
1000398e:	7878      	ldrb	r0, [r7, #1]
10003990:	005b      	lsls	r3, r3, #1
10003992:	431e      	orrs	r6, r3
10003994:	3101      	adds	r1, #1
10003996:	000f      	movs	r7, r1
10003998:	2867      	cmp	r0, #103	@ 0x67
1000399a:	d845      	bhi.n	10003a28 <_vsnprintf+0x170>
1000399c:	2824      	cmp	r0, #36	@ 0x24
1000399e:	d9ac      	bls.n	100038fa <_vsnprintf+0x42>
100039a0:	0003      	movs	r3, r0
100039a2:	3b25      	subs	r3, #37	@ 0x25
100039a4:	b2db      	uxtb	r3, r3
100039a6:	2b42      	cmp	r3, #66	@ 0x42
100039a8:	d8a7      	bhi.n	100038fa <_vsnprintf+0x42>
100039aa:	4996      	ldr	r1, [pc, #600]	@ (10003c04 <_vsnprintf+0x34c>)
100039ac:	009b      	lsls	r3, r3, #2
100039ae:	58cb      	ldr	r3, [r1, r3]
100039b0:	469f      	mov	pc, r3
100039b2:	2500      	movs	r5, #0
100039b4:	00ab      	lsls	r3, r5, #2
100039b6:	195d      	adds	r5, r3, r5
100039b8:	006d      	lsls	r5, r5, #1
100039ba:	182d      	adds	r5, r5, r0
100039bc:	7808      	ldrb	r0, [r1, #0]
100039be:	000f      	movs	r7, r1
100039c0:	0003      	movs	r3, r0
100039c2:	3b30      	subs	r3, #48	@ 0x30
100039c4:	3d30      	subs	r5, #48	@ 0x30
100039c6:	3101      	adds	r1, #1
100039c8:	2b09      	cmp	r3, #9
100039ca:	d9f3      	bls.n	100039b4 <_vsnprintf+0xfc>
100039cc:	2300      	movs	r3, #0
100039ce:	930d      	str	r3, [sp, #52]	@ 0x34
100039d0:	282e      	cmp	r0, #46	@ 0x2e
100039d2:	d1bf      	bne.n	10003954 <_vsnprintf+0x9c>
100039d4:	2230      	movs	r2, #48	@ 0x30
100039d6:	2080      	movs	r0, #128	@ 0x80
100039d8:	4252      	negs	r2, r2
100039da:	4690      	mov	r8, r2
100039dc:	00c0      	lsls	r0, r0, #3
100039de:	4306      	orrs	r6, r0
100039e0:	7878      	ldrb	r0, [r7, #1]
100039e2:	000b      	movs	r3, r1
100039e4:	4480      	add	r8, r0
100039e6:	4642      	mov	r2, r8
100039e8:	2a09      	cmp	r2, #9
100039ea:	d800      	bhi.n	100039ee <_vsnprintf+0x136>
100039ec:	e151      	b.n	10003c92 <_vsnprintf+0x3da>
100039ee:	282a      	cmp	r0, #42	@ 0x2a
100039f0:	d100      	bne.n	100039f4 <_vsnprintf+0x13c>
100039f2:	e15e      	b.n	10003cb2 <_vsnprintf+0x3fa>
100039f4:	000f      	movs	r7, r1
100039f6:	3101      	adds	r1, #1
100039f8:	e7ac      	b.n	10003954 <_vsnprintf+0x9c>
100039fa:	9b0a      	ldr	r3, [sp, #40]	@ 0x28
100039fc:	46a1      	mov	r9, r4
100039fe:	469b      	mov	fp, r3
10003a00:	45ca      	cmp	sl, r9
10003a02:	d803      	bhi.n	10003a0c <_vsnprintf+0x154>
10003a04:	2301      	movs	r3, #1
10003a06:	425b      	negs	r3, r3
10003a08:	4453      	add	r3, sl
10003a0a:	4699      	mov	r9, r3
10003a0c:	4653      	mov	r3, sl
10003a0e:	464a      	mov	r2, r9
10003a10:	4659      	mov	r1, fp
10003a12:	2000      	movs	r0, #0
10003a14:	9d0b      	ldr	r5, [sp, #44]	@ 0x2c
10003a16:	47a8      	blx	r5
10003a18:	0020      	movs	r0, r4
10003a1a:	b023      	add	sp, #140	@ 0x8c
10003a1c:	bcf0      	pop	{r4, r5, r6, r7}
10003a1e:	46bb      	mov	fp, r7
10003a20:	46b2      	mov	sl, r6
10003a22:	46a9      	mov	r9, r5
10003a24:	46a0      	mov	r8, r4
10003a26:	bdf0      	pop	{r4, r5, r6, r7, pc}
10003a28:	0003      	movs	r3, r0
10003a2a:	3b69      	subs	r3, #105	@ 0x69
10003a2c:	b2db      	uxtb	r3, r3
10003a2e:	2b0f      	cmp	r3, #15
10003a30:	d900      	bls.n	10003a34 <_vsnprintf+0x17c>
10003a32:	e762      	b.n	100038fa <_vsnprintf+0x42>
10003a34:	2101      	movs	r1, #1
10003a36:	4099      	lsls	r1, r3
10003a38:	4688      	mov	r8, r1
10003a3a:	4a73      	ldr	r2, [pc, #460]	@ (10003c08 <_vsnprintf+0x350>)
10003a3c:	4011      	ands	r1, r2
10003a3e:	468b      	mov	fp, r1
10003a40:	0011      	movs	r1, r2
10003a42:	4642      	mov	r2, r8
10003a44:	420a      	tst	r2, r1
10003a46:	d000      	beq.n	10003a4a <_vsnprintf+0x192>
10003a48:	e113      	b.n	10003c72 <_vsnprintf+0x3ba>
10003a4a:	2b0a      	cmp	r3, #10
10003a4c:	d02f      	beq.n	10003aae <_vsnprintf+0x1f6>
10003a4e:	2b07      	cmp	r3, #7
10003a50:	d000      	beq.n	10003a54 <_vsnprintf+0x19c>
10003a52:	e752      	b.n	100038fa <_vsnprintf+0x42>
10003a54:	9d0c      	ldr	r5, [sp, #48]	@ 0x30
10003a56:	cd01      	ldmia	r5!, {r0}
10003a58:	2800      	cmp	r0, #0
10003a5a:	d100      	bne.n	10003a5e <_vsnprintf+0x1a6>
10003a5c:	e134      	b.n	10003cc8 <_vsnprintf+0x410>
10003a5e:	2321      	movs	r3, #33	@ 0x21
10003a60:	431e      	orrs	r6, r3
10003a62:	46b0      	mov	r8, r6
10003a64:	261f      	movs	r6, #31
10003a66:	9a0d      	ldr	r2, [sp, #52]	@ 0x34
10003a68:	ab12      	add	r3, sp, #72	@ 0x48
10003a6a:	18f6      	adds	r6, r6, r3
10003a6c:	46a1      	mov	r9, r4
10003a6e:	4694      	mov	ip, r2
10003a70:	4659      	mov	r1, fp
10003a72:	0034      	movs	r4, r6
10003a74:	e002      	b.n	10003a7c <_vsnprintf+0x1c4>
10003a76:	0900      	lsrs	r0, r0, #4
10003a78:	2920      	cmp	r1, #32
10003a7a:	d00a      	beq.n	10003a92 <_vsnprintf+0x1da>
10003a7c:	260f      	movs	r6, #15
10003a7e:	4006      	ands	r6, r0
10003a80:	0032      	movs	r2, r6
10003a82:	3237      	adds	r2, #55	@ 0x37
10003a84:	2e09      	cmp	r6, #9
10003a86:	d800      	bhi.n	10003a8a <_vsnprintf+0x1d2>
10003a88:	3a07      	subs	r2, #7
10003a8a:	3101      	adds	r1, #1
10003a8c:	5462      	strb	r2, [r4, r1]
10003a8e:	280f      	cmp	r0, #15
10003a90:	d8f1      	bhi.n	10003a76 <_vsnprintf+0x1be>
10003a92:	4663      	mov	r3, ip
10003a94:	464c      	mov	r4, r9
10003a96:	468b      	mov	fp, r1
10003a98:	930d      	str	r3, [sp, #52]	@ 0x34
10003a9a:	e122      	b.n	10003ce2 <_vsnprintf+0x42a>
10003a9c:	9b0c      	ldr	r3, [sp, #48]	@ 0x30
10003a9e:	cb20      	ldmia	r3!, {r5}
10003aa0:	2d00      	cmp	r5, #0
10003aa2:	db52      	blt.n	10003b4a <_vsnprintf+0x292>
10003aa4:	7878      	ldrb	r0, [r7, #1]
10003aa6:	930c      	str	r3, [sp, #48]	@ 0x30
10003aa8:	000f      	movs	r7, r1
10003aaa:	3101      	adds	r1, #1
10003aac:	e74e      	b.n	1000394c <_vsnprintf+0x94>
10003aae:	9b0c      	ldr	r3, [sp, #48]	@ 0x30
10003ab0:	990d      	ldr	r1, [sp, #52]	@ 0x34
10003ab2:	cb04      	ldmia	r3!, {r2}
10003ab4:	4690      	mov	r8, r2
10003ab6:	469b      	mov	fp, r3
10003ab8:	2900      	cmp	r1, #0
10003aba:	d100      	bne.n	10003abe <_vsnprintf+0x206>
10003abc:	e128      	b.n	10003d10 <_vsnprintf+0x458>
10003abe:	4643      	mov	r3, r8
10003ac0:	7818      	ldrb	r0, [r3, #0]
10003ac2:	4441      	add	r1, r8
10003ac4:	2800      	cmp	r0, #0
10003ac6:	d101      	bne.n	10003acc <_vsnprintf+0x214>
10003ac8:	f000 fc29 	bl	1000431e <_vsnprintf+0xa66>
10003acc:	9a0d      	ldr	r2, [sp, #52]	@ 0x34
10003ace:	4694      	mov	ip, r2
10003ad0:	000a      	movs	r2, r1
10003ad2:	e004      	b.n	10003ade <_vsnprintf+0x226>
10003ad4:	7859      	ldrb	r1, [r3, #1]
10003ad6:	3301      	adds	r3, #1
10003ad8:	2900      	cmp	r1, #0
10003ada:	d100      	bne.n	10003ade <_vsnprintf+0x226>
10003adc:	e195      	b.n	10003e0a <_vsnprintf+0x552>
10003ade:	429a      	cmp	r2, r3
10003ae0:	d1f8      	bne.n	10003ad4 <_vsnprintf+0x21c>
10003ae2:	4663      	mov	r3, ip
10003ae4:	930d      	str	r3, [sp, #52]	@ 0x34
10003ae6:	4643      	mov	r3, r8
10003ae8:	1ad3      	subs	r3, r2, r3
10003aea:	930f      	str	r3, [sp, #60]	@ 0x3c
10003aec:	0573      	lsls	r3, r6, #21
10003aee:	d400      	bmi.n	10003af2 <_vsnprintf+0x23a>
10003af0:	e16c      	b.n	10003dcc <_vsnprintf+0x514>
10003af2:	9b0f      	ldr	r3, [sp, #60]	@ 0x3c
10003af4:	9a0d      	ldr	r2, [sp, #52]	@ 0x34
10003af6:	4293      	cmp	r3, r2
10003af8:	d900      	bls.n	10003afc <_vsnprintf+0x244>
10003afa:	920f      	str	r2, [sp, #60]	@ 0x3c
10003afc:	2302      	movs	r3, #2
10003afe:	001a      	movs	r2, r3
10003b00:	4032      	ands	r2, r6
10003b02:	920c      	str	r2, [sp, #48]	@ 0x30
10003b04:	4233      	tst	r3, r6
10003b06:	d100      	bne.n	10003b0a <_vsnprintf+0x252>
10003b08:	e291      	b.n	1000402e <_vsnprintf+0x776>
10003b0a:	930c      	str	r3, [sp, #48]	@ 0x30
10003b0c:	9b0d      	ldr	r3, [sp, #52]	@ 0x34
10003b0e:	46b9      	mov	r9, r7
10003b10:	191e      	adds	r6, r3, r4
10003b12:	4643      	mov	r3, r8
10003b14:	1b1b      	subs	r3, r3, r4
10003b16:	46a8      	mov	r8, r5
10003b18:	0022      	movs	r2, r4
10003b1a:	001f      	movs	r7, r3
10003b1c:	9d0b      	ldr	r5, [sp, #44]	@ 0x2c
10003b1e:	e008      	b.n	10003b32 <_vsnprintf+0x27a>
10003b20:	1c54      	adds	r4, r2, #1
10003b22:	4653      	mov	r3, sl
10003b24:	990a      	ldr	r1, [sp, #40]	@ 0x28
10003b26:	47a8      	blx	r5
10003b28:	5d38      	ldrb	r0, [r7, r4]
10003b2a:	2800      	cmp	r0, #0
10003b2c:	d100      	bne.n	10003b30 <_vsnprintf+0x278>
10003b2e:	e163      	b.n	10003df8 <_vsnprintf+0x540>
10003b30:	0022      	movs	r2, r4
10003b32:	4296      	cmp	r6, r2
10003b34:	d1f4      	bne.n	10003b20 <_vsnprintf+0x268>
10003b36:	4645      	mov	r5, r8
10003b38:	464f      	mov	r7, r9
10003b3a:	0034      	movs	r4, r6
10003b3c:	9b0c      	ldr	r3, [sp, #48]	@ 0x30
10003b3e:	2b00      	cmp	r3, #0
10003b40:	d000      	beq.n	10003b44 <_vsnprintf+0x28c>
10003b42:	e197      	b.n	10003e74 <_vsnprintf+0x5bc>
10003b44:	465b      	mov	r3, fp
10003b46:	930c      	str	r3, [sp, #48]	@ 0x30
10003b48:	e6dd      	b.n	10003906 <_vsnprintf+0x4e>
10003b4a:	2202      	movs	r2, #2
10003b4c:	7878      	ldrb	r0, [r7, #1]
10003b4e:	4316      	orrs	r6, r2
10003b50:	000f      	movs	r7, r1
10003b52:	426d      	negs	r5, r5
10003b54:	930c      	str	r3, [sp, #48]	@ 0x30
10003b56:	3101      	adds	r1, #1
10003b58:	e6f8      	b.n	1000394c <_vsnprintf+0x94>
10003b5a:	7878      	ldrb	r0, [r7, #1]
10003b5c:	286c      	cmp	r0, #108	@ 0x6c
10003b5e:	d100      	bne.n	10003b62 <_vsnprintf+0x2aa>
10003b60:	e159      	b.n	10003e16 <_vsnprintf+0x55e>
10003b62:	2380      	movs	r3, #128	@ 0x80
10003b64:	005b      	lsls	r3, r3, #1
10003b66:	431e      	orrs	r6, r3
10003b68:	3101      	adds	r1, #1
10003b6a:	e714      	b.n	10003996 <_vsnprintf+0xde>
10003b6c:	2380      	movs	r3, #128	@ 0x80
10003b6e:	009b      	lsls	r3, r3, #2
10003b70:	7878      	ldrb	r0, [r7, #1]
10003b72:	431e      	orrs	r6, r3
10003b74:	3101      	adds	r1, #1
10003b76:	e70e      	b.n	10003996 <_vsnprintf+0xde>
10003b78:	7878      	ldrb	r0, [r7, #1]
10003b7a:	2868      	cmp	r0, #104	@ 0x68
10003b7c:	d100      	bne.n	10003b80 <_vsnprintf+0x2c8>
10003b7e:	e150      	b.n	10003e22 <_vsnprintf+0x56a>
10003b80:	2380      	movs	r3, #128	@ 0x80
10003b82:	3101      	adds	r1, #1
10003b84:	431e      	orrs	r6, r3
10003b86:	e706      	b.n	10003996 <_vsnprintf+0xde>
10003b88:	2867      	cmp	r0, #103	@ 0x67
10003b8a:	d100      	bne.n	10003b8e <_vsnprintf+0x2d6>
10003b8c:	e0c2      	b.n	10003d14 <_vsnprintf+0x45c>
10003b8e:	2847      	cmp	r0, #71	@ 0x47
10003b90:	d100      	bne.n	10003b94 <_vsnprintf+0x2dc>
10003b92:	e134      	b.n	10003dfe <_vsnprintf+0x546>
10003b94:	2845      	cmp	r0, #69	@ 0x45
10003b96:	d100      	bne.n	10003b9a <_vsnprintf+0x2e2>
10003b98:	e134      	b.n	10003e04 <_vsnprintf+0x54c>
10003b9a:	2107      	movs	r1, #7
10003b9c:	9b0c      	ldr	r3, [sp, #48]	@ 0x30
10003b9e:	9a0d      	ldr	r2, [sp, #52]	@ 0x34
10003ba0:	3307      	adds	r3, #7
10003ba2:	438b      	bics	r3, r1
10003ba4:	0019      	movs	r1, r3
10003ba6:	9604      	str	r6, [sp, #16]
10003ba8:	9503      	str	r5, [sp, #12]
10003baa:	9202      	str	r2, [sp, #8]
10003bac:	c90c      	ldmia	r1!, {r2, r3}
10003bae:	980b      	ldr	r0, [sp, #44]	@ 0x2c
10003bb0:	9200      	str	r2, [sp, #0]
10003bb2:	9301      	str	r3, [sp, #4]
10003bb4:	910c      	str	r1, [sp, #48]	@ 0x30
10003bb6:	0022      	movs	r2, r4
10003bb8:	4653      	mov	r3, sl
10003bba:	990a      	ldr	r1, [sp, #40]	@ 0x28
10003bbc:	f7ff fbcc 	bl	10003358 <_etoa>
10003bc0:	0004      	movs	r4, r0
10003bc2:	e6a0      	b.n	10003906 <_vsnprintf+0x4e>
10003bc4:	2846      	cmp	r0, #70	@ 0x46
10003bc6:	d100      	bne.n	10003bca <_vsnprintf+0x312>
10003bc8:	e0a8      	b.n	10003d1c <_vsnprintf+0x464>
10003bca:	2107      	movs	r1, #7
10003bcc:	9b0c      	ldr	r3, [sp, #48]	@ 0x30
10003bce:	9a0d      	ldr	r2, [sp, #52]	@ 0x34
10003bd0:	3307      	adds	r3, #7
10003bd2:	438b      	bics	r3, r1
10003bd4:	0019      	movs	r1, r3
10003bd6:	9604      	str	r6, [sp, #16]
10003bd8:	9503      	str	r5, [sp, #12]
10003bda:	9202      	str	r2, [sp, #8]
10003bdc:	c90c      	ldmia	r1!, {r2, r3}
10003bde:	980b      	ldr	r0, [sp, #44]	@ 0x2c
10003be0:	9200      	str	r2, [sp, #0]
10003be2:	9301      	str	r3, [sp, #4]
10003be4:	910c      	str	r1, [sp, #48]	@ 0x30
10003be6:	0022      	movs	r2, r4
10003be8:	4653      	mov	r3, sl
10003bea:	990a      	ldr	r1, [sp, #40]	@ 0x28
10003bec:	f7ff f97a 	bl	10002ee4 <_ftoa>
10003bf0:	0004      	movs	r4, r0
10003bf2:	e688      	b.n	10003906 <_vsnprintf+0x4e>
10003bf4:	100038b9 	.word	0x100038b9
10003bf8:	20001cc4 	.word	0x20001cc4
10003bfc:	10007f5c 	.word	0x10007f5c
10003c00:	10007fa0 	.word	0x10007fa0
10003c04:	10007fec 	.word	0x10007fec
10003c08:	00009041 	.word	0x00009041
10003c0c:	0022      	movs	r2, r4
10003c0e:	4653      	mov	r3, sl
10003c10:	2025      	movs	r0, #37	@ 0x25
10003c12:	990a      	ldr	r1, [sp, #40]	@ 0x28
10003c14:	9d0b      	ldr	r5, [sp, #44]	@ 0x2c
10003c16:	47a8      	blx	r5
10003c18:	3401      	adds	r4, #1
10003c1a:	e674      	b.n	10003906 <_vsnprintf+0x4e>
10003c1c:	9b0c      	ldr	r3, [sp, #48]	@ 0x30
10003c1e:	3304      	adds	r3, #4
10003c20:	469b      	mov	fp, r3
10003c22:	1c63      	adds	r3, r4, #1
10003c24:	4698      	mov	r8, r3
10003c26:	07b6      	lsls	r6, r6, #30
10003c28:	d400      	bmi.n	10003c2c <_vsnprintf+0x374>
10003c2a:	e0ff      	b.n	10003e2c <_vsnprintf+0x574>
10003c2c:	9b0c      	ldr	r3, [sp, #48]	@ 0x30
10003c2e:	0022      	movs	r2, r4
10003c30:	7818      	ldrb	r0, [r3, #0]
10003c32:	990a      	ldr	r1, [sp, #40]	@ 0x28
10003c34:	4653      	mov	r3, sl
10003c36:	9e0b      	ldr	r6, [sp, #44]	@ 0x2c
10003c38:	47b0      	blx	r6
10003c3a:	1964      	adds	r4, r4, r5
10003c3c:	2d01      	cmp	r5, #1
10003c3e:	d800      	bhi.n	10003c42 <_vsnprintf+0x38a>
10003c40:	e249      	b.n	100040d6 <_vsnprintf+0x81e>
10003c42:	4645      	mov	r5, r8
10003c44:	9e0b      	ldr	r6, [sp, #44]	@ 0x2c
10003c46:	46b8      	mov	r8, r7
10003c48:	9f0a      	ldr	r7, [sp, #40]	@ 0x28
10003c4a:	002a      	movs	r2, r5
10003c4c:	4653      	mov	r3, sl
10003c4e:	3501      	adds	r5, #1
10003c50:	0039      	movs	r1, r7
10003c52:	2020      	movs	r0, #32
10003c54:	47b0      	blx	r6
10003c56:	42a5      	cmp	r5, r4
10003c58:	d1f7      	bne.n	10003c4a <_vsnprintf+0x392>
10003c5a:	4647      	mov	r7, r8
10003c5c:	e772      	b.n	10003b44 <_vsnprintf+0x28c>
10003c5e:	4bdb      	ldr	r3, [pc, #876]	@ (10003fcc <_vsnprintf+0x714>)
10003c60:	7838      	ldrb	r0, [r7, #0]
10003c62:	930b      	str	r3, [sp, #44]	@ 0x2c
10003c64:	2300      	movs	r3, #0
10003c66:	4699      	mov	r9, r3
10003c68:	2800      	cmp	r0, #0
10003c6a:	d000      	beq.n	10003c6e <_vsnprintf+0x3b6>
10003c6c:	e63d      	b.n	100038ea <_vsnprintf+0x32>
10003c6e:	2400      	movs	r4, #0
10003c70:	e6c6      	b.n	10003a00 <_vsnprintf+0x148>
10003c72:	286f      	cmp	r0, #111	@ 0x6f
10003c74:	d055      	beq.n	10003d22 <_vsnprintf+0x46a>
10003c76:	d800      	bhi.n	10003c7a <_vsnprintf+0x3c2>
10003c78:	e2bc      	b.n	100041f4 <_vsnprintf+0x93c>
10003c7a:	2310      	movs	r3, #16
10003c7c:	2878      	cmp	r0, #120	@ 0x78
10003c7e:	d100      	bne.n	10003c82 <_vsnprintf+0x3ca>
10003c80:	e09e      	b.n	10003dc0 <_vsnprintf+0x508>
10003c82:	439e      	bics	r6, r3
10003c84:	230a      	movs	r3, #10
10003c86:	469c      	mov	ip, r3
10003c88:	2300      	movs	r3, #0
10003c8a:	930f      	str	r3, [sp, #60]	@ 0x3c
10003c8c:	330a      	adds	r3, #10
10003c8e:	469b      	mov	fp, r3
10003c90:	e04d      	b.n	10003d2e <_vsnprintf+0x476>
10003c92:	2100      	movs	r1, #0
10003c94:	008a      	lsls	r2, r1, #2
10003c96:	1852      	adds	r2, r2, r1
10003c98:	0052      	lsls	r2, r2, #1
10003c9a:	3301      	adds	r3, #1
10003c9c:	1811      	adds	r1, r2, r0
10003c9e:	7818      	ldrb	r0, [r3, #0]
10003ca0:	3930      	subs	r1, #48	@ 0x30
10003ca2:	0002      	movs	r2, r0
10003ca4:	3a30      	subs	r2, #48	@ 0x30
10003ca6:	2a09      	cmp	r2, #9
10003ca8:	d9f4      	bls.n	10003c94 <_vsnprintf+0x3dc>
10003caa:	910d      	str	r1, [sp, #52]	@ 0x34
10003cac:	001f      	movs	r7, r3
10003cae:	1c59      	adds	r1, r3, #1
10003cb0:	e650      	b.n	10003954 <_vsnprintf+0x9c>
10003cb2:	9b0c      	ldr	r3, [sp, #48]	@ 0x30
10003cb4:	78b8      	ldrb	r0, [r7, #2]
10003cb6:	cb04      	ldmia	r3!, {r2}
10003cb8:	3702      	adds	r7, #2
10003cba:	43d1      	mvns	r1, r2
10003cbc:	17c9      	asrs	r1, r1, #31
10003cbe:	400a      	ands	r2, r1
10003cc0:	920d      	str	r2, [sp, #52]	@ 0x34
10003cc2:	930c      	str	r3, [sp, #48]	@ 0x30
10003cc4:	1c79      	adds	r1, r7, #1
10003cc6:	e645      	b.n	10003954 <_vsnprintf+0x9c>
10003cc8:	2310      	movs	r3, #16
10003cca:	0030      	movs	r0, r6
10003ccc:	4398      	bics	r0, r3
10003cce:	3311      	adds	r3, #17
10003cd0:	4318      	orrs	r0, r3
10003cd2:	2380      	movs	r3, #128	@ 0x80
10003cd4:	4680      	mov	r8, r0
10003cd6:	0030      	movs	r0, r6
10003cd8:	00db      	lsls	r3, r3, #3
10003cda:	4018      	ands	r0, r3
10003cdc:	421e      	tst	r6, r3
10003cde:	d100      	bne.n	10003ce2 <_vsnprintf+0x42a>
10003ce0:	e6c0      	b.n	10003a64 <_vsnprintf+0x1ac>
10003ce2:	4643      	mov	r3, r8
10003ce4:	9306      	str	r3, [sp, #24]
10003ce6:	2308      	movs	r3, #8
10003ce8:	9305      	str	r3, [sp, #20]
10003cea:	9b0d      	ldr	r3, [sp, #52]	@ 0x34
10003cec:	0022      	movs	r2, r4
10003cee:	9304      	str	r3, [sp, #16]
10003cf0:	2310      	movs	r3, #16
10003cf2:	9303      	str	r3, [sp, #12]
10003cf4:	2300      	movs	r3, #0
10003cf6:	9302      	str	r3, [sp, #8]
10003cf8:	465b      	mov	r3, fp
10003cfa:	9301      	str	r3, [sp, #4]
10003cfc:	ab1a      	add	r3, sp, #104	@ 0x68
10003cfe:	9300      	str	r3, [sp, #0]
10003d00:	990a      	ldr	r1, [sp, #40]	@ 0x28
10003d02:	4653      	mov	r3, sl
10003d04:	980b      	ldr	r0, [sp, #44]	@ 0x2c
10003d06:	f7fe fff1 	bl	10002cec <_ntoa_format>
10003d0a:	950c      	str	r5, [sp, #48]	@ 0x30
10003d0c:	0004      	movs	r4, r0
10003d0e:	e5fa      	b.n	10003906 <_vsnprintf+0x4e>
10003d10:	3901      	subs	r1, #1
10003d12:	e6d4      	b.n	10003abe <_vsnprintf+0x206>
10003d14:	2380      	movs	r3, #128	@ 0x80
10003d16:	011b      	lsls	r3, r3, #4
10003d18:	431e      	orrs	r6, r3
10003d1a:	e73e      	b.n	10003b9a <_vsnprintf+0x2e2>
10003d1c:	2320      	movs	r3, #32
10003d1e:	431e      	orrs	r6, r3
10003d20:	e753      	b.n	10003bca <_vsnprintf+0x312>
10003d22:	2308      	movs	r3, #8
10003d24:	469c      	mov	ip, r3
10003d26:	2300      	movs	r3, #0
10003d28:	930f      	str	r3, [sp, #60]	@ 0x3c
10003d2a:	3308      	adds	r3, #8
10003d2c:	469b      	mov	fp, r3
10003d2e:	2380      	movs	r3, #128	@ 0x80
10003d30:	0030      	movs	r0, r6
10003d32:	00db      	lsls	r3, r3, #3
10003d34:	4018      	ands	r0, r3
10003d36:	421e      	tst	r6, r3
10003d38:	d100      	bne.n	10003d3c <_vsnprintf+0x484>
10003d3a:	e11a      	b.n	10003f72 <_vsnprintf+0x6ba>
10003d3c:	230d      	movs	r3, #13
10003d3e:	0031      	movs	r1, r6
10003d40:	4399      	bics	r1, r3
10003d42:	2380      	movs	r3, #128	@ 0x80
10003d44:	000a      	movs	r2, r1
10003d46:	009b      	lsls	r3, r3, #2
10003d48:	401a      	ands	r2, r3
10003d4a:	4691      	mov	r9, r2
10003d4c:	4219      	tst	r1, r3
10003d4e:	d000      	beq.n	10003d52 <_vsnprintf+0x49a>
10003d50:	e1c3      	b.n	100040da <_vsnprintf+0x822>
10003d52:	2380      	movs	r3, #128	@ 0x80
10003d54:	000a      	movs	r2, r1
10003d56:	005b      	lsls	r3, r3, #1
10003d58:	401a      	ands	r2, r3
10003d5a:	4690      	mov	r8, r2
10003d5c:	9a0c      	ldr	r2, [sp, #48]	@ 0x30
10003d5e:	3204      	adds	r2, #4
10003d60:	920f      	str	r2, [sp, #60]	@ 0x3c
10003d62:	4219      	tst	r1, r3
10003d64:	d000      	beq.n	10003d68 <_vsnprintf+0x4b0>
10003d66:	e28f      	b.n	10004288 <_vsnprintf+0x9d0>
10003d68:	064b      	lsls	r3, r1, #25
10003d6a:	d500      	bpl.n	10003d6e <_vsnprintf+0x4b6>
10003d6c:	e197      	b.n	1000409e <_vsnprintf+0x7e6>
10003d6e:	060b      	lsls	r3, r1, #24
10003d70:	d400      	bmi.n	10003d74 <_vsnprintf+0x4bc>
10003d72:	e2e5      	b.n	10004340 <_vsnprintf+0xa88>
10003d74:	9b0c      	ldr	r3, [sp, #48]	@ 0x30
10003d76:	881b      	ldrh	r3, [r3, #0]
10003d78:	4699      	mov	r9, r3
10003d7a:	464b      	mov	r3, r9
10003d7c:	2b00      	cmp	r3, #0
10003d7e:	d000      	beq.n	10003d82 <_vsnprintf+0x4ca>
10003d80:	e205      	b.n	1000418e <_vsnprintf+0x8d6>
10003d82:	3310      	adds	r3, #16
10003d84:	4399      	bics	r1, r3
10003d86:	2800      	cmp	r0, #0
10003d88:	d100      	bne.n	10003d8c <_vsnprintf+0x4d4>
10003d8a:	e200      	b.n	1000418e <_vsnprintf+0x8d6>
10003d8c:	2300      	movs	r3, #0
10003d8e:	4698      	mov	r8, r3
10003d90:	9b0d      	ldr	r3, [sp, #52]	@ 0x34
10003d92:	9106      	str	r1, [sp, #24]
10003d94:	9304      	str	r3, [sp, #16]
10003d96:	465b      	mov	r3, fp
10003d98:	9303      	str	r3, [sp, #12]
10003d9a:	2300      	movs	r3, #0
10003d9c:	9505      	str	r5, [sp, #20]
10003d9e:	9302      	str	r3, [sp, #8]
10003da0:	4643      	mov	r3, r8
10003da2:	e0d9      	b.n	10003f58 <_vsnprintf+0x6a0>
10003da4:	2858      	cmp	r0, #88	@ 0x58
10003da6:	d008      	beq.n	10003dba <_vsnprintf+0x502>
10003da8:	2862      	cmp	r0, #98	@ 0x62
10003daa:	d178      	bne.n	10003e9e <_vsnprintf+0x5e6>
10003dac:	2302      	movs	r3, #2
10003dae:	469c      	mov	ip, r3
10003db0:	2300      	movs	r3, #0
10003db2:	930f      	str	r3, [sp, #60]	@ 0x3c
10003db4:	3302      	adds	r3, #2
10003db6:	469b      	mov	fp, r3
10003db8:	e7b9      	b.n	10003d2e <_vsnprintf+0x476>
10003dba:	2320      	movs	r3, #32
10003dbc:	431e      	orrs	r6, r3
10003dbe:	3b10      	subs	r3, #16
10003dc0:	469c      	mov	ip, r3
10003dc2:	2300      	movs	r3, #0
10003dc4:	930f      	str	r3, [sp, #60]	@ 0x3c
10003dc6:	3310      	adds	r3, #16
10003dc8:	469b      	mov	fp, r3
10003dca:	e7b0      	b.n	10003d2e <_vsnprintf+0x476>
10003dcc:	2302      	movs	r3, #2
10003dce:	001a      	movs	r2, r3
10003dd0:	4032      	ands	r2, r6
10003dd2:	920c      	str	r2, [sp, #48]	@ 0x30
10003dd4:	4233      	tst	r3, r6
10003dd6:	d100      	bne.n	10003dda <_vsnprintf+0x522>
10003dd8:	e205      	b.n	100041e6 <_vsnprintf+0x92e>
10003dda:	930c      	str	r3, [sp, #48]	@ 0x30
10003ddc:	4643      	mov	r3, r8
10003dde:	46b9      	mov	r9, r7
10003de0:	9e0b      	ldr	r6, [sp, #44]	@ 0x2c
10003de2:	9f0a      	ldr	r7, [sp, #40]	@ 0x28
10003de4:	46a8      	mov	r8, r5
10003de6:	1b1d      	subs	r5, r3, r4
10003de8:	0022      	movs	r2, r4
10003dea:	4653      	mov	r3, sl
10003dec:	0039      	movs	r1, r7
10003dee:	3401      	adds	r4, #1
10003df0:	47b0      	blx	r6
10003df2:	5d28      	ldrb	r0, [r5, r4]
10003df4:	2800      	cmp	r0, #0
10003df6:	d1f7      	bne.n	10003de8 <_vsnprintf+0x530>
10003df8:	4645      	mov	r5, r8
10003dfa:	464f      	mov	r7, r9
10003dfc:	e69e      	b.n	10003b3c <_vsnprintf+0x284>
10003dfe:	2380      	movs	r3, #128	@ 0x80
10003e00:	011b      	lsls	r3, r3, #4
10003e02:	431e      	orrs	r6, r3
10003e04:	2320      	movs	r3, #32
10003e06:	431e      	orrs	r6, r3
10003e08:	e6c7      	b.n	10003b9a <_vsnprintf+0x2e2>
10003e0a:	4662      	mov	r2, ip
10003e0c:	920d      	str	r2, [sp, #52]	@ 0x34
10003e0e:	4642      	mov	r2, r8
10003e10:	1a9b      	subs	r3, r3, r2
10003e12:	930f      	str	r3, [sp, #60]	@ 0x3c
10003e14:	e66a      	b.n	10003aec <_vsnprintf+0x234>
10003e16:	23c0      	movs	r3, #192	@ 0xc0
10003e18:	009b      	lsls	r3, r3, #2
10003e1a:	78b8      	ldrb	r0, [r7, #2]
10003e1c:	431e      	orrs	r6, r3
10003e1e:	1cf9      	adds	r1, r7, #3
10003e20:	e5b9      	b.n	10003996 <_vsnprintf+0xde>
10003e22:	23c0      	movs	r3, #192	@ 0xc0
10003e24:	78b8      	ldrb	r0, [r7, #2]
10003e26:	431e      	orrs	r6, r3
10003e28:	1cf9      	adds	r1, r7, #3
10003e2a:	e5b4      	b.n	10003996 <_vsnprintf+0xde>
10003e2c:	2d01      	cmp	r5, #1
10003e2e:	d800      	bhi.n	10003e32 <_vsnprintf+0x57a>
10003e30:	e14a      	b.n	100040c8 <_vsnprintf+0x810>
10003e32:	1e63      	subs	r3, r4, #1
10003e34:	4699      	mov	r9, r3
10003e36:	44a9      	add	r9, r5
10003e38:	464b      	mov	r3, r9
10003e3a:	4652      	mov	r2, sl
10003e3c:	0026      	movs	r6, r4
10003e3e:	46a1      	mov	r9, r4
10003e40:	46ba      	mov	sl, r7
10003e42:	001c      	movs	r4, r3
10003e44:	0017      	movs	r7, r2
10003e46:	46a8      	mov	r8, r5
10003e48:	9d0b      	ldr	r5, [sp, #44]	@ 0x2c
10003e4a:	0032      	movs	r2, r6
10003e4c:	003b      	movs	r3, r7
10003e4e:	3601      	adds	r6, #1
10003e50:	2020      	movs	r0, #32
10003e52:	990a      	ldr	r1, [sp, #40]	@ 0x28
10003e54:	47a8      	blx	r5
10003e56:	42a6      	cmp	r6, r4
10003e58:	d1f7      	bne.n	10003e4a <_vsnprintf+0x592>
10003e5a:	003b      	movs	r3, r7
10003e5c:	4657      	mov	r7, sl
10003e5e:	469a      	mov	sl, r3
10003e60:	464c      	mov	r4, r9
10003e62:	9b0c      	ldr	r3, [sp, #48]	@ 0x30
10003e64:	0032      	movs	r2, r6
10003e66:	7818      	ldrb	r0, [r3, #0]
10003e68:	990a      	ldr	r1, [sp, #40]	@ 0x28
10003e6a:	4653      	mov	r3, sl
10003e6c:	9d0b      	ldr	r5, [sp, #44]	@ 0x2c
10003e6e:	4444      	add	r4, r8
10003e70:	47a8      	blx	r5
10003e72:	e667      	b.n	10003b44 <_vsnprintf+0x28c>
10003e74:	46a0      	mov	r8, r4
10003e76:	9b0f      	ldr	r3, [sp, #60]	@ 0x3c
10003e78:	429d      	cmp	r5, r3
10003e7a:	d800      	bhi.n	10003e7e <_vsnprintf+0x5c6>
10003e7c:	e662      	b.n	10003b44 <_vsnprintf+0x28c>
10003e7e:	192c      	adds	r4, r5, r4
10003e80:	9e0b      	ldr	r6, [sp, #44]	@ 0x2c
10003e82:	4645      	mov	r5, r8
10003e84:	46b8      	mov	r8, r7
10003e86:	9f0a      	ldr	r7, [sp, #40]	@ 0x28
10003e88:	1ae4      	subs	r4, r4, r3
10003e8a:	002a      	movs	r2, r5
10003e8c:	4653      	mov	r3, sl
10003e8e:	3501      	adds	r5, #1
10003e90:	0039      	movs	r1, r7
10003e92:	2020      	movs	r0, #32
10003e94:	47b0      	blx	r6
10003e96:	42a5      	cmp	r5, r4
10003e98:	d1f7      	bne.n	10003e8a <_vsnprintf+0x5d2>
10003e9a:	4647      	mov	r7, r8
10003e9c:	e652      	b.n	10003b44 <_vsnprintf+0x28c>
10003e9e:	2380      	movs	r3, #128	@ 0x80
10003ea0:	0032      	movs	r2, r6
10003ea2:	00db      	lsls	r3, r3, #3
10003ea4:	401a      	ands	r2, r3
10003ea6:	4690      	mov	r8, r2
10003ea8:	421e      	tst	r6, r3
10003eaa:	d100      	bne.n	10003eae <_vsnprintf+0x5f6>
10003eac:	e0f3      	b.n	10004096 <_vsnprintf+0x7de>
10003eae:	2111      	movs	r1, #17
10003eb0:	438e      	bics	r6, r1
10003eb2:	46b4      	mov	ip, r6
10003eb4:	4698      	mov	r8, r3
10003eb6:	2380      	movs	r3, #128	@ 0x80
10003eb8:	4662      	mov	r2, ip
10003eba:	009b      	lsls	r3, r3, #2
10003ebc:	401a      	ands	r2, r3
10003ebe:	4693      	mov	fp, r2
10003ec0:	4662      	mov	r2, ip
10003ec2:	421a      	tst	r2, r3
10003ec4:	d159      	bne.n	10003f7a <_vsnprintf+0x6c2>
10003ec6:	2380      	movs	r3, #128	@ 0x80
10003ec8:	005b      	lsls	r3, r3, #1
10003eca:	401a      	ands	r2, r3
10003ecc:	4691      	mov	r9, r2
10003ece:	9a0c      	ldr	r2, [sp, #48]	@ 0x30
10003ed0:	3204      	adds	r2, #4
10003ed2:	920f      	str	r2, [sp, #60]	@ 0x3c
10003ed4:	4662      	mov	r2, ip
10003ed6:	421a      	tst	r2, r3
10003ed8:	d000      	beq.n	10003edc <_vsnprintf+0x624>
10003eda:	e1a0      	b.n	1000421e <_vsnprintf+0x966>
10003edc:	4663      	mov	r3, ip
10003ede:	065b      	lsls	r3, r3, #25
10003ee0:	d500      	bpl.n	10003ee4 <_vsnprintf+0x62c>
10003ee2:	e0d4      	b.n	1000408e <_vsnprintf+0x7d6>
10003ee4:	4663      	mov	r3, ip
10003ee6:	061b      	lsls	r3, r3, #24
10003ee8:	d400      	bmi.n	10003eec <_vsnprintf+0x634>
10003eea:	e212      	b.n	10004312 <_vsnprintf+0xa5a>
10003eec:	9b0c      	ldr	r3, [sp, #48]	@ 0x30
10003eee:	2200      	movs	r2, #0
10003ef0:	5e9b      	ldrsh	r3, [r3, r2]
10003ef2:	17d8      	asrs	r0, r3, #31
10003ef4:	1819      	adds	r1, r3, r0
10003ef6:	4041      	eors	r1, r0
10003ef8:	b289      	uxth	r1, r1
10003efa:	0fda      	lsrs	r2, r3, #31
10003efc:	920c      	str	r2, [sp, #48]	@ 0x30
10003efe:	2b00      	cmp	r3, #0
10003f00:	d100      	bne.n	10003f04 <_vsnprintf+0x64c>
10003f02:	e187      	b.n	10004214 <_vsnprintf+0x95c>
10003f04:	4688      	mov	r8, r1
10003f06:	261f      	movs	r6, #31
10003f08:	ab12      	add	r3, sp, #72	@ 0x48
10003f0a:	46bb      	mov	fp, r7
10003f0c:	9514      	str	r5, [sp, #80]	@ 0x50
10003f0e:	18f7      	adds	r7, r6, r3
10003f10:	4645      	mov	r5, r8
10003f12:	464e      	mov	r6, r9
10003f14:	46e0      	mov	r8, ip
10003f16:	46a1      	mov	r9, r4
10003f18:	e006      	b.n	10003f28 <_vsnprintf+0x670>
10003f1a:	0028      	movs	r0, r5
10003f1c:	210a      	movs	r1, #10
10003f1e:	f7fd fff3 	bl	10001f08 <__wrap___aeabi_uidiv>
10003f22:	0005      	movs	r5, r0
10003f24:	2e20      	cmp	r6, #32
10003f26:	d008      	beq.n	10003f3a <_vsnprintf+0x682>
10003f28:	210a      	movs	r1, #10
10003f2a:	0028      	movs	r0, r5
10003f2c:	f7fd ffec 	bl	10001f08 <__wrap___aeabi_uidiv>
10003f30:	3601      	adds	r6, #1
10003f32:	3130      	adds	r1, #48	@ 0x30
10003f34:	55b9      	strb	r1, [r7, r6]
10003f36:	2d09      	cmp	r5, #9
10003f38:	d8ef      	bhi.n	10003f1a <_vsnprintf+0x662>
10003f3a:	464c      	mov	r4, r9
10003f3c:	46c4      	mov	ip, r8
10003f3e:	46b1      	mov	r9, r6
10003f40:	465f      	mov	r7, fp
10003f42:	9d14      	ldr	r5, [sp, #80]	@ 0x50
10003f44:	4663      	mov	r3, ip
10003f46:	9306      	str	r3, [sp, #24]
10003f48:	9b0d      	ldr	r3, [sp, #52]	@ 0x34
10003f4a:	9505      	str	r5, [sp, #20]
10003f4c:	9304      	str	r3, [sp, #16]
10003f4e:	230a      	movs	r3, #10
10003f50:	9303      	str	r3, [sp, #12]
10003f52:	9b0c      	ldr	r3, [sp, #48]	@ 0x30
10003f54:	9302      	str	r3, [sp, #8]
10003f56:	464b      	mov	r3, r9
10003f58:	9301      	str	r3, [sp, #4]
10003f5a:	ab1a      	add	r3, sp, #104	@ 0x68
10003f5c:	0022      	movs	r2, r4
10003f5e:	9300      	str	r3, [sp, #0]
10003f60:	990a      	ldr	r1, [sp, #40]	@ 0x28
10003f62:	4653      	mov	r3, sl
10003f64:	980b      	ldr	r0, [sp, #44]	@ 0x2c
10003f66:	f7fe fec1 	bl	10002cec <_ntoa_format>
10003f6a:	9b0f      	ldr	r3, [sp, #60]	@ 0x3c
10003f6c:	0004      	movs	r4, r0
10003f6e:	930c      	str	r3, [sp, #48]	@ 0x30
10003f70:	e4c9      	b.n	10003906 <_vsnprintf+0x4e>
10003f72:	230c      	movs	r3, #12
10003f74:	0031      	movs	r1, r6
10003f76:	4399      	bics	r1, r3
10003f78:	e6e3      	b.n	10003d42 <_vsnprintf+0x48a>
10003f7a:	2208      	movs	r2, #8
10003f7c:	2107      	movs	r1, #7
10003f7e:	4691      	mov	r9, r2
10003f80:	9b0c      	ldr	r3, [sp, #48]	@ 0x30
10003f82:	3307      	adds	r3, #7
10003f84:	438b      	bics	r3, r1
10003f86:	4499      	add	r9, r3
10003f88:	464a      	mov	r2, r9
10003f8a:	cb0a      	ldmia	r3, {r1, r3}
10003f8c:	0008      	movs	r0, r1
10003f8e:	920c      	str	r2, [sp, #48]	@ 0x30
10003f90:	0fda      	lsrs	r2, r3, #31
10003f92:	4693      	mov	fp, r2
10003f94:	4318      	orrs	r0, r3
10003f96:	d000      	beq.n	10003f9a <_vsnprintf+0x6e2>
10003f98:	e085      	b.n	100040a6 <_vsnprintf+0x7ee>
10003f9a:	2300      	movs	r3, #0
10003f9c:	4699      	mov	r9, r3
10003f9e:	4643      	mov	r3, r8
10003fa0:	2b00      	cmp	r3, #0
10003fa2:	d12f      	bne.n	10004004 <_vsnprintf+0x74c>
10003fa4:	2200      	movs	r2, #0
10003fa6:	2300      	movs	r3, #0
10003fa8:	9210      	str	r2, [sp, #64]	@ 0x40
10003faa:	9311      	str	r3, [sp, #68]	@ 0x44
10003fac:	2300      	movs	r3, #0
10003fae:	261f      	movs	r6, #31
10003fb0:	4699      	mov	r9, r3
10003fb2:	ab12      	add	r3, sp, #72	@ 0x48
10003fb4:	18f6      	adds	r6, r6, r3
10003fb6:	465b      	mov	r3, fp
10003fb8:	9514      	str	r5, [sp, #80]	@ 0x50
10003fba:	46bb      	mov	fp, r7
10003fbc:	46e0      	mov	r8, ip
10003fbe:	0037      	movs	r7, r6
10003fc0:	930f      	str	r3, [sp, #60]	@ 0x3c
10003fc2:	464e      	mov	r6, r9
10003fc4:	46a1      	mov	r9, r4
10003fc6:	9c10      	ldr	r4, [sp, #64]	@ 0x40
10003fc8:	9d11      	ldr	r5, [sp, #68]	@ 0x44
10003fca:	e005      	b.n	10003fd8 <_vsnprintf+0x720>
10003fcc:	10002c41 	.word	0x10002c41
10003fd0:	0004      	movs	r4, r0
10003fd2:	000d      	movs	r5, r1
10003fd4:	2e20      	cmp	r6, #32
10003fd6:	d00c      	beq.n	10003ff2 <_vsnprintf+0x73a>
10003fd8:	220a      	movs	r2, #10
10003fda:	2300      	movs	r3, #0
10003fdc:	0020      	movs	r0, r4
10003fde:	0029      	movs	r1, r5
10003fe0:	f7fd ffd0 	bl	10001f84 <__wrap___aeabi_uldivmod>
10003fe4:	3601      	adds	r6, #1
10003fe6:	3230      	adds	r2, #48	@ 0x30
10003fe8:	55ba      	strb	r2, [r7, r6]
10003fea:	2d00      	cmp	r5, #0
10003fec:	d1f0      	bne.n	10003fd0 <_vsnprintf+0x718>
10003fee:	2c09      	cmp	r4, #9
10003ff0:	d8ee      	bhi.n	10003fd0 <_vsnprintf+0x718>
10003ff2:	9b0f      	ldr	r3, [sp, #60]	@ 0x3c
10003ff4:	9410      	str	r4, [sp, #64]	@ 0x40
10003ff6:	9511      	str	r5, [sp, #68]	@ 0x44
10003ff8:	465f      	mov	r7, fp
10003ffa:	464c      	mov	r4, r9
10003ffc:	46c4      	mov	ip, r8
10003ffe:	46b1      	mov	r9, r6
10004000:	469b      	mov	fp, r3
10004002:	9d14      	ldr	r5, [sp, #80]	@ 0x50
10004004:	4663      	mov	r3, ip
10004006:	9306      	str	r3, [sp, #24]
10004008:	9b0d      	ldr	r3, [sp, #52]	@ 0x34
1000400a:	9505      	str	r5, [sp, #20]
1000400c:	9304      	str	r3, [sp, #16]
1000400e:	230a      	movs	r3, #10
10004010:	9303      	str	r3, [sp, #12]
10004012:	465b      	mov	r3, fp
10004014:	9302      	str	r3, [sp, #8]
10004016:	464b      	mov	r3, r9
10004018:	9301      	str	r3, [sp, #4]
1000401a:	ab1a      	add	r3, sp, #104	@ 0x68
1000401c:	0022      	movs	r2, r4
1000401e:	9300      	str	r3, [sp, #0]
10004020:	990a      	ldr	r1, [sp, #40]	@ 0x28
10004022:	4653      	mov	r3, sl
10004024:	980b      	ldr	r0, [sp, #44]	@ 0x2c
10004026:	f7fe fe61 	bl	10002cec <_ntoa_format>
1000402a:	0004      	movs	r4, r0
1000402c:	e46b      	b.n	10003906 <_vsnprintf+0x4e>
1000402e:	9b0f      	ldr	r3, [sp, #60]	@ 0x3c
10004030:	429d      	cmp	r5, r3
10004032:	d800      	bhi.n	10004036 <_vsnprintf+0x77e>
10004034:	e196      	b.n	10004364 <_vsnprintf+0xaac>
10004036:	2380      	movs	r3, #128	@ 0x80
10004038:	00db      	lsls	r3, r3, #3
1000403a:	930c      	str	r3, [sp, #48]	@ 0x30
1000403c:	9b0f      	ldr	r3, [sp, #60]	@ 0x3c
1000403e:	192e      	adds	r6, r5, r4
10004040:	1af6      	subs	r6, r6, r3
10004042:	4643      	mov	r3, r8
10004044:	930f      	str	r3, [sp, #60]	@ 0x3c
10004046:	9b0d      	ldr	r3, [sp, #52]	@ 0x34
10004048:	46a8      	mov	r8, r5
1000404a:	4699      	mov	r9, r3
1000404c:	4653      	mov	r3, sl
1000404e:	46ba      	mov	sl, r7
10004050:	001f      	movs	r7, r3
10004052:	9d0b      	ldr	r5, [sp, #44]	@ 0x2c
10004054:	0022      	movs	r2, r4
10004056:	003b      	movs	r3, r7
10004058:	3401      	adds	r4, #1
1000405a:	2020      	movs	r0, #32
1000405c:	990a      	ldr	r1, [sp, #40]	@ 0x28
1000405e:	47a8      	blx	r5
10004060:	42b4      	cmp	r4, r6
10004062:	d1f7      	bne.n	10004054 <_vsnprintf+0x79c>
10004064:	9b0f      	ldr	r3, [sp, #60]	@ 0x3c
10004066:	4645      	mov	r5, r8
10004068:	4698      	mov	r8, r3
1000406a:	464b      	mov	r3, r9
1000406c:	930d      	str	r3, [sp, #52]	@ 0x34
1000406e:	003b      	movs	r3, r7
10004070:	4657      	mov	r7, sl
10004072:	469a      	mov	sl, r3
10004074:	4643      	mov	r3, r8
10004076:	7818      	ldrb	r0, [r3, #0]
10004078:	2800      	cmp	r0, #0
1000407a:	d100      	bne.n	1000407e <_vsnprintf+0x7c6>
1000407c:	e562      	b.n	10003b44 <_vsnprintf+0x28c>
1000407e:	1c6b      	adds	r3, r5, #1
10004080:	930f      	str	r3, [sp, #60]	@ 0x3c
10004082:	9b0c      	ldr	r3, [sp, #48]	@ 0x30
10004084:	2b00      	cmp	r3, #0
10004086:	d100      	bne.n	1000408a <_vsnprintf+0x7d2>
10004088:	e6a8      	b.n	10003ddc <_vsnprintf+0x524>
1000408a:	2300      	movs	r3, #0
1000408c:	e53d      	b.n	10003b0a <_vsnprintf+0x252>
1000408e:	9b0c      	ldr	r3, [sp, #48]	@ 0x30
10004090:	781b      	ldrb	r3, [r3, #0]
10004092:	0019      	movs	r1, r3
10004094:	e731      	b.n	10003efa <_vsnprintf+0x642>
10004096:	2310      	movs	r3, #16
10004098:	439e      	bics	r6, r3
1000409a:	46b4      	mov	ip, r6
1000409c:	e70b      	b.n	10003eb6 <_vsnprintf+0x5fe>
1000409e:	9b0c      	ldr	r3, [sp, #48]	@ 0x30
100040a0:	781b      	ldrb	r3, [r3, #0]
100040a2:	4699      	mov	r9, r3
100040a4:	e669      	b.n	10003d7a <_vsnprintf+0x4c2>
100040a6:	17da      	asrs	r2, r3, #31
100040a8:	9212      	str	r2, [sp, #72]	@ 0x48
100040aa:	9213      	str	r2, [sp, #76]	@ 0x4c
100040ac:	404a      	eors	r2, r1
100040ae:	9210      	str	r2, [sp, #64]	@ 0x40
100040b0:	9812      	ldr	r0, [sp, #72]	@ 0x48
100040b2:	9913      	ldr	r1, [sp, #76]	@ 0x4c
100040b4:	000a      	movs	r2, r1
100040b6:	405a      	eors	r2, r3
100040b8:	9211      	str	r2, [sp, #68]	@ 0x44
100040ba:	9a10      	ldr	r2, [sp, #64]	@ 0x40
100040bc:	9b11      	ldr	r3, [sp, #68]	@ 0x44
100040be:	1a12      	subs	r2, r2, r0
100040c0:	418b      	sbcs	r3, r1
100040c2:	9210      	str	r2, [sp, #64]	@ 0x40
100040c4:	9311      	str	r3, [sp, #68]	@ 0x44
100040c6:	e771      	b.n	10003fac <_vsnprintf+0x6f4>
100040c8:	9b0c      	ldr	r3, [sp, #48]	@ 0x30
100040ca:	0022      	movs	r2, r4
100040cc:	7818      	ldrb	r0, [r3, #0]
100040ce:	990a      	ldr	r1, [sp, #40]	@ 0x28
100040d0:	4653      	mov	r3, sl
100040d2:	9c0b      	ldr	r4, [sp, #44]	@ 0x2c
100040d4:	47a0      	blx	r4
100040d6:	4644      	mov	r4, r8
100040d8:	e534      	b.n	10003b44 <_vsnprintf+0x28c>
100040da:	2208      	movs	r2, #8
100040dc:	2607      	movs	r6, #7
100040de:	4690      	mov	r8, r2
100040e0:	9b0c      	ldr	r3, [sp, #48]	@ 0x30
100040e2:	3307      	adds	r3, #7
100040e4:	43b3      	bics	r3, r6
100040e6:	4498      	add	r8, r3
100040e8:	4642      	mov	r2, r8
100040ea:	920c      	str	r2, [sp, #48]	@ 0x30
100040ec:	681a      	ldr	r2, [r3, #0]
100040ee:	685b      	ldr	r3, [r3, #4]
100040f0:	9214      	str	r2, [sp, #80]	@ 0x50
100040f2:	9308      	str	r3, [sp, #32]
100040f4:	0013      	movs	r3, r2
100040f6:	9a08      	ldr	r2, [sp, #32]
100040f8:	4313      	orrs	r3, r2
100040fa:	d105      	bne.n	10004108 <_vsnprintf+0x850>
100040fc:	3310      	adds	r3, #16
100040fe:	4399      	bics	r1, r3
10004100:	2300      	movs	r3, #0
10004102:	4698      	mov	r8, r3
10004104:	2800      	cmp	r0, #0
10004106:	d138      	bne.n	1000417a <_vsnprintf+0x8c2>
10004108:	2061      	movs	r0, #97	@ 0x61
1000410a:	068b      	lsls	r3, r1, #26
1000410c:	d500      	bpl.n	10004110 <_vsnprintf+0x858>
1000410e:	2041      	movs	r0, #65	@ 0x41
10004110:	2300      	movs	r3, #0
10004112:	261f      	movs	r6, #31
10004114:	4698      	mov	r8, r3
10004116:	465a      	mov	r2, fp
10004118:	ab12      	add	r3, sp, #72	@ 0x48
1000411a:	18f6      	adds	r6, r6, r3
1000411c:	0003      	movs	r3, r0
1000411e:	9218      	str	r2, [sp, #96]	@ 0x60
10004120:	9a0f      	ldr	r2, [sp, #60]	@ 0x3c
10004122:	3b0a      	subs	r3, #10
10004124:	46b1      	mov	r9, r6
10004126:	9516      	str	r5, [sp, #88]	@ 0x58
10004128:	9417      	str	r4, [sp, #92]	@ 0x5c
1000412a:	9719      	str	r7, [sp, #100]	@ 0x64
1000412c:	4644      	mov	r4, r8
1000412e:	4666      	mov	r6, ip
10004130:	4690      	mov	r8, r2
10004132:	469b      	mov	fp, r3
10004134:	9f14      	ldr	r7, [sp, #80]	@ 0x50
10004136:	9d08      	ldr	r5, [sp, #32]
10004138:	9115      	str	r1, [sp, #84]	@ 0x54
1000413a:	e003      	b.n	10004144 <_vsnprintf+0x88c>
1000413c:	0007      	movs	r7, r0
1000413e:	000d      	movs	r5, r1
10004140:	2c20      	cmp	r4, #32
10004142:	d013      	beq.n	1000416c <_vsnprintf+0x8b4>
10004144:	0032      	movs	r2, r6
10004146:	2300      	movs	r3, #0
10004148:	0038      	movs	r0, r7
1000414a:	0029      	movs	r1, r5
1000414c:	f7fd ff1a 	bl	10001f84 <__wrap___aeabi_uldivmod>
10004150:	465b      	mov	r3, fp
10004152:	b2d2      	uxtb	r2, r2
10004154:	18d3      	adds	r3, r2, r3
10004156:	2a09      	cmp	r2, #9
10004158:	d801      	bhi.n	1000415e <_vsnprintf+0x8a6>
1000415a:	0013      	movs	r3, r2
1000415c:	3330      	adds	r3, #48	@ 0x30
1000415e:	464a      	mov	r2, r9
10004160:	3401      	adds	r4, #1
10004162:	5513      	strb	r3, [r2, r4]
10004164:	45a8      	cmp	r8, r5
10004166:	d1e9      	bne.n	1000413c <_vsnprintf+0x884>
10004168:	42be      	cmp	r6, r7
1000416a:	d9e7      	bls.n	1000413c <_vsnprintf+0x884>
1000416c:	9b18      	ldr	r3, [sp, #96]	@ 0x60
1000416e:	46a0      	mov	r8, r4
10004170:	469b      	mov	fp, r3
10004172:	9915      	ldr	r1, [sp, #84]	@ 0x54
10004174:	9d16      	ldr	r5, [sp, #88]	@ 0x58
10004176:	9c17      	ldr	r4, [sp, #92]	@ 0x5c
10004178:	9f19      	ldr	r7, [sp, #100]	@ 0x64
1000417a:	9b0d      	ldr	r3, [sp, #52]	@ 0x34
1000417c:	9106      	str	r1, [sp, #24]
1000417e:	9304      	str	r3, [sp, #16]
10004180:	465b      	mov	r3, fp
10004182:	9303      	str	r3, [sp, #12]
10004184:	2300      	movs	r3, #0
10004186:	9505      	str	r5, [sp, #20]
10004188:	9302      	str	r3, [sp, #8]
1000418a:	4643      	mov	r3, r8
1000418c:	e744      	b.n	10004018 <_vsnprintf+0x760>
1000418e:	2061      	movs	r0, #97	@ 0x61
10004190:	068b      	lsls	r3, r1, #26
10004192:	d500      	bpl.n	10004196 <_vsnprintf+0x8de>
10004194:	2041      	movs	r0, #65	@ 0x41
10004196:	261f      	movs	r6, #31
10004198:	ab12      	add	r3, sp, #72	@ 0x48
1000419a:	18f2      	adds	r2, r6, r3
1000419c:	0003      	movs	r3, r0
1000419e:	3b0a      	subs	r3, #10
100041a0:	930c      	str	r3, [sp, #48]	@ 0x30
100041a2:	464b      	mov	r3, r9
100041a4:	4646      	mov	r6, r8
100041a6:	46a1      	mov	r9, r4
100041a8:	46a8      	mov	r8, r5
100041aa:	001c      	movs	r4, r3
100041ac:	465d      	mov	r5, fp
100041ae:	9114      	str	r1, [sp, #80]	@ 0x50
100041b0:	46bb      	mov	fp, r7
100041b2:	0017      	movs	r7, r2
100041b4:	e002      	b.n	100041bc <_vsnprintf+0x904>
100041b6:	0004      	movs	r4, r0
100041b8:	2e20      	cmp	r6, #32
100041ba:	d00d      	beq.n	100041d8 <_vsnprintf+0x920>
100041bc:	0029      	movs	r1, r5
100041be:	0020      	movs	r0, r4
100041c0:	f7fd fea2 	bl	10001f08 <__wrap___aeabi_uidiv>
100041c4:	9b0c      	ldr	r3, [sp, #48]	@ 0x30
100041c6:	18cb      	adds	r3, r1, r3
100041c8:	2909      	cmp	r1, #9
100041ca:	d801      	bhi.n	100041d0 <_vsnprintf+0x918>
100041cc:	000b      	movs	r3, r1
100041ce:	3330      	adds	r3, #48	@ 0x30
100041d0:	3601      	adds	r6, #1
100041d2:	55bb      	strb	r3, [r7, r6]
100041d4:	42ac      	cmp	r4, r5
100041d6:	d2ee      	bcs.n	100041b6 <_vsnprintf+0x8fe>
100041d8:	465f      	mov	r7, fp
100041da:	464c      	mov	r4, r9
100041dc:	46ab      	mov	fp, r5
100041de:	9914      	ldr	r1, [sp, #80]	@ 0x50
100041e0:	4645      	mov	r5, r8
100041e2:	46b0      	mov	r8, r6
100041e4:	e5d4      	b.n	10003d90 <_vsnprintf+0x4d8>
100041e6:	9b0f      	ldr	r3, [sp, #60]	@ 0x3c
100041e8:	429d      	cmp	r5, r3
100041ea:	d900      	bls.n	100041ee <_vsnprintf+0x936>
100041ec:	e726      	b.n	1000403c <_vsnprintf+0x784>
100041ee:	3301      	adds	r3, #1
100041f0:	930f      	str	r3, [sp, #60]	@ 0x3c
100041f2:	e5f3      	b.n	10003ddc <_vsnprintf+0x524>
100041f4:	2310      	movs	r3, #16
100041f6:	0032      	movs	r2, r6
100041f8:	439a      	bics	r2, r3
100041fa:	4694      	mov	ip, r2
100041fc:	2869      	cmp	r0, #105	@ 0x69
100041fe:	d000      	beq.n	10004202 <_vsnprintf+0x94a>
10004200:	e0a2      	b.n	10004348 <_vsnprintf+0xa90>
10004202:	2380      	movs	r3, #128	@ 0x80
10004204:	0032      	movs	r2, r6
10004206:	00db      	lsls	r3, r3, #3
10004208:	401a      	ands	r2, r3
1000420a:	4690      	mov	r8, r2
1000420c:	421e      	tst	r6, r3
1000420e:	d100      	bne.n	10004212 <_vsnprintf+0x95a>
10004210:	e651      	b.n	10003eb6 <_vsnprintf+0x5fe>
10004212:	e64c      	b.n	10003eae <_vsnprintf+0x5f6>
10004214:	4643      	mov	r3, r8
10004216:	2b00      	cmp	r3, #0
10004218:	d000      	beq.n	1000421c <_vsnprintf+0x964>
1000421a:	e693      	b.n	10003f44 <_vsnprintf+0x68c>
1000421c:	e673      	b.n	10003f06 <_vsnprintf+0x64e>
1000421e:	9b0c      	ldr	r3, [sp, #48]	@ 0x30
10004220:	681b      	ldr	r3, [r3, #0]
10004222:	0fda      	lsrs	r2, r3, #31
10004224:	2b00      	cmp	r3, #0
10004226:	d070      	beq.n	1000430a <_vsnprintf+0xa52>
10004228:	17d9      	asrs	r1, r3, #31
1000422a:	185b      	adds	r3, r3, r1
1000422c:	404b      	eors	r3, r1
1000422e:	4698      	mov	r8, r3
10004230:	261f      	movs	r6, #31
10004232:	ab12      	add	r3, sp, #72	@ 0x48
10004234:	18f6      	adds	r6, r6, r3
10004236:	46a1      	mov	r9, r4
10004238:	9514      	str	r5, [sp, #80]	@ 0x50
1000423a:	465c      	mov	r4, fp
1000423c:	4645      	mov	r5, r8
1000423e:	46bb      	mov	fp, r7
10004240:	46e0      	mov	r8, ip
10004242:	0037      	movs	r7, r6
10004244:	920c      	str	r2, [sp, #48]	@ 0x30
10004246:	e006      	b.n	10004256 <_vsnprintf+0x99e>
10004248:	0028      	movs	r0, r5
1000424a:	210a      	movs	r1, #10
1000424c:	f7fd fe5c 	bl	10001f08 <__wrap___aeabi_uidiv>
10004250:	0005      	movs	r5, r0
10004252:	2c20      	cmp	r4, #32
10004254:	d008      	beq.n	10004268 <_vsnprintf+0x9b0>
10004256:	210a      	movs	r1, #10
10004258:	0028      	movs	r0, r5
1000425a:	f7fd fe55 	bl	10001f08 <__wrap___aeabi_uidiv>
1000425e:	3401      	adds	r4, #1
10004260:	3130      	adds	r1, #48	@ 0x30
10004262:	5539      	strb	r1, [r7, r4]
10004264:	2d09      	cmp	r5, #9
10004266:	d8ef      	bhi.n	10004248 <_vsnprintf+0x990>
10004268:	465f      	mov	r7, fp
1000426a:	46c4      	mov	ip, r8
1000426c:	46a3      	mov	fp, r4
1000426e:	464c      	mov	r4, r9
10004270:	9d14      	ldr	r5, [sp, #80]	@ 0x50
10004272:	9a0c      	ldr	r2, [sp, #48]	@ 0x30
10004274:	4663      	mov	r3, ip
10004276:	9306      	str	r3, [sp, #24]
10004278:	9b0d      	ldr	r3, [sp, #52]	@ 0x34
1000427a:	9505      	str	r5, [sp, #20]
1000427c:	9304      	str	r3, [sp, #16]
1000427e:	230a      	movs	r3, #10
10004280:	9202      	str	r2, [sp, #8]
10004282:	9303      	str	r3, [sp, #12]
10004284:	465b      	mov	r3, fp
10004286:	e667      	b.n	10003f58 <_vsnprintf+0x6a0>
10004288:	9b0c      	ldr	r3, [sp, #48]	@ 0x30
1000428a:	681b      	ldr	r3, [r3, #0]
1000428c:	4698      	mov	r8, r3
1000428e:	2b00      	cmp	r3, #0
10004290:	d103      	bne.n	1000429a <_vsnprintf+0x9e2>
10004292:	3310      	adds	r3, #16
10004294:	4399      	bics	r1, r3
10004296:	2800      	cmp	r0, #0
10004298:	d12d      	bne.n	100042f6 <_vsnprintf+0xa3e>
1000429a:	2061      	movs	r0, #97	@ 0x61
1000429c:	068b      	lsls	r3, r1, #26
1000429e:	d500      	bpl.n	100042a2 <_vsnprintf+0x9ea>
100042a0:	2041      	movs	r0, #65	@ 0x41
100042a2:	261f      	movs	r6, #31
100042a4:	ab12      	add	r3, sp, #72	@ 0x48
100042a6:	18f6      	adds	r6, r6, r3
100042a8:	0003      	movs	r3, r0
100042aa:	3b0a      	subs	r3, #10
100042ac:	464a      	mov	r2, r9
100042ae:	930c      	str	r3, [sp, #48]	@ 0x30
100042b0:	9114      	str	r1, [sp, #80]	@ 0x50
100042b2:	4643      	mov	r3, r8
100042b4:	0031      	movs	r1, r6
100042b6:	46a8      	mov	r8, r5
100042b8:	46a1      	mov	r9, r4
100042ba:	465e      	mov	r6, fp
100042bc:	0014      	movs	r4, r2
100042be:	46bb      	mov	fp, r7
100042c0:	001d      	movs	r5, r3
100042c2:	000f      	movs	r7, r1
100042c4:	e002      	b.n	100042cc <_vsnprintf+0xa14>
100042c6:	0005      	movs	r5, r0
100042c8:	2c20      	cmp	r4, #32
100042ca:	d00d      	beq.n	100042e8 <_vsnprintf+0xa30>
100042cc:	0031      	movs	r1, r6
100042ce:	0028      	movs	r0, r5
100042d0:	f7fd fe1a 	bl	10001f08 <__wrap___aeabi_uidiv>
100042d4:	9b0c      	ldr	r3, [sp, #48]	@ 0x30
100042d6:	18cb      	adds	r3, r1, r3
100042d8:	2909      	cmp	r1, #9
100042da:	d801      	bhi.n	100042e0 <_vsnprintf+0xa28>
100042dc:	000b      	movs	r3, r1
100042de:	3330      	adds	r3, #48	@ 0x30
100042e0:	3401      	adds	r4, #1
100042e2:	553b      	strb	r3, [r7, r4]
100042e4:	42b5      	cmp	r5, r6
100042e6:	d2ee      	bcs.n	100042c6 <_vsnprintf+0xa0e>
100042e8:	0023      	movs	r3, r4
100042ea:	465f      	mov	r7, fp
100042ec:	464c      	mov	r4, r9
100042ee:	4645      	mov	r5, r8
100042f0:	46b3      	mov	fp, r6
100042f2:	4699      	mov	r9, r3
100042f4:	9914      	ldr	r1, [sp, #80]	@ 0x50
100042f6:	9b0d      	ldr	r3, [sp, #52]	@ 0x34
100042f8:	9106      	str	r1, [sp, #24]
100042fa:	9304      	str	r3, [sp, #16]
100042fc:	465b      	mov	r3, fp
100042fe:	9303      	str	r3, [sp, #12]
10004300:	2300      	movs	r3, #0
10004302:	9505      	str	r5, [sp, #20]
10004304:	9302      	str	r3, [sp, #8]
10004306:	464b      	mov	r3, r9
10004308:	e626      	b.n	10003f58 <_vsnprintf+0x6a0>
1000430a:	4643      	mov	r3, r8
1000430c:	2b00      	cmp	r3, #0
1000430e:	d1b1      	bne.n	10004274 <_vsnprintf+0x9bc>
10004310:	e78e      	b.n	10004230 <_vsnprintf+0x978>
10004312:	9b0c      	ldr	r3, [sp, #48]	@ 0x30
10004314:	681b      	ldr	r3, [r3, #0]
10004316:	17d8      	asrs	r0, r3, #31
10004318:	1819      	adds	r1, r3, r0
1000431a:	4041      	eors	r1, r0
1000431c:	e5ed      	b.n	10003efa <_vsnprintf+0x642>
1000431e:	2380      	movs	r3, #128	@ 0x80
10004320:	0032      	movs	r2, r6
10004322:	00db      	lsls	r3, r3, #3
10004324:	401a      	ands	r2, r3
10004326:	920f      	str	r2, [sp, #60]	@ 0x3c
10004328:	421e      	tst	r6, r3
1000432a:	d00f      	beq.n	1000434c <_vsnprintf+0xa94>
1000432c:	3002      	adds	r0, #2
1000432e:	0002      	movs	r2, r0
10004330:	4032      	ands	r2, r6
10004332:	920f      	str	r2, [sp, #60]	@ 0x3c
10004334:	4230      	tst	r0, r6
10004336:	d019      	beq.n	1000436c <_vsnprintf+0xab4>
10004338:	2300      	movs	r3, #0
1000433a:	46a0      	mov	r8, r4
1000433c:	930f      	str	r3, [sp, #60]	@ 0x3c
1000433e:	e59a      	b.n	10003e76 <_vsnprintf+0x5be>
10004340:	9b0c      	ldr	r3, [sp, #48]	@ 0x30
10004342:	681b      	ldr	r3, [r3, #0]
10004344:	4699      	mov	r9, r3
10004346:	e518      	b.n	10003d7a <_vsnprintf+0x4c2>
10004348:	0016      	movs	r6, r2
1000434a:	e49b      	b.n	10003c84 <_vsnprintf+0x3cc>
1000434c:	2302      	movs	r3, #2
1000434e:	001a      	movs	r2, r3
10004350:	4032      	ands	r2, r6
10004352:	920c      	str	r2, [sp, #48]	@ 0x30
10004354:	4233      	tst	r3, r6
10004356:	d000      	beq.n	1000435a <_vsnprintf+0xaa2>
10004358:	e58c      	b.n	10003e74 <_vsnprintf+0x5bc>
1000435a:	2d00      	cmp	r5, #0
1000435c:	d000      	beq.n	10004360 <_vsnprintf+0xaa8>
1000435e:	e66d      	b.n	1000403c <_vsnprintf+0x784>
10004360:	f7ff fbf0 	bl	10003b44 <_vsnprintf+0x28c>
10004364:	3301      	adds	r3, #1
10004366:	930f      	str	r3, [sp, #60]	@ 0x3c
10004368:	f7ff fbd0 	bl	10003b0c <_vsnprintf+0x254>
1000436c:	930c      	str	r3, [sp, #48]	@ 0x30
1000436e:	e7f4      	b.n	1000435a <_vsnprintf+0xaa2>

10004370 <vfctprintf>:
10004370:	b500      	push	{lr}
10004372:	b085      	sub	sp, #20
10004374:	9103      	str	r1, [sp, #12]
10004376:	2101      	movs	r1, #1
10004378:	9002      	str	r0, [sp, #8]
1000437a:	9300      	str	r3, [sp, #0]
1000437c:	4803      	ldr	r0, [pc, #12]	@ (1000438c <vfctprintf+0x1c>)
1000437e:	0013      	movs	r3, r2
10004380:	424a      	negs	r2, r1
10004382:	a902      	add	r1, sp, #8
10004384:	f7ff fa98 	bl	100038b8 <_vsnprintf>
10004388:	b005      	add	sp, #20
1000438a:	bd00      	pop	{pc}
1000438c:	10002ed5 	.word	0x10002ed5

10004390 <weak_raw_vprintf>:
10004390:	b510      	push	{r4, lr}
10004392:	4a09      	ldr	r2, [pc, #36]	@ (100043b8 <weak_raw_vprintf+0x28>)
10004394:	0003      	movs	r3, r0
10004396:	6814      	ldr	r4, [r2, #0]
10004398:	b084      	sub	sp, #16
1000439a:	2c00      	cmp	r4, #0
1000439c:	d008      	beq.n	100043b0 <weak_raw_vprintf+0x20>
1000439e:	2201      	movs	r2, #1
100043a0:	9100      	str	r1, [sp, #0]
100043a2:	4806      	ldr	r0, [pc, #24]	@ (100043bc <weak_raw_vprintf+0x2c>)
100043a4:	4252      	negs	r2, r2
100043a6:	a903      	add	r1, sp, #12
100043a8:	47a0      	blx	r4
100043aa:	2001      	movs	r0, #1
100043ac:	b004      	add	sp, #16
100043ae:	bd10      	pop	{r4, pc}
100043b0:	f000 f9c0 	bl	10004734 <__wrap_puts>
100043b4:	2000      	movs	r0, #0
100043b6:	e7f9      	b.n	100043ac <weak_raw_vprintf+0x1c>
100043b8:	20001cc4 	.word	0x20001cc4
100043bc:	10002ec5 	.word	0x10002ec5

100043c0 <_exit>:
100043c0:	be00      	bkpt	0x0000
100043c2:	e7fd      	b.n	100043c0 <_exit>

100043c4 <_fini>:
100043c4:	4770      	bx	lr
100043c6:	46c0      	nop			@ (mov r8, r8)

100043c8 <exit>:
100043c8:	b510      	push	{r4, lr}
100043ca:	f7ff fff9 	bl	100043c0 <_exit>
100043ce:	46c0      	nop			@ (mov r8, r8)

100043d0 <runtime_init>:
100043d0:	b570      	push	{r4, r5, r6, lr}
100043d2:	f7fd fc4d 	bl	10001c70 <runtime_run_initializers>
100043d6:	4d07      	ldr	r5, [pc, #28]	@ (100043f4 <runtime_init+0x24>)
100043d8:	4e07      	ldr	r6, [pc, #28]	@ (100043f8 <runtime_init+0x28>)
100043da:	42b5      	cmp	r5, r6
100043dc:	d209      	bcs.n	100043f2 <runtime_init+0x22>
100043de:	2400      	movs	r4, #0
100043e0:	3e01      	subs	r6, #1
100043e2:	1b76      	subs	r6, r6, r5
100043e4:	08b6      	lsrs	r6, r6, #2
100043e6:	3601      	adds	r6, #1
100043e8:	cd08      	ldmia	r5!, {r3}
100043ea:	3401      	adds	r4, #1
100043ec:	4798      	blx	r3
100043ee:	42b4      	cmp	r4, r6
100043f0:	d1fa      	bne.n	100043e8 <runtime_init+0x18>
100043f2:	bd70      	pop	{r4, r5, r6, pc}
100043f4:	10006f4c 	.word	0x10006f4c
100043f8:	10006f50 	.word	0x10006f50

100043fc <stdio_out_chars_no_crlf>:
100043fc:	0003      	movs	r3, r0
100043fe:	b510      	push	{r4, lr}
10004400:	0008      	movs	r0, r1
10004402:	0011      	movs	r1, r2
10004404:	681b      	ldr	r3, [r3, #0]
10004406:	4798      	blx	r3
10004408:	bd10      	pop	{r4, pc}
1000440a:	46c0      	nop			@ (mov r8, r8)

1000440c <stdio_out_chars_crlf>:
1000440c:	b5f8      	push	{r3, r4, r5, r6, r7, lr}
1000440e:	7d43      	ldrb	r3, [r0, #21]
10004410:	0007      	movs	r7, r0
10004412:	000d      	movs	r5, r1
10004414:	0016      	movs	r6, r2
10004416:	2b00      	cmp	r3, #0
10004418:	d038      	beq.n	1000448c <stdio_out_chars_crlf+0x80>
1000441a:	2a00      	cmp	r2, #0
1000441c:	dd1a      	ble.n	10004454 <stdio_out_chars_crlf+0x48>
1000441e:	780b      	ldrb	r3, [r1, #0]
10004420:	2b0a      	cmp	r3, #10
10004422:	d018      	beq.n	10004456 <stdio_out_chars_crlf+0x4a>
10004424:	2000      	movs	r0, #0
10004426:	2e01      	cmp	r6, #1
10004428:	d009      	beq.n	1000443e <stdio_out_chars_crlf+0x32>
1000442a:	2401      	movs	r4, #1
1000442c:	0021      	movs	r1, r4
1000442e:	5c6b      	ldrb	r3, [r5, r1]
10004430:	3401      	adds	r4, #1
10004432:	2b0a      	cmp	r3, #10
10004434:	d01a      	beq.n	1000446c <stdio_out_chars_crlf+0x60>
10004436:	42b4      	cmp	r4, r6
10004438:	d1f8      	bne.n	1000442c <stdio_out_chars_crlf+0x20>
1000443a:	4286      	cmp	r6, r0
1000443c:	dd03      	ble.n	10004446 <stdio_out_chars_crlf+0x3a>
1000443e:	1a31      	subs	r1, r6, r0
10004440:	683b      	ldr	r3, [r7, #0]
10004442:	1828      	adds	r0, r5, r0
10004444:	4798      	blx	r3
10004446:	19ad      	adds	r5, r5, r6
10004448:	3d01      	subs	r5, #1
1000444a:	782b      	ldrb	r3, [r5, #0]
1000444c:	3b0d      	subs	r3, #13
1000444e:	425a      	negs	r2, r3
10004450:	4153      	adcs	r3, r2
10004452:	753b      	strb	r3, [r7, #20]
10004454:	bdf8      	pop	{r3, r4, r5, r6, r7, pc}
10004456:	7d03      	ldrb	r3, [r0, #20]
10004458:	2b00      	cmp	r3, #0
1000445a:	d1e3      	bne.n	10004424 <stdio_out_chars_crlf+0x18>
1000445c:	2102      	movs	r1, #2
1000445e:	480e      	ldr	r0, [pc, #56]	@ (10004498 <stdio_out_chars_crlf+0x8c>)
10004460:	683b      	ldr	r3, [r7, #0]
10004462:	4798      	blx	r3
10004464:	2e01      	cmp	r6, #1
10004466:	d0ee      	beq.n	10004446 <stdio_out_chars_crlf+0x3a>
10004468:	2001      	movs	r0, #1
1000446a:	e7de      	b.n	1000442a <stdio_out_chars_crlf+0x1e>
1000446c:	1e6b      	subs	r3, r5, #1
1000446e:	5c5b      	ldrb	r3, [r3, r1]
10004470:	2b0d      	cmp	r3, #13
10004472:	d0e0      	beq.n	10004436 <stdio_out_chars_crlf+0x2a>
10004474:	4288      	cmp	r0, r1
10004476:	da03      	bge.n	10004480 <stdio_out_chars_crlf+0x74>
10004478:	1a09      	subs	r1, r1, r0
1000447a:	683b      	ldr	r3, [r7, #0]
1000447c:	1828      	adds	r0, r5, r0
1000447e:	4798      	blx	r3
10004480:	4805      	ldr	r0, [pc, #20]	@ (10004498 <stdio_out_chars_crlf+0x8c>)
10004482:	2102      	movs	r1, #2
10004484:	683b      	ldr	r3, [r7, #0]
10004486:	4798      	blx	r3
10004488:	0020      	movs	r0, r4
1000448a:	e7d4      	b.n	10004436 <stdio_out_chars_crlf+0x2a>
1000448c:	6803      	ldr	r3, [r0, #0]
1000448e:	0011      	movs	r1, r2
10004490:	0028      	movs	r0, r5
10004492:	4798      	blx	r3
10004494:	e7de      	b.n	10004454 <stdio_out_chars_crlf+0x48>
10004496:	46c0      	nop			@ (mov r8, r8)
10004498:	10008148 	.word	0x10008148

1000449c <stdio_buffered_printer>:
1000449c:	b5f8      	push	{r3, r4, r5, r6, r7, lr}
1000449e:	680b      	ldr	r3, [r1, #0]
100044a0:	000d      	movs	r5, r1
100044a2:	1c5a      	adds	r2, r3, #1
100044a4:	18cb      	adds	r3, r1, r3
100044a6:	600a      	str	r2, [r1, #0]
100044a8:	7118      	strb	r0, [r3, #4]
100044aa:	2a80      	cmp	r2, #128	@ 0x80
100044ac:	d000      	beq.n	100044b0 <stdio_buffered_printer+0x14>
100044ae:	bdf8      	pop	{r3, r4, r5, r6, r7, pc}
100044b0:	4b0e      	ldr	r3, [pc, #56]	@ (100044ec <stdio_buffered_printer+0x50>)
100044b2:	681c      	ldr	r4, [r3, #0]
100044b4:	2c00      	cmp	r4, #0
100044b6:	d015      	beq.n	100044e4 <stdio_buffered_printer+0x48>
100044b8:	4e0d      	ldr	r6, [pc, #52]	@ (100044f0 <stdio_buffered_printer+0x54>)
100044ba:	1d0f      	adds	r7, r1, #4
100044bc:	e002      	b.n	100044c4 <stdio_buffered_printer+0x28>
100044be:	6924      	ldr	r4, [r4, #16]
100044c0:	2c00      	cmp	r4, #0
100044c2:	d00f      	beq.n	100044e4 <stdio_buffered_printer+0x48>
100044c4:	6823      	ldr	r3, [r4, #0]
100044c6:	2b00      	cmp	r3, #0
100044c8:	d0f9      	beq.n	100044be <stdio_buffered_printer+0x22>
100044ca:	6833      	ldr	r3, [r6, #0]
100044cc:	2b00      	cmp	r3, #0
100044ce:	d001      	beq.n	100044d4 <stdio_buffered_printer+0x38>
100044d0:	42a3      	cmp	r3, r4
100044d2:	d1f4      	bne.n	100044be <stdio_buffered_printer+0x22>
100044d4:	0020      	movs	r0, r4
100044d6:	0039      	movs	r1, r7
100044d8:	682a      	ldr	r2, [r5, #0]
100044da:	f7ff ff97 	bl	1000440c <stdio_out_chars_crlf>
100044de:	6924      	ldr	r4, [r4, #16]
100044e0:	2c00      	cmp	r4, #0
100044e2:	d1ef      	bne.n	100044c4 <stdio_buffered_printer+0x28>
100044e4:	2300      	movs	r3, #0
100044e6:	602b      	str	r3, [r5, #0]
100044e8:	e7e1      	b.n	100044ae <stdio_buffered_printer+0x12>
100044ea:	46c0      	nop			@ (mov r8, r8)
100044ec:	200017f4 	.word	0x200017f4
100044f0:	200017fc 	.word	0x200017fc

100044f4 <stdio_put_string>:
100044f4:	b5f0      	push	{r4, r5, r6, r7, lr}
100044f6:	4646      	mov	r6, r8
100044f8:	46d6      	mov	lr, sl
100044fa:	464f      	mov	r7, r9
100044fc:	b5c0      	push	{r6, r7, lr}
100044fe:	b082      	sub	sp, #8
10004500:	4690      	mov	r8, r2
10004502:	001c      	movs	r4, r3
10004504:	0006      	movs	r6, r0
10004506:	000d      	movs	r5, r1
10004508:	f7fd f968 	bl	100017dc <time_us_64>
1000450c:	2300      	movs	r3, #0
1000450e:	4a2f      	ldr	r2, [pc, #188]	@ (100045cc <stdio_put_string+0xd8>)
10004510:	1812      	adds	r2, r2, r0
10004512:	414b      	adcs	r3, r1
10004514:	2b00      	cmp	r3, #0
10004516:	da02      	bge.n	1000451e <stdio_put_string+0x2a>
10004518:	2201      	movs	r2, #1
1000451a:	4b2d      	ldr	r3, [pc, #180]	@ (100045d0 <stdio_put_string+0xdc>)
1000451c:	4252      	negs	r2, r2
1000451e:	492d      	ldr	r1, [pc, #180]	@ (100045d4 <stdio_put_string+0xe0>)
10004520:	0008      	movs	r0, r1
10004522:	468a      	mov	sl, r1
10004524:	f002 fcb4 	bl	10006e90 <__mutex_try_enter_block_until_veneer>
10004528:	4681      	mov	r9, r0
1000452a:	1c6b      	adds	r3, r5, #1
1000452c:	d103      	bne.n	10004536 <stdio_put_string+0x42>
1000452e:	0030      	movs	r0, r6
10004530:	f002 fc5e 	bl	10006df0 <strlen>
10004534:	0005      	movs	r5, r0
10004536:	2c00      	cmp	r4, #0
10004538:	d027      	beq.n	1000458a <stdio_put_string+0x96>
1000453a:	4f27      	ldr	r7, [pc, #156]	@ (100045d8 <stdio_put_string+0xe4>)
1000453c:	4b27      	ldr	r3, [pc, #156]	@ (100045dc <stdio_put_string+0xe8>)
1000453e:	681c      	ldr	r4, [r3, #0]
10004540:	2c00      	cmp	r4, #0
10004542:	d018      	beq.n	10004576 <stdio_put_string+0x82>
10004544:	4643      	mov	r3, r8
10004546:	2b00      	cmp	r3, #0
10004548:	d121      	bne.n	1000458e <stdio_put_string+0x9a>
1000454a:	4b25      	ldr	r3, [pc, #148]	@ (100045e0 <stdio_put_string+0xec>)
1000454c:	4698      	mov	r8, r3
1000454e:	e002      	b.n	10004556 <stdio_put_string+0x62>
10004550:	6924      	ldr	r4, [r4, #16]
10004552:	2c00      	cmp	r4, #0
10004554:	d00f      	beq.n	10004576 <stdio_put_string+0x82>
10004556:	6823      	ldr	r3, [r4, #0]
10004558:	2b00      	cmp	r3, #0
1000455a:	d0f9      	beq.n	10004550 <stdio_put_string+0x5c>
1000455c:	4643      	mov	r3, r8
1000455e:	681b      	ldr	r3, [r3, #0]
10004560:	2b00      	cmp	r3, #0
10004562:	d001      	beq.n	10004568 <stdio_put_string+0x74>
10004564:	429c      	cmp	r4, r3
10004566:	d1f3      	bne.n	10004550 <stdio_put_string+0x5c>
10004568:	0020      	movs	r0, r4
1000456a:	002a      	movs	r2, r5
1000456c:	0031      	movs	r1, r6
1000456e:	47b8      	blx	r7
10004570:	6924      	ldr	r4, [r4, #16]
10004572:	2c00      	cmp	r4, #0
10004574:	d1ef      	bne.n	10004556 <stdio_put_string+0x62>
10004576:	464b      	mov	r3, r9
10004578:	2b00      	cmp	r3, #0
1000457a:	d123      	bne.n	100045c4 <stdio_put_string+0xd0>
1000457c:	0028      	movs	r0, r5
1000457e:	b002      	add	sp, #8
10004580:	bce0      	pop	{r5, r6, r7}
10004582:	46ba      	mov	sl, r7
10004584:	46b1      	mov	r9, r6
10004586:	46a8      	mov	r8, r5
10004588:	bdf0      	pop	{r4, r5, r6, r7, pc}
1000458a:	4f16      	ldr	r7, [pc, #88]	@ (100045e4 <stdio_put_string+0xf0>)
1000458c:	e7d6      	b.n	1000453c <stdio_put_string+0x48>
1000458e:	4b14      	ldr	r3, [pc, #80]	@ (100045e0 <stdio_put_string+0xec>)
10004590:	4698      	mov	r8, r3
10004592:	e002      	b.n	1000459a <stdio_put_string+0xa6>
10004594:	6924      	ldr	r4, [r4, #16]
10004596:	2c00      	cmp	r4, #0
10004598:	d0ed      	beq.n	10004576 <stdio_put_string+0x82>
1000459a:	6823      	ldr	r3, [r4, #0]
1000459c:	2b00      	cmp	r3, #0
1000459e:	d0f9      	beq.n	10004594 <stdio_put_string+0xa0>
100045a0:	4643      	mov	r3, r8
100045a2:	681b      	ldr	r3, [r3, #0]
100045a4:	2b00      	cmp	r3, #0
100045a6:	d001      	beq.n	100045ac <stdio_put_string+0xb8>
100045a8:	42a3      	cmp	r3, r4
100045aa:	d1f3      	bne.n	10004594 <stdio_put_string+0xa0>
100045ac:	002a      	movs	r2, r5
100045ae:	0031      	movs	r1, r6
100045b0:	0020      	movs	r0, r4
100045b2:	47b8      	blx	r7
100045b4:	466b      	mov	r3, sp
100045b6:	220a      	movs	r2, #10
100045b8:	0020      	movs	r0, r4
100045ba:	71da      	strb	r2, [r3, #7]
100045bc:	1dd9      	adds	r1, r3, #7
100045be:	3a09      	subs	r2, #9
100045c0:	47b8      	blx	r7
100045c2:	e7e7      	b.n	10004594 <stdio_put_string+0xa0>
100045c4:	4650      	mov	r0, sl
100045c6:	f002 fc7b 	bl	10006ec0 <__mutex_exit_veneer>
100045ca:	e7d7      	b.n	1000457c <stdio_put_string+0x88>
100045cc:	000f4240 	.word	0x000f4240
100045d0:	7fffffff 	.word	0x7fffffff
100045d4:	20001028 	.word	0x20001028
100045d8:	1000440d 	.word	0x1000440d
100045dc:	200017f4 	.word	0x200017f4
100045e0:	200017fc 	.word	0x200017fc
100045e4:	100043fd 	.word	0x100043fd

100045e8 <stdio_set_driver_enabled>:
100045e8:	4a0a      	ldr	r2, [pc, #40]	@ (10004614 <stdio_set_driver_enabled+0x2c>)
100045ea:	6813      	ldr	r3, [r2, #0]
100045ec:	2b00      	cmp	r3, #0
100045ee:	d105      	bne.n	100045fc <stdio_set_driver_enabled+0x14>
100045f0:	e00c      	b.n	1000460c <stdio_set_driver_enabled+0x24>
100045f2:	001a      	movs	r2, r3
100045f4:	691b      	ldr	r3, [r3, #16]
100045f6:	3210      	adds	r2, #16
100045f8:	2b00      	cmp	r3, #0
100045fa:	d007      	beq.n	1000460c <stdio_set_driver_enabled+0x24>
100045fc:	4283      	cmp	r3, r0
100045fe:	d1f8      	bne.n	100045f2 <stdio_set_driver_enabled+0xa>
10004600:	2900      	cmp	r1, #0
10004602:	d102      	bne.n	1000460a <stdio_set_driver_enabled+0x22>
10004604:	6918      	ldr	r0, [r3, #16]
10004606:	6010      	str	r0, [r2, #0]
10004608:	6119      	str	r1, [r3, #16]
1000460a:	4770      	bx	lr
1000460c:	2900      	cmp	r1, #0
1000460e:	d0fc      	beq.n	1000460a <stdio_set_driver_enabled+0x22>
10004610:	6010      	str	r0, [r2, #0]
10004612:	e7fa      	b.n	1000460a <stdio_set_driver_enabled+0x22>
10004614:	200017f4 	.word	0x200017f4

10004618 <stdio_init_all>:
10004618:	b510      	push	{r4, lr}
1000461a:	f000 faa7 	bl	10004b6c <stdio_usb_init>
1000461e:	bd10      	pop	{r4, pc}

10004620 <__wrap_getchar>:
10004620:	b5f0      	push	{r4, r5, r6, r7, lr}
10004622:	4647      	mov	r7, r8
10004624:	46ce      	mov	lr, r9
10004626:	4b1a      	ldr	r3, [pc, #104]	@ (10004690 <__wrap_getchar+0x70>)
10004628:	b580      	push	{r7, lr}
1000462a:	681a      	ldr	r2, [r3, #0]
1000462c:	685b      	ldr	r3, [r3, #4]
1000462e:	4691      	mov	r9, r2
10004630:	4698      	mov	r8, r3
10004632:	b083      	sub	sp, #12
10004634:	4f17      	ldr	r7, [pc, #92]	@ (10004694 <__wrap_getchar+0x74>)
10004636:	4d18      	ldr	r5, [pc, #96]	@ (10004698 <__wrap_getchar+0x78>)
10004638:	ae01      	add	r6, sp, #4
1000463a:	683c      	ldr	r4, [r7, #0]
1000463c:	2c00      	cmp	r4, #0
1000463e:	d103      	bne.n	10004648 <__wrap_getchar+0x28>
10004640:	e015      	b.n	1000466e <__wrap_getchar+0x4e>
10004642:	6924      	ldr	r4, [r4, #16]
10004644:	2c00      	cmp	r4, #0
10004646:	d012      	beq.n	1000466e <__wrap_getchar+0x4e>
10004648:	682b      	ldr	r3, [r5, #0]
1000464a:	2b00      	cmp	r3, #0
1000464c:	d001      	beq.n	10004652 <__wrap_getchar+0x32>
1000464e:	429c      	cmp	r4, r3
10004650:	d1f7      	bne.n	10004642 <__wrap_getchar+0x22>
10004652:	68a3      	ldr	r3, [r4, #8]
10004654:	2b00      	cmp	r3, #0
10004656:	d0f4      	beq.n	10004642 <__wrap_getchar+0x22>
10004658:	2101      	movs	r1, #1
1000465a:	0030      	movs	r0, r6
1000465c:	4798      	blx	r3
1000465e:	2800      	cmp	r0, #0
10004660:	ddef      	ble.n	10004642 <__wrap_getchar+0x22>
10004662:	7830      	ldrb	r0, [r6, #0]
10004664:	b003      	add	sp, #12
10004666:	bcc0      	pop	{r6, r7}
10004668:	46b9      	mov	r9, r7
1000466a:	46b0      	mov	r8, r6
1000466c:	bdf0      	pop	{r4, r5, r6, r7, pc}
1000466e:	4b0b      	ldr	r3, [pc, #44]	@ (1000469c <__wrap_getchar+0x7c>)
10004670:	6a5a      	ldr	r2, [r3, #36]	@ 0x24
10004672:	4590      	cmp	r8, r2
10004674:	d807      	bhi.n	10004686 <__wrap_getchar+0x66>
10004676:	6a9b      	ldr	r3, [r3, #40]	@ 0x28
10004678:	454b      	cmp	r3, r9
1000467a:	d302      	bcc.n	10004682 <__wrap_getchar+0x62>
1000467c:	2002      	movs	r0, #2
1000467e:	4240      	negs	r0, r0
10004680:	e7f0      	b.n	10004664 <__wrap_getchar+0x44>
10004682:	4590      	cmp	r8, r2
10004684:	d1fa      	bne.n	1000467c <__wrap_getchar+0x5c>
10004686:	2001      	movs	r0, #1
10004688:	2100      	movs	r1, #0
1000468a:	f7fd f8b1 	bl	100017f0 <busy_wait_us>
1000468e:	e7d4      	b.n	1000463a <__wrap_getchar+0x1a>
10004690:	10007f00 	.word	0x10007f00
10004694:	200017f4 	.word	0x200017f4
10004698:	200017fc 	.word	0x200017fc
1000469c:	40054000 	.word	0x40054000

100046a0 <__wrap_putchar>:
100046a0:	b5f0      	push	{r4, r5, r6, r7, lr}
100046a2:	46ce      	mov	lr, r9
100046a4:	4647      	mov	r7, r8
100046a6:	b580      	push	{r7, lr}
100046a8:	b083      	sub	sp, #12
100046aa:	466b      	mov	r3, sp
100046ac:	0006      	movs	r6, r0
100046ae:	1ddd      	adds	r5, r3, #7
100046b0:	7028      	strb	r0, [r5, #0]
100046b2:	f7fd f893 	bl	100017dc <time_us_64>
100046b6:	2300      	movs	r3, #0
100046b8:	4a19      	ldr	r2, [pc, #100]	@ (10004720 <__wrap_putchar+0x80>)
100046ba:	1812      	adds	r2, r2, r0
100046bc:	414b      	adcs	r3, r1
100046be:	2b00      	cmp	r3, #0
100046c0:	da02      	bge.n	100046c8 <__wrap_putchar+0x28>
100046c2:	2201      	movs	r2, #1
100046c4:	4b17      	ldr	r3, [pc, #92]	@ (10004724 <__wrap_putchar+0x84>)
100046c6:	4252      	negs	r2, r2
100046c8:	4917      	ldr	r1, [pc, #92]	@ (10004728 <__wrap_putchar+0x88>)
100046ca:	0008      	movs	r0, r1
100046cc:	4689      	mov	r9, r1
100046ce:	f002 fbdf 	bl	10006e90 <__mutex_try_enter_block_until_veneer>
100046d2:	4b16      	ldr	r3, [pc, #88]	@ (1000472c <__wrap_putchar+0x8c>)
100046d4:	4680      	mov	r8, r0
100046d6:	681c      	ldr	r4, [r3, #0]
100046d8:	2c00      	cmp	r4, #0
100046da:	d014      	beq.n	10004706 <__wrap_putchar+0x66>
100046dc:	4f14      	ldr	r7, [pc, #80]	@ (10004730 <__wrap_putchar+0x90>)
100046de:	e002      	b.n	100046e6 <__wrap_putchar+0x46>
100046e0:	6924      	ldr	r4, [r4, #16]
100046e2:	2c00      	cmp	r4, #0
100046e4:	d00f      	beq.n	10004706 <__wrap_putchar+0x66>
100046e6:	6823      	ldr	r3, [r4, #0]
100046e8:	2b00      	cmp	r3, #0
100046ea:	d0f9      	beq.n	100046e0 <__wrap_putchar+0x40>
100046ec:	683b      	ldr	r3, [r7, #0]
100046ee:	2b00      	cmp	r3, #0
100046f0:	d001      	beq.n	100046f6 <__wrap_putchar+0x56>
100046f2:	429c      	cmp	r4, r3
100046f4:	d1f4      	bne.n	100046e0 <__wrap_putchar+0x40>
100046f6:	0020      	movs	r0, r4
100046f8:	2201      	movs	r2, #1
100046fa:	0029      	movs	r1, r5
100046fc:	f7ff fe86 	bl	1000440c <stdio_out_chars_crlf>
10004700:	6924      	ldr	r4, [r4, #16]
10004702:	2c00      	cmp	r4, #0
10004704:	d1ef      	bne.n	100046e6 <__wrap_putchar+0x46>
10004706:	4643      	mov	r3, r8
10004708:	2b00      	cmp	r3, #0
1000470a:	d105      	bne.n	10004718 <__wrap_putchar+0x78>
1000470c:	0030      	movs	r0, r6
1000470e:	b003      	add	sp, #12
10004710:	bcc0      	pop	{r6, r7}
10004712:	46b9      	mov	r9, r7
10004714:	46b0      	mov	r8, r6
10004716:	bdf0      	pop	{r4, r5, r6, r7, pc}
10004718:	4648      	mov	r0, r9
1000471a:	f002 fbd1 	bl	10006ec0 <__mutex_exit_veneer>
1000471e:	e7f5      	b.n	1000470c <__wrap_putchar+0x6c>
10004720:	000f4240 	.word	0x000f4240
10004724:	7fffffff 	.word	0x7fffffff
10004728:	20001028 	.word	0x20001028
1000472c:	200017f4 	.word	0x200017f4
10004730:	200017fc 	.word	0x200017fc

10004734 <__wrap_puts>:
10004734:	b570      	push	{r4, r5, r6, lr}
10004736:	0004      	movs	r4, r0
10004738:	f002 fb5a 	bl	10006df0 <strlen>
1000473c:	2301      	movs	r3, #1
1000473e:	0001      	movs	r1, r0
10004740:	0005      	movs	r5, r0
10004742:	2201      	movs	r2, #1
10004744:	0020      	movs	r0, r4
10004746:	f7ff fed5 	bl	100044f4 <stdio_put_string>
1000474a:	4b08      	ldr	r3, [pc, #32]	@ (1000476c <__wrap_puts+0x38>)
1000474c:	681c      	ldr	r4, [r3, #0]
1000474e:	2c00      	cmp	r4, #0
10004750:	d006      	beq.n	10004760 <__wrap_puts+0x2c>
10004752:	6863      	ldr	r3, [r4, #4]
10004754:	2b00      	cmp	r3, #0
10004756:	d005      	beq.n	10004764 <__wrap_puts+0x30>
10004758:	4798      	blx	r3
1000475a:	6924      	ldr	r4, [r4, #16]
1000475c:	2c00      	cmp	r4, #0
1000475e:	d1f8      	bne.n	10004752 <__wrap_puts+0x1e>
10004760:	0028      	movs	r0, r5
10004762:	bd70      	pop	{r4, r5, r6, pc}
10004764:	6924      	ldr	r4, [r4, #16]
10004766:	2c00      	cmp	r4, #0
10004768:	d1f3      	bne.n	10004752 <__wrap_puts+0x1e>
1000476a:	e7f9      	b.n	10004760 <__wrap_puts+0x2c>
1000476c:	200017f4 	.word	0x200017f4

10004770 <__wrap_vprintf>:
10004770:	b5f0      	push	{r4, r5, r6, r7, lr}
10004772:	46ce      	mov	lr, r9
10004774:	4647      	mov	r7, r8
10004776:	b580      	push	{r7, lr}
10004778:	b0a3      	sub	sp, #140	@ 0x8c
1000477a:	0004      	movs	r4, r0
1000477c:	000e      	movs	r6, r1
1000477e:	f7fd f82d 	bl	100017dc <time_us_64>
10004782:	2300      	movs	r3, #0
10004784:	4a26      	ldr	r2, [pc, #152]	@ (10004820 <__wrap_vprintf+0xb0>)
10004786:	1812      	adds	r2, r2, r0
10004788:	414b      	adcs	r3, r1
1000478a:	2b00      	cmp	r3, #0
1000478c:	da02      	bge.n	10004794 <__wrap_vprintf+0x24>
1000478e:	2201      	movs	r2, #1
10004790:	4b24      	ldr	r3, [pc, #144]	@ (10004824 <__wrap_vprintf+0xb4>)
10004792:	4252      	negs	r2, r2
10004794:	4824      	ldr	r0, [pc, #144]	@ (10004828 <__wrap_vprintf+0xb8>)
10004796:	f002 fb7b 	bl	10006e90 <__mutex_try_enter_block_until_veneer>
1000479a:	2300      	movs	r3, #0
1000479c:	0022      	movs	r2, r4
1000479e:	9301      	str	r3, [sp, #4]
100047a0:	4680      	mov	r8, r0
100047a2:	0033      	movs	r3, r6
100047a4:	4821      	ldr	r0, [pc, #132]	@ (1000482c <__wrap_vprintf+0xbc>)
100047a6:	a901      	add	r1, sp, #4
100047a8:	f7ff fde2 	bl	10004370 <vfctprintf>
100047ac:	4f20      	ldr	r7, [pc, #128]	@ (10004830 <__wrap_vprintf+0xc0>)
100047ae:	9b01      	ldr	r3, [sp, #4]
100047b0:	4681      	mov	r9, r0
100047b2:	683c      	ldr	r4, [r7, #0]
100047b4:	2b00      	cmp	r3, #0
100047b6:	d019      	beq.n	100047ec <__wrap_vprintf+0x7c>
100047b8:	2c00      	cmp	r4, #0
100047ba:	d02f      	beq.n	1000481c <__wrap_vprintf+0xac>
100047bc:	4e1d      	ldr	r6, [pc, #116]	@ (10004834 <__wrap_vprintf+0xc4>)
100047be:	e002      	b.n	100047c6 <__wrap_vprintf+0x56>
100047c0:	6924      	ldr	r4, [r4, #16]
100047c2:	2c00      	cmp	r4, #0
100047c4:	d00f      	beq.n	100047e6 <__wrap_vprintf+0x76>
100047c6:	6823      	ldr	r3, [r4, #0]
100047c8:	2b00      	cmp	r3, #0
100047ca:	d0f9      	beq.n	100047c0 <__wrap_vprintf+0x50>
100047cc:	6833      	ldr	r3, [r6, #0]
100047ce:	2b00      	cmp	r3, #0
100047d0:	d001      	beq.n	100047d6 <__wrap_vprintf+0x66>
100047d2:	42a3      	cmp	r3, r4
100047d4:	d1f4      	bne.n	100047c0 <__wrap_vprintf+0x50>
100047d6:	0020      	movs	r0, r4
100047d8:	9a01      	ldr	r2, [sp, #4]
100047da:	a902      	add	r1, sp, #8
100047dc:	f7ff fe16 	bl	1000440c <stdio_out_chars_crlf>
100047e0:	6924      	ldr	r4, [r4, #16]
100047e2:	2c00      	cmp	r4, #0
100047e4:	d1ef      	bne.n	100047c6 <__wrap_vprintf+0x56>
100047e6:	2300      	movs	r3, #0
100047e8:	683c      	ldr	r4, [r7, #0]
100047ea:	9301      	str	r3, [sp, #4]
100047ec:	2c00      	cmp	r4, #0
100047ee:	d006      	beq.n	100047fe <__wrap_vprintf+0x8e>
100047f0:	6863      	ldr	r3, [r4, #4]
100047f2:	2b00      	cmp	r3, #0
100047f4:	d00c      	beq.n	10004810 <__wrap_vprintf+0xa0>
100047f6:	4798      	blx	r3
100047f8:	6924      	ldr	r4, [r4, #16]
100047fa:	2c00      	cmp	r4, #0
100047fc:	d1f8      	bne.n	100047f0 <__wrap_vprintf+0x80>
100047fe:	4643      	mov	r3, r8
10004800:	2b00      	cmp	r3, #0
10004802:	d107      	bne.n	10004814 <__wrap_vprintf+0xa4>
10004804:	4648      	mov	r0, r9
10004806:	b023      	add	sp, #140	@ 0x8c
10004808:	bcc0      	pop	{r6, r7}
1000480a:	46b9      	mov	r9, r7
1000480c:	46b0      	mov	r8, r6
1000480e:	bdf0      	pop	{r4, r5, r6, r7, pc}
10004810:	6924      	ldr	r4, [r4, #16]
10004812:	e7eb      	b.n	100047ec <__wrap_vprintf+0x7c>
10004814:	4804      	ldr	r0, [pc, #16]	@ (10004828 <__wrap_vprintf+0xb8>)
10004816:	f002 fb53 	bl	10006ec0 <__mutex_exit_veneer>
1000481a:	e7f3      	b.n	10004804 <__wrap_vprintf+0x94>
1000481c:	9401      	str	r4, [sp, #4]
1000481e:	e7ee      	b.n	100047fe <__wrap_vprintf+0x8e>
10004820:	000f4240 	.word	0x000f4240
10004824:	7fffffff 	.word	0x7fffffff
10004828:	20001028 	.word	0x20001028
1000482c:	1000449d 	.word	0x1000449d
10004830:	200017f4 	.word	0x200017f4
10004834:	200017fc 	.word	0x200017fc

10004838 <__wrap_printf>:
10004838:	b40f      	push	{r0, r1, r2, r3}
1000483a:	b500      	push	{lr}
1000483c:	b083      	sub	sp, #12
1000483e:	a904      	add	r1, sp, #16
10004840:	c901      	ldmia	r1!, {r0}
10004842:	9101      	str	r1, [sp, #4]
10004844:	f7ff ff94 	bl	10004770 <__wrap_vprintf>
10004848:	b003      	add	sp, #12
1000484a:	bc08      	pop	{r3}
1000484c:	b004      	add	sp, #16
1000484e:	4718      	bx	r3

10004850 <stdio_usb_set_chars_available_callback>:
10004850:	4b02      	ldr	r3, [pc, #8]	@ (1000485c <stdio_usb_set_chars_available_callback+0xc>)
10004852:	6018      	str	r0, [r3, #0]
10004854:	4b02      	ldr	r3, [pc, #8]	@ (10004860 <stdio_usb_set_chars_available_callback+0x10>)
10004856:	6019      	str	r1, [r3, #0]
10004858:	4770      	bx	lr
1000485a:	46c0      	nop			@ (mov r8, r8)
1000485c:	2000178c 	.word	0x2000178c
10004860:	20001790 	.word	0x20001790

10004864 <usb_irq>:
10004864:	b510      	push	{r4, lr}
10004866:	4b02      	ldr	r3, [pc, #8]	@ (10004870 <usb_irq+0xc>)
10004868:	7818      	ldrb	r0, [r3, #0]
1000486a:	f7fc f9a1 	bl	10000bb0 <irq_set_pending>
1000486e:	bd10      	pop	{r4, pc}
10004870:	20002a4c 	.word	0x20002a4c

10004874 <timer_task>:
10004874:	4b15      	ldr	r3, [pc, #84]	@ (100048cc <timer_task+0x58>)
10004876:	b570      	push	{r4, r5, r6, lr}
10004878:	681a      	ldr	r2, [r3, #0]
1000487a:	2a00      	cmp	r2, #0
1000487c:	d022      	beq.n	100048c4 <timer_task+0x50>
1000487e:	f3ef 8110 	mrs	r1, PRIMASK
10004882:	b672      	cpsid	i
10004884:	6810      	ldr	r0, [r2, #0]
10004886:	2800      	cmp	r0, #0
10004888:	d0fc      	beq.n	10004884 <timer_task+0x10>
1000488a:	f3bf 8f5f 	dmb	sy
1000488e:	2000      	movs	r0, #0
10004890:	4a0f      	ldr	r2, [pc, #60]	@ (100048d0 <timer_task+0x5c>)
10004892:	6059      	str	r1, [r3, #4]
10004894:	7010      	strb	r0, [r2, #0]
10004896:	681b      	ldr	r3, [r3, #0]
10004898:	f3bf 8f5f 	dmb	sy
1000489c:	6018      	str	r0, [r3, #0]
1000489e:	f381 8810 	msr	PRIMASK, r1
100048a2:	2400      	movs	r4, #0
100048a4:	2500      	movs	r5, #0
100048a6:	4e0b      	ldr	r6, [pc, #44]	@ (100048d4 <timer_task+0x60>)
100048a8:	7830      	ldrb	r0, [r6, #0]
100048aa:	f7fc f975 	bl	10000b98 <irq_is_enabled>
100048ae:	2800      	cmp	r0, #0
100048b0:	d104      	bne.n	100048bc <timer_task+0x48>
100048b2:	2400      	movs	r4, #0
100048b4:	2500      	movs	r5, #0
100048b6:	0029      	movs	r1, r5
100048b8:	0020      	movs	r0, r4
100048ba:	bd70      	pop	{r4, r5, r6, pc}
100048bc:	7830      	ldrb	r0, [r6, #0]
100048be:	f7fc f977 	bl	10000bb0 <irq_set_pending>
100048c2:	e7f8      	b.n	100048b6 <timer_task+0x42>
100048c4:	24fa      	movs	r4, #250	@ 0xfa
100048c6:	2500      	movs	r5, #0
100048c8:	00a4      	lsls	r4, r4, #2
100048ca:	e7ec      	b.n	100048a6 <timer_task+0x32>
100048cc:	20001cd0 	.word	0x20001cd0
100048d0:	20002a4d 	.word	0x20002a4d
100048d4:	20002a4c 	.word	0x20002a4c

100048d8 <stdio_usb_in_chars>:
100048d8:	b570      	push	{r4, r5, r6, lr}
100048da:	0005      	movs	r5, r0
100048dc:	2000      	movs	r0, #0
100048de:	000e      	movs	r6, r1
100048e0:	f001 fb7e 	bl	10005fe0 <tud_cdc_n_connected>
100048e4:	2800      	cmp	r0, #0
100048e6:	d034      	beq.n	10004952 <stdio_usb_in_chars+0x7a>
100048e8:	2000      	movs	r0, #0
100048ea:	f001 fb8f 	bl	1000600c <tud_cdc_n_available>
100048ee:	2800      	cmp	r0, #0
100048f0:	d02f      	beq.n	10004952 <stdio_usb_in_chars+0x7a>
100048f2:	f7fc ff73 	bl	100017dc <time_us_64>
100048f6:	2300      	movs	r3, #0
100048f8:	4a17      	ldr	r2, [pc, #92]	@ (10004958 <stdio_usb_in_chars+0x80>)
100048fa:	1812      	adds	r2, r2, r0
100048fc:	414b      	adcs	r3, r1
100048fe:	2b00      	cmp	r3, #0
10004900:	db16      	blt.n	10004930 <stdio_usb_in_chars+0x58>
10004902:	4c16      	ldr	r4, [pc, #88]	@ (1000495c <stdio_usb_in_chars+0x84>)
10004904:	0020      	movs	r0, r4
10004906:	f002 fac3 	bl	10006e90 <__mutex_try_enter_block_until_veneer>
1000490a:	2800      	cmp	r0, #0
1000490c:	d021      	beq.n	10004952 <stdio_usb_in_chars+0x7a>
1000490e:	2000      	movs	r0, #0
10004910:	f001 fb66 	bl	10005fe0 <tud_cdc_n_connected>
10004914:	2800      	cmp	r0, #0
10004916:	d10f      	bne.n	10004938 <stdio_usb_in_chars+0x60>
10004918:	2001      	movs	r0, #1
1000491a:	2100      	movs	r1, #0
1000491c:	4240      	negs	r0, r0
1000491e:	f000 fd8f 	bl	10005440 <tud_task_ext>
10004922:	2503      	movs	r5, #3
10004924:	426d      	negs	r5, r5
10004926:	0020      	movs	r0, r4
10004928:	f002 faca 	bl	10006ec0 <__mutex_exit_veneer>
1000492c:	0028      	movs	r0, r5
1000492e:	bd70      	pop	{r4, r5, r6, pc}
10004930:	2201      	movs	r2, #1
10004932:	4b0b      	ldr	r3, [pc, #44]	@ (10004960 <stdio_usb_in_chars+0x88>)
10004934:	4252      	negs	r2, r2
10004936:	e7e4      	b.n	10004902 <stdio_usb_in_chars+0x2a>
10004938:	2000      	movs	r0, #0
1000493a:	f001 fb67 	bl	1000600c <tud_cdc_n_available>
1000493e:	2800      	cmp	r0, #0
10004940:	d0ea      	beq.n	10004918 <stdio_usb_in_chars+0x40>
10004942:	0029      	movs	r1, r5
10004944:	0032      	movs	r2, r6
10004946:	2000      	movs	r0, #0
10004948:	f001 fb6a 	bl	10006020 <tud_cdc_n_read>
1000494c:	1e05      	subs	r5, r0, #0
1000494e:	d1ea      	bne.n	10004926 <stdio_usb_in_chars+0x4e>
10004950:	e7e7      	b.n	10004922 <stdio_usb_in_chars+0x4a>
10004952:	2503      	movs	r5, #3
10004954:	426d      	negs	r5, r5
10004956:	e7e9      	b.n	1000492c <stdio_usb_in_chars+0x54>
10004958:	000f4240 	.word	0x000f4240
1000495c:	20002a24 	.word	0x20002a24
10004960:	7fffffff 	.word	0x7fffffff

10004964 <stdio_usb_out_flush>:
10004964:	b510      	push	{r4, lr}
10004966:	f7fc ff39 	bl	100017dc <time_us_64>
1000496a:	2300      	movs	r3, #0
1000496c:	4a0d      	ldr	r2, [pc, #52]	@ (100049a4 <stdio_usb_out_flush+0x40>)
1000496e:	1812      	adds	r2, r2, r0
10004970:	414b      	adcs	r3, r1
10004972:	2b00      	cmp	r3, #0
10004974:	da02      	bge.n	1000497c <stdio_usb_out_flush+0x18>
10004976:	2201      	movs	r2, #1
10004978:	4b0b      	ldr	r3, [pc, #44]	@ (100049a8 <stdio_usb_out_flush+0x44>)
1000497a:	4252      	negs	r2, r2
1000497c:	480b      	ldr	r0, [pc, #44]	@ (100049ac <stdio_usb_out_flush+0x48>)
1000497e:	f002 fa87 	bl	10006e90 <__mutex_try_enter_block_until_veneer>
10004982:	2800      	cmp	r0, #0
10004984:	d00c      	beq.n	100049a0 <stdio_usb_out_flush+0x3c>
10004986:	2001      	movs	r0, #1
10004988:	2100      	movs	r1, #0
1000498a:	4240      	negs	r0, r0
1000498c:	f000 fd58 	bl	10005440 <tud_task_ext>
10004990:	2000      	movs	r0, #0
10004992:	f001 fb89 	bl	100060a8 <tud_cdc_n_write_flush>
10004996:	2800      	cmp	r0, #0
10004998:	d1f5      	bne.n	10004986 <stdio_usb_out_flush+0x22>
1000499a:	4804      	ldr	r0, [pc, #16]	@ (100049ac <stdio_usb_out_flush+0x48>)
1000499c:	f002 fa90 	bl	10006ec0 <__mutex_exit_veneer>
100049a0:	bd10      	pop	{r4, pc}
100049a2:	46c0      	nop			@ (mov r8, r8)
100049a4:	000f4240 	.word	0x000f4240
100049a8:	7fffffff 	.word	0x7fffffff
100049ac:	20002a24 	.word	0x20002a24

100049b0 <stdio_usb_out_chars>:
100049b0:	b5f8      	push	{r3, r4, r5, r6, r7, lr}
100049b2:	46ce      	mov	lr, r9
100049b4:	4647      	mov	r7, r8
100049b6:	b580      	push	{r7, lr}
100049b8:	0005      	movs	r5, r0
100049ba:	000c      	movs	r4, r1
100049bc:	f7fc ff0e 	bl	100017dc <time_us_64>
100049c0:	2300      	movs	r3, #0
100049c2:	4a34      	ldr	r2, [pc, #208]	@ (10004a94 <stdio_usb_out_chars+0xe4>)
100049c4:	1812      	adds	r2, r2, r0
100049c6:	414b      	adcs	r3, r1
100049c8:	2b00      	cmp	r3, #0
100049ca:	da02      	bge.n	100049d2 <stdio_usb_out_chars+0x22>
100049cc:	2201      	movs	r2, #1
100049ce:	4b32      	ldr	r3, [pc, #200]	@ (10004a98 <stdio_usb_out_chars+0xe8>)
100049d0:	4252      	negs	r2, r2
100049d2:	4932      	ldr	r1, [pc, #200]	@ (10004a9c <stdio_usb_out_chars+0xec>)
100049d4:	0008      	movs	r0, r1
100049d6:	4688      	mov	r8, r1
100049d8:	f002 fa5a 	bl	10006e90 <__mutex_try_enter_block_until_veneer>
100049dc:	2800      	cmp	r0, #0
100049de:	d103      	bne.n	100049e8 <stdio_usb_out_chars+0x38>
100049e0:	bcc0      	pop	{r6, r7}
100049e2:	46b9      	mov	r9, r7
100049e4:	46b0      	mov	r8, r6
100049e6:	bdf8      	pop	{r3, r4, r5, r6, r7, pc}
100049e8:	2000      	movs	r0, #0
100049ea:	f001 faf9 	bl	10005fe0 <tud_cdc_n_connected>
100049ee:	2800      	cmp	r0, #0
100049f0:	d048      	beq.n	10004a84 <stdio_usb_out_chars+0xd4>
100049f2:	2600      	movs	r6, #0
100049f4:	2c00      	cmp	r4, #0
100049f6:	dd41      	ble.n	10004a7c <stdio_usb_out_chars+0xcc>
100049f8:	4b29      	ldr	r3, [pc, #164]	@ (10004aa0 <stdio_usb_out_chars+0xf0>)
100049fa:	4699      	mov	r9, r3
100049fc:	e013      	b.n	10004a26 <stdio_usb_out_chars+0x76>
100049fe:	19a9      	adds	r1, r5, r6
10004a00:	2000      	movs	r0, #0
10004a02:	f001 fb8d 	bl	10006120 <tud_cdc_n_write>
10004a06:	0007      	movs	r7, r0
10004a08:	2001      	movs	r0, #1
10004a0a:	2100      	movs	r1, #0
10004a0c:	4240      	negs	r0, r0
10004a0e:	f000 fd17 	bl	10005440 <tud_task_ext>
10004a12:	2000      	movs	r0, #0
10004a14:	f001 fb48 	bl	100060a8 <tud_cdc_n_write_flush>
10004a18:	f7fc fee0 	bl	100017dc <time_us_64>
10004a1c:	4b20      	ldr	r3, [pc, #128]	@ (10004aa0 <stdio_usb_out_chars+0xf0>)
10004a1e:	19f6      	adds	r6, r6, r7
10004a20:	c303      	stmia	r3!, {r0, r1}
10004a22:	42b4      	cmp	r4, r6
10004a24:	dd2a      	ble.n	10004a7c <stdio_usb_out_chars+0xcc>
10004a26:	2000      	movs	r0, #0
10004a28:	f001 fb9a 	bl	10006160 <tud_cdc_n_write_available>
10004a2c:	1ba7      	subs	r7, r4, r6
10004a2e:	0002      	movs	r2, r0
10004a30:	42b8      	cmp	r0, r7
10004a32:	dd00      	ble.n	10004a36 <stdio_usb_out_chars+0x86>
10004a34:	003a      	movs	r2, r7
10004a36:	2a00      	cmp	r2, #0
10004a38:	d1e1      	bne.n	100049fe <stdio_usb_out_chars+0x4e>
10004a3a:	2001      	movs	r0, #1
10004a3c:	2100      	movs	r1, #0
10004a3e:	4240      	negs	r0, r0
10004a40:	f000 fcfe 	bl	10005440 <tud_task_ext>
10004a44:	2000      	movs	r0, #0
10004a46:	f001 fb2f 	bl	100060a8 <tud_cdc_n_write_flush>
10004a4a:	2000      	movs	r0, #0
10004a4c:	f001 fac8 	bl	10005fe0 <tud_cdc_n_connected>
10004a50:	2800      	cmp	r0, #0
10004a52:	d013      	beq.n	10004a7c <stdio_usb_out_chars+0xcc>
10004a54:	2000      	movs	r0, #0
10004a56:	f001 fb83 	bl	10006160 <tud_cdc_n_write_available>
10004a5a:	2800      	cmp	r0, #0
10004a5c:	d1e1      	bne.n	10004a22 <stdio_usb_out_chars+0x72>
10004a5e:	f7fc febd 	bl	100017dc <time_us_64>
10004a62:	464b      	mov	r3, r9
10004a64:	000f      	movs	r7, r1
10004a66:	cb0c      	ldmia	r3, {r2, r3}
10004a68:	2100      	movs	r1, #0
10004a6a:	4684      	mov	ip, r0
10004a6c:	480d      	ldr	r0, [pc, #52]	@ (10004aa4 <stdio_usb_out_chars+0xf4>)
10004a6e:	1812      	adds	r2, r2, r0
10004a70:	414b      	adcs	r3, r1
10004a72:	429f      	cmp	r7, r3
10004a74:	d802      	bhi.n	10004a7c <stdio_usb_out_chars+0xcc>
10004a76:	d1d4      	bne.n	10004a22 <stdio_usb_out_chars+0x72>
10004a78:	4594      	cmp	ip, r2
10004a7a:	d9d2      	bls.n	10004a22 <stdio_usb_out_chars+0x72>
10004a7c:	4640      	mov	r0, r8
10004a7e:	f002 fa1f 	bl	10006ec0 <__mutex_exit_veneer>
10004a82:	e7ad      	b.n	100049e0 <stdio_usb_out_chars+0x30>
10004a84:	2000      	movs	r0, #0
10004a86:	2100      	movs	r1, #0
10004a88:	4b05      	ldr	r3, [pc, #20]	@ (10004aa0 <stdio_usb_out_chars+0xf0>)
10004a8a:	c303      	stmia	r3!, {r0, r1}
10004a8c:	4640      	mov	r0, r8
10004a8e:	f002 fa17 	bl	10006ec0 <__mutex_exit_veneer>
10004a92:	e7a5      	b.n	100049e0 <stdio_usb_out_chars+0x30>
10004a94:	000f4240 	.word	0x000f4240
10004a98:	7fffffff 	.word	0x7fffffff
10004a9c:	20002a24 	.word	0x20002a24
10004aa0:	20001278 	.word	0x20001278
10004aa4:	0007a120 	.word	0x0007a120

10004aa8 <low_priority_worker_irq>:
10004aa8:	b530      	push	{r4, r5, lr}
10004aaa:	2100      	movs	r1, #0
10004aac:	b085      	sub	sp, #20
10004aae:	4828      	ldr	r0, [pc, #160]	@ (10004b50 <low_priority_worker_irq+0xa8>)
10004ab0:	f002 f9fe 	bl	10006eb0 <__mutex_try_enter_veneer>
10004ab4:	2800      	cmp	r0, #0
10004ab6:	d11c      	bne.n	10004af2 <low_priority_worker_irq+0x4a>
10004ab8:	4b26      	ldr	r3, [pc, #152]	@ (10004b54 <low_priority_worker_irq+0xac>)
10004aba:	681a      	ldr	r2, [r3, #0]
10004abc:	2a00      	cmp	r2, #0
10004abe:	d016      	beq.n	10004aee <low_priority_worker_irq+0x46>
10004ac0:	f3ef 8110 	mrs	r1, PRIMASK
10004ac4:	b672      	cpsid	i
10004ac6:	6810      	ldr	r0, [r2, #0]
10004ac8:	2800      	cmp	r0, #0
10004aca:	d0fc      	beq.n	10004ac6 <low_priority_worker_irq+0x1e>
10004acc:	f3bf 8f5f 	dmb	sy
10004ad0:	2401      	movs	r4, #1
10004ad2:	4821      	ldr	r0, [pc, #132]	@ (10004b58 <low_priority_worker_irq+0xb0>)
10004ad4:	6059      	str	r1, [r3, #4]
10004ad6:	7802      	ldrb	r2, [r0, #0]
10004ad8:	681b      	ldr	r3, [r3, #0]
10004ada:	b2d2      	uxtb	r2, r2
10004adc:	7004      	strb	r4, [r0, #0]
10004ade:	f3bf 8f5f 	dmb	sy
10004ae2:	2000      	movs	r0, #0
10004ae4:	6018      	str	r0, [r3, #0]
10004ae6:	f381 8810 	msr	PRIMASK, r1
10004aea:	2a00      	cmp	r2, #0
10004aec:	d017      	beq.n	10004b1e <low_priority_worker_irq+0x76>
10004aee:	b005      	add	sp, #20
10004af0:	bd30      	pop	{r4, r5, pc}
10004af2:	2001      	movs	r0, #1
10004af4:	2100      	movs	r1, #0
10004af6:	4240      	negs	r0, r0
10004af8:	f000 fca2 	bl	10005440 <tud_task_ext>
10004afc:	2000      	movs	r0, #0
10004afe:	f001 fa85 	bl	1000600c <tud_cdc_n_available>
10004b02:	0005      	movs	r5, r0
10004b04:	4812      	ldr	r0, [pc, #72]	@ (10004b50 <low_priority_worker_irq+0xa8>)
10004b06:	f002 f9db 	bl	10006ec0 <__mutex_exit_veneer>
10004b0a:	2d00      	cmp	r5, #0
10004b0c:	d0ef      	beq.n	10004aee <low_priority_worker_irq+0x46>
10004b0e:	4b13      	ldr	r3, [pc, #76]	@ (10004b5c <low_priority_worker_irq+0xb4>)
10004b10:	681b      	ldr	r3, [r3, #0]
10004b12:	2b00      	cmp	r3, #0
10004b14:	d0eb      	beq.n	10004aee <low_priority_worker_irq+0x46>
10004b16:	4a12      	ldr	r2, [pc, #72]	@ (10004b60 <low_priority_worker_irq+0xb8>)
10004b18:	6810      	ldr	r0, [r2, #0]
10004b1a:	4798      	blx	r3
10004b1c:	e7e7      	b.n	10004aee <low_priority_worker_irq+0x46>
10004b1e:	f7fc fc33 	bl	10001388 <alarm_pool_get_default>
10004b22:	0004      	movs	r4, r0
10004b24:	f7fc fe5a 	bl	100017dc <time_us_64>
10004b28:	22fa      	movs	r2, #250	@ 0xfa
10004b2a:	2300      	movs	r3, #0
10004b2c:	0092      	lsls	r2, r2, #2
10004b2e:	1812      	adds	r2, r2, r0
10004b30:	414b      	adcs	r3, r1
10004b32:	2b00      	cmp	r3, #0
10004b34:	da02      	bge.n	10004b3c <low_priority_worker_irq+0x94>
10004b36:	2201      	movs	r2, #1
10004b38:	4b0a      	ldr	r3, [pc, #40]	@ (10004b64 <low_priority_worker_irq+0xbc>)
10004b3a:	4252      	negs	r2, r2
10004b3c:	2101      	movs	r1, #1
10004b3e:	9102      	str	r1, [sp, #8]
10004b40:	2100      	movs	r1, #0
10004b42:	9101      	str	r1, [sp, #4]
10004b44:	4908      	ldr	r1, [pc, #32]	@ (10004b68 <low_priority_worker_irq+0xc0>)
10004b46:	0020      	movs	r0, r4
10004b48:	9100      	str	r1, [sp, #0]
10004b4a:	f7fc fc21 	bl	10001390 <alarm_pool_add_alarm_at>
10004b4e:	e7ce      	b.n	10004aee <low_priority_worker_irq+0x46>
10004b50:	20002a24 	.word	0x20002a24
10004b54:	20001cd0 	.word	0x20001cd0
10004b58:	20002a4d 	.word	0x20002a4d
10004b5c:	2000178c 	.word	0x2000178c
10004b60:	20001790 	.word	0x20001790
10004b64:	7fffffff 	.word	0x7fffffff
10004b68:	10004875 	.word	0x10004875

10004b6c <stdio_usb_init>:
10004b6c:	23d0      	movs	r3, #208	@ 0xd0
10004b6e:	b510      	push	{r4, lr}
10004b70:	061b      	lsls	r3, r3, #24
10004b72:	b084      	sub	sp, #16
10004b74:	681c      	ldr	r4, [r3, #0]
10004b76:	f7fc fc07 	bl	10001388 <alarm_pool_get_default>
10004b7a:	f7fc fd07 	bl	1000158c <alarm_pool_core_num>
10004b7e:	42a0      	cmp	r0, r4
10004b80:	d002      	beq.n	10004b88 <stdio_usb_init+0x1c>
10004b82:	2000      	movs	r0, #0
10004b84:	b004      	add	sp, #16
10004b86:	bd10      	pop	{r4, pc}
10004b88:	4b28      	ldr	r3, [pc, #160]	@ (10004c2c <stdio_usb_init+0xc0>)
10004b8a:	2100      	movs	r1, #0
10004b8c:	2000      	movs	r0, #0
10004b8e:	781b      	ldrb	r3, [r3, #0]
10004b90:	f001 fcac 	bl	100064ec <tusb_rhport_init>
10004b94:	4826      	ldr	r0, [pc, #152]	@ (10004c30 <stdio_usb_init+0xc4>)
10004b96:	6803      	ldr	r3, [r0, #0]
10004b98:	2b00      	cmp	r3, #0
10004b9a:	d044      	beq.n	10004c26 <stdio_usb_init+0xba>
10004b9c:	2001      	movs	r0, #1
10004b9e:	f7fc f98b 	bl	10000eb8 <user_irq_claim_unused>
10004ba2:	23ff      	movs	r3, #255	@ 0xff
10004ba4:	4c23      	ldr	r4, [pc, #140]	@ (10004c34 <stdio_usb_init+0xc8>)
10004ba6:	4924      	ldr	r1, [pc, #144]	@ (10004c38 <stdio_usb_init+0xcc>)
10004ba8:	7020      	strb	r0, [r4, #0]
10004baa:	4018      	ands	r0, r3
10004bac:	f7fc f818 	bl	10000be0 <irq_set_exclusive_handler>
10004bb0:	7820      	ldrb	r0, [r4, #0]
10004bb2:	2101      	movs	r1, #1
10004bb4:	f7fb ffde 	bl	10000b74 <irq_set_enabled>
10004bb8:	2005      	movs	r0, #5
10004bba:	f7fc f801 	bl	10000bc0 <irq_has_shared_handler>
10004bbe:	2800      	cmp	r0, #0
10004bc0:	d124      	bne.n	10004c0c <stdio_usb_init+0xa0>
10004bc2:	2208      	movs	r2, #8
10004bc4:	2100      	movs	r1, #0
10004bc6:	481d      	ldr	r0, [pc, #116]	@ (10004c3c <stdio_usb_init+0xd0>)
10004bc8:	f7fe f82e 	bl	10002c28 <__wrap_memset>
10004bcc:	f7fc fbdc 	bl	10001388 <alarm_pool_get_default>
10004bd0:	0004      	movs	r4, r0
10004bd2:	f7fc fe03 	bl	100017dc <time_us_64>
10004bd6:	22fa      	movs	r2, #250	@ 0xfa
10004bd8:	2300      	movs	r3, #0
10004bda:	0092      	lsls	r2, r2, #2
10004bdc:	1812      	adds	r2, r2, r0
10004bde:	414b      	adcs	r3, r1
10004be0:	2b00      	cmp	r3, #0
10004be2:	da02      	bge.n	10004bea <stdio_usb_init+0x7e>
10004be4:	2201      	movs	r2, #1
10004be6:	4b16      	ldr	r3, [pc, #88]	@ (10004c40 <stdio_usb_init+0xd4>)
10004be8:	4252      	negs	r2, r2
10004bea:	2101      	movs	r1, #1
10004bec:	9102      	str	r1, [sp, #8]
10004bee:	2100      	movs	r1, #0
10004bf0:	9101      	str	r1, [sp, #4]
10004bf2:	4914      	ldr	r1, [pc, #80]	@ (10004c44 <stdio_usb_init+0xd8>)
10004bf4:	0020      	movs	r0, r4
10004bf6:	9100      	str	r1, [sp, #0]
10004bf8:	f7fc fbca 	bl	10001390 <alarm_pool_add_alarm_at>
10004bfc:	2800      	cmp	r0, #0
10004bfe:	dbc0      	blt.n	10004b82 <stdio_usb_init+0x16>
10004c00:	4811      	ldr	r0, [pc, #68]	@ (10004c48 <stdio_usb_init+0xdc>)
10004c02:	2101      	movs	r1, #1
10004c04:	f7ff fcf0 	bl	100045e8 <stdio_set_driver_enabled>
10004c08:	2001      	movs	r0, #1
10004c0a:	e7bb      	b.n	10004b84 <stdio_usb_init+0x18>
10004c0c:	2001      	movs	r0, #1
10004c0e:	f7fb ff6f 	bl	10000af0 <spin_lock_claim_unused>
10004c12:	0001      	movs	r1, r0
10004c14:	4809      	ldr	r0, [pc, #36]	@ (10004c3c <stdio_usb_init+0xd0>)
10004c16:	f7fc f9af 	bl	10000f78 <critical_section_init_with_lock_num>
10004c1a:	2200      	movs	r2, #0
10004c1c:	2005      	movs	r0, #5
10004c1e:	490b      	ldr	r1, [pc, #44]	@ (10004c4c <stdio_usb_init+0xe0>)
10004c20:	f7fc f808 	bl	10000c34 <irq_add_shared_handler>
10004c24:	e7ec      	b.n	10004c00 <stdio_usb_init+0x94>
10004c26:	f7fc f98b 	bl	10000f40 <mutex_init>
10004c2a:	e7b7      	b.n	10004b9c <stdio_usb_init+0x30>
10004c2c:	100083a8 	.word	0x100083a8
10004c30:	20002a24 	.word	0x20002a24
10004c34:	20002a4c 	.word	0x20002a4c
10004c38:	10004aa9 	.word	0x10004aa9
10004c3c:	20001cd0 	.word	0x20001cd0
10004c40:	7fffffff 	.word	0x7fffffff
10004c44:	10004875 	.word	0x10004875
10004c48:	20000ff0 	.word	0x20000ff0
10004c4c:	10004865 	.word	0x10004865

10004c50 <stdio_usb_connected>:
10004c50:	b510      	push	{r4, lr}
10004c52:	2000      	movs	r0, #0
10004c54:	f001 f9c4 	bl	10005fe0 <tud_cdc_n_connected>
10004c58:	bd10      	pop	{r4, pc}
10004c5a:	46c0      	nop			@ (mov r8, r8)

10004c5c <tud_descriptor_device_cb>:
10004c5c:	4800      	ldr	r0, [pc, #0]	@ (10004c60 <tud_descriptor_device_cb+0x4>)
10004c5e:	4770      	bx	lr
10004c60:	100081c4 	.word	0x100081c4

10004c64 <tud_descriptor_configuration_cb>:
10004c64:	4800      	ldr	r0, [pc, #0]	@ (10004c68 <tud_descriptor_configuration_cb+0x4>)
10004c66:	4770      	bx	lr
10004c68:	10008170 	.word	0x10008170

10004c6c <tud_descriptor_string_cb>:
10004c6c:	b510      	push	{r4, lr}
10004c6e:	0004      	movs	r4, r0
10004c70:	4816      	ldr	r0, [pc, #88]	@ (10004ccc <tud_descriptor_string_cb+0x60>)
10004c72:	7803      	ldrb	r3, [r0, #0]
10004c74:	2b00      	cmp	r3, #0
10004c76:	d020      	beq.n	10004cba <tud_descriptor_string_cb+0x4e>
10004c78:	2c00      	cmp	r4, #0
10004c7a:	d106      	bne.n	10004c8a <tud_descriptor_string_cb+0x1e>
10004c7c:	4b14      	ldr	r3, [pc, #80]	@ (10004cd0 <tud_descriptor_string_cb+0x64>)
10004c7e:	4815      	ldr	r0, [pc, #84]	@ (10004cd4 <tud_descriptor_string_cb+0x68>)
10004c80:	8043      	strh	r3, [r0, #2]
10004c82:	3b06      	subs	r3, #6
10004c84:	3bff      	subs	r3, #255	@ 0xff
10004c86:	8003      	strh	r3, [r0, #0]
10004c88:	bd10      	pop	{r4, pc}
10004c8a:	2c05      	cmp	r4, #5
10004c8c:	d81c      	bhi.n	10004cc8 <tud_descriptor_string_cb+0x5c>
10004c8e:	4b12      	ldr	r3, [pc, #72]	@ (10004cd8 <tud_descriptor_string_cb+0x6c>)
10004c90:	00a4      	lsls	r4, r4, #2
10004c92:	58e4      	ldr	r4, [r4, r3]
10004c94:	480f      	ldr	r0, [pc, #60]	@ (10004cd4 <tud_descriptor_string_cb+0x68>)
10004c96:	2301      	movs	r3, #1
10004c98:	1c81      	adds	r1, r0, #2
10004c9a:	3c01      	subs	r4, #1
10004c9c:	e004      	b.n	10004ca8 <tud_descriptor_string_cb+0x3c>
10004c9e:	3301      	adds	r3, #1
10004ca0:	800a      	strh	r2, [r1, #0]
10004ca2:	3102      	adds	r1, #2
10004ca4:	2b14      	cmp	r3, #20
10004ca6:	d00c      	beq.n	10004cc2 <tud_descriptor_string_cb+0x56>
10004ca8:	5ce2      	ldrb	r2, [r4, r3]
10004caa:	2a00      	cmp	r2, #0
10004cac:	d1f7      	bne.n	10004c9e <tud_descriptor_string_cb+0x32>
10004cae:	22c0      	movs	r2, #192	@ 0xc0
10004cb0:	b2db      	uxtb	r3, r3
10004cb2:	005b      	lsls	r3, r3, #1
10004cb4:	0092      	lsls	r2, r2, #2
10004cb6:	4313      	orrs	r3, r2
10004cb8:	e7e5      	b.n	10004c86 <tud_descriptor_string_cb+0x1a>
10004cba:	2111      	movs	r1, #17
10004cbc:	f000 f816 	bl	10004cec <pico_get_unique_board_id_string>
10004cc0:	e7da      	b.n	10004c78 <tud_descriptor_string_cb+0xc>
10004cc2:	23ca      	movs	r3, #202	@ 0xca
10004cc4:	009b      	lsls	r3, r3, #2
10004cc6:	e7de      	b.n	10004c86 <tud_descriptor_string_cb+0x1a>
10004cc8:	2000      	movs	r0, #0
10004cca:	e7dd      	b.n	10004c88 <tud_descriptor_string_cb+0x1c>
10004ccc:	20002a2c 	.word	0x20002a2c
10004cd0:	00000409 	.word	0x00000409
10004cd4:	200017cc 	.word	0x200017cc
10004cd8:	10008158 	.word	0x10008158

10004cdc <_retrieve_unique_id_on_boot>:
10004cdc:	b510      	push	{r4, lr}
10004cde:	4802      	ldr	r0, [pc, #8]	@ (10004ce8 <_retrieve_unique_id_on_boot+0xc>)
10004ce0:	f000 f8f4 	bl	10004ecc <flash_get_unique_id>
10004ce4:	bd10      	pop	{r4, pc}
10004ce6:	46c0      	nop			@ (mov r8, r8)
10004ce8:	20002a14 	.word	0x20002a14

10004cec <pico_get_unique_board_id_string>:
10004cec:	b530      	push	{r4, r5, lr}
10004cee:	2901      	cmp	r1, #1
10004cf0:	d100      	bne.n	10004cf4 <pico_get_unique_board_id_string+0x8>
10004cf2:	e0bb      	b.n	10004e6c <pico_get_unique_board_id_string+0x180>
10004cf4:	4b74      	ldr	r3, [pc, #464]	@ (10004ec8 <pico_get_unique_board_id_string+0x1dc>)
10004cf6:	3901      	subs	r1, #1
10004cf8:	781a      	ldrb	r2, [r3, #0]
10004cfa:	1112      	asrs	r2, r2, #4
10004cfc:	0014      	movs	r4, r2
10004cfe:	3430      	adds	r4, #48	@ 0x30
10004d00:	2a09      	cmp	r2, #9
10004d02:	dd00      	ble.n	10004d06 <pico_get_unique_board_id_string+0x1a>
10004d04:	e0b5      	b.n	10004e72 <pico_get_unique_board_id_string+0x186>
10004d06:	7004      	strb	r4, [r0, #0]
10004d08:	2901      	cmp	r1, #1
10004d0a:	d100      	bne.n	10004d0e <pico_get_unique_board_id_string+0x22>
10004d0c:	e0da      	b.n	10004ec4 <pico_get_unique_board_id_string+0x1d8>
10004d0e:	220f      	movs	r2, #15
10004d10:	781c      	ldrb	r4, [r3, #0]
10004d12:	4022      	ands	r2, r4
10004d14:	0014      	movs	r4, r2
10004d16:	3430      	adds	r4, #48	@ 0x30
10004d18:	2a09      	cmp	r2, #9
10004d1a:	d900      	bls.n	10004d1e <pico_get_unique_board_id_string+0x32>
10004d1c:	e0ac      	b.n	10004e78 <pico_get_unique_board_id_string+0x18c>
10004d1e:	7044      	strb	r4, [r0, #1]
10004d20:	2902      	cmp	r1, #2
10004d22:	d100      	bne.n	10004d26 <pico_get_unique_board_id_string+0x3a>
10004d24:	e0ce      	b.n	10004ec4 <pico_get_unique_board_id_string+0x1d8>
10004d26:	785a      	ldrb	r2, [r3, #1]
10004d28:	4694      	mov	ip, r2
10004d2a:	1112      	asrs	r2, r2, #4
10004d2c:	0014      	movs	r4, r2
10004d2e:	3430      	adds	r4, #48	@ 0x30
10004d30:	2a09      	cmp	r2, #9
10004d32:	dd00      	ble.n	10004d36 <pico_get_unique_board_id_string+0x4a>
10004d34:	e0a3      	b.n	10004e7e <pico_get_unique_board_id_string+0x192>
10004d36:	7084      	strb	r4, [r0, #2]
10004d38:	2903      	cmp	r1, #3
10004d3a:	d100      	bne.n	10004d3e <pico_get_unique_board_id_string+0x52>
10004d3c:	e0c2      	b.n	10004ec4 <pico_get_unique_board_id_string+0x1d8>
10004d3e:	4664      	mov	r4, ip
10004d40:	220f      	movs	r2, #15
10004d42:	4022      	ands	r2, r4
10004d44:	0014      	movs	r4, r2
10004d46:	3430      	adds	r4, #48	@ 0x30
10004d48:	2a09      	cmp	r2, #9
10004d4a:	d900      	bls.n	10004d4e <pico_get_unique_board_id_string+0x62>
10004d4c:	e09a      	b.n	10004e84 <pico_get_unique_board_id_string+0x198>
10004d4e:	70c4      	strb	r4, [r0, #3]
10004d50:	2904      	cmp	r1, #4
10004d52:	d100      	bne.n	10004d56 <pico_get_unique_board_id_string+0x6a>
10004d54:	e0b6      	b.n	10004ec4 <pico_get_unique_board_id_string+0x1d8>
10004d56:	789a      	ldrb	r2, [r3, #2]
10004d58:	4694      	mov	ip, r2
10004d5a:	1112      	asrs	r2, r2, #4
10004d5c:	0014      	movs	r4, r2
10004d5e:	3430      	adds	r4, #48	@ 0x30
10004d60:	2a09      	cmp	r2, #9
10004d62:	dd00      	ble.n	10004d66 <pico_get_unique_board_id_string+0x7a>
10004d64:	e091      	b.n	10004e8a <pico_get_unique_board_id_string+0x19e>
10004d66:	7104      	strb	r4, [r0, #4]
10004d68:	2905      	cmp	r1, #5
10004d6a:	d100      	bne.n	10004d6e <pico_get_unique_board_id_string+0x82>
10004d6c:	e0aa      	b.n	10004ec4 <pico_get_unique_board_id_string+0x1d8>
10004d6e:	4664      	mov	r4, ip
10004d70:	220f      	movs	r2, #15
10004d72:	4022      	ands	r2, r4
10004d74:	0014      	movs	r4, r2
10004d76:	3430      	adds	r4, #48	@ 0x30
10004d78:	2a09      	cmp	r2, #9
10004d7a:	d900      	bls.n	10004d7e <pico_get_unique_board_id_string+0x92>
10004d7c:	e088      	b.n	10004e90 <pico_get_unique_board_id_string+0x1a4>
10004d7e:	7144      	strb	r4, [r0, #5]
10004d80:	2906      	cmp	r1, #6
10004d82:	d100      	bne.n	10004d86 <pico_get_unique_board_id_string+0x9a>
10004d84:	e09e      	b.n	10004ec4 <pico_get_unique_board_id_string+0x1d8>
10004d86:	2530      	movs	r5, #48	@ 0x30
10004d88:	46ac      	mov	ip, r5
10004d8a:	78dc      	ldrb	r4, [r3, #3]
10004d8c:	1122      	asrs	r2, r4, #4
10004d8e:	4494      	add	ip, r2
10004d90:	2a09      	cmp	r2, #9
10004d92:	dd00      	ble.n	10004d96 <pico_get_unique_board_id_string+0xaa>
10004d94:	e07f      	b.n	10004e96 <pico_get_unique_board_id_string+0x1aa>
10004d96:	4662      	mov	r2, ip
10004d98:	7182      	strb	r2, [r0, #6]
10004d9a:	2907      	cmp	r1, #7
10004d9c:	d100      	bne.n	10004da0 <pico_get_unique_board_id_string+0xb4>
10004d9e:	e091      	b.n	10004ec4 <pico_get_unique_board_id_string+0x1d8>
10004da0:	220f      	movs	r2, #15
10004da2:	4022      	ands	r2, r4
10004da4:	0014      	movs	r4, r2
10004da6:	3430      	adds	r4, #48	@ 0x30
10004da8:	2a09      	cmp	r2, #9
10004daa:	d900      	bls.n	10004dae <pico_get_unique_board_id_string+0xc2>
10004dac:	e077      	b.n	10004e9e <pico_get_unique_board_id_string+0x1b2>
10004dae:	71c4      	strb	r4, [r0, #7]
10004db0:	2908      	cmp	r1, #8
10004db2:	d100      	bne.n	10004db6 <pico_get_unique_board_id_string+0xca>
10004db4:	e086      	b.n	10004ec4 <pico_get_unique_board_id_string+0x1d8>
10004db6:	2530      	movs	r5, #48	@ 0x30
10004db8:	46ac      	mov	ip, r5
10004dba:	791c      	ldrb	r4, [r3, #4]
10004dbc:	1122      	asrs	r2, r4, #4
10004dbe:	4494      	add	ip, r2
10004dc0:	2a09      	cmp	r2, #9
10004dc2:	dd00      	ble.n	10004dc6 <pico_get_unique_board_id_string+0xda>
10004dc4:	e06e      	b.n	10004ea4 <pico_get_unique_board_id_string+0x1b8>
10004dc6:	4662      	mov	r2, ip
10004dc8:	7202      	strb	r2, [r0, #8]
10004dca:	2909      	cmp	r1, #9
10004dcc:	d100      	bne.n	10004dd0 <pico_get_unique_board_id_string+0xe4>
10004dce:	e079      	b.n	10004ec4 <pico_get_unique_board_id_string+0x1d8>
10004dd0:	220f      	movs	r2, #15
10004dd2:	4022      	ands	r2, r4
10004dd4:	0014      	movs	r4, r2
10004dd6:	3430      	adds	r4, #48	@ 0x30
10004dd8:	2a09      	cmp	r2, #9
10004dda:	d867      	bhi.n	10004eac <pico_get_unique_board_id_string+0x1c0>
10004ddc:	7244      	strb	r4, [r0, #9]
10004dde:	290a      	cmp	r1, #10
10004de0:	d100      	bne.n	10004de4 <pico_get_unique_board_id_string+0xf8>
10004de2:	e06f      	b.n	10004ec4 <pico_get_unique_board_id_string+0x1d8>
10004de4:	2530      	movs	r5, #48	@ 0x30
10004de6:	46ac      	mov	ip, r5
10004de8:	795c      	ldrb	r4, [r3, #5]
10004dea:	1122      	asrs	r2, r4, #4
10004dec:	4494      	add	ip, r2
10004dee:	2a09      	cmp	r2, #9
10004df0:	dc5f      	bgt.n	10004eb2 <pico_get_unique_board_id_string+0x1c6>
10004df2:	4662      	mov	r2, ip
10004df4:	7282      	strb	r2, [r0, #10]
10004df6:	290b      	cmp	r1, #11
10004df8:	d064      	beq.n	10004ec4 <pico_get_unique_board_id_string+0x1d8>
10004dfa:	220f      	movs	r2, #15
10004dfc:	4022      	ands	r2, r4
10004dfe:	0014      	movs	r4, r2
10004e00:	3430      	adds	r4, #48	@ 0x30
10004e02:	2a09      	cmp	r2, #9
10004e04:	d859      	bhi.n	10004eba <pico_get_unique_board_id_string+0x1ce>
10004e06:	72c4      	strb	r4, [r0, #11]
10004e08:	290c      	cmp	r1, #12
10004e0a:	d05b      	beq.n	10004ec4 <pico_get_unique_board_id_string+0x1d8>
10004e0c:	2530      	movs	r5, #48	@ 0x30
10004e0e:	46ac      	mov	ip, r5
10004e10:	799c      	ldrb	r4, [r3, #6]
10004e12:	1122      	asrs	r2, r4, #4
10004e14:	4494      	add	ip, r2
10004e16:	2a09      	cmp	r2, #9
10004e18:	dd02      	ble.n	10004e20 <pico_get_unique_board_id_string+0x134>
10004e1a:	3507      	adds	r5, #7
10004e1c:	46ac      	mov	ip, r5
10004e1e:	4494      	add	ip, r2
10004e20:	4662      	mov	r2, ip
10004e22:	7302      	strb	r2, [r0, #12]
10004e24:	290d      	cmp	r1, #13
10004e26:	d04d      	beq.n	10004ec4 <pico_get_unique_board_id_string+0x1d8>
10004e28:	220f      	movs	r2, #15
10004e2a:	4022      	ands	r2, r4
10004e2c:	0014      	movs	r4, r2
10004e2e:	3430      	adds	r4, #48	@ 0x30
10004e30:	2a09      	cmp	r2, #9
10004e32:	d901      	bls.n	10004e38 <pico_get_unique_board_id_string+0x14c>
10004e34:	3237      	adds	r2, #55	@ 0x37
10004e36:	0014      	movs	r4, r2
10004e38:	7344      	strb	r4, [r0, #13]
10004e3a:	290e      	cmp	r1, #14
10004e3c:	d042      	beq.n	10004ec4 <pico_get_unique_board_id_string+0x1d8>
10004e3e:	79da      	ldrb	r2, [r3, #7]
10004e40:	1113      	asrs	r3, r2, #4
10004e42:	001c      	movs	r4, r3
10004e44:	3430      	adds	r4, #48	@ 0x30
10004e46:	2b09      	cmp	r3, #9
10004e48:	dd01      	ble.n	10004e4e <pico_get_unique_board_id_string+0x162>
10004e4a:	3337      	adds	r3, #55	@ 0x37
10004e4c:	001c      	movs	r4, r3
10004e4e:	7384      	strb	r4, [r0, #14]
10004e50:	290f      	cmp	r1, #15
10004e52:	d037      	beq.n	10004ec4 <pico_get_unique_board_id_string+0x1d8>
10004e54:	230f      	movs	r3, #15
10004e56:	4013      	ands	r3, r2
10004e58:	001a      	movs	r2, r3
10004e5a:	3237      	adds	r2, #55	@ 0x37
10004e5c:	2b09      	cmp	r3, #9
10004e5e:	d801      	bhi.n	10004e64 <pico_get_unique_board_id_string+0x178>
10004e60:	3330      	adds	r3, #48	@ 0x30
10004e62:	001a      	movs	r2, r3
10004e64:	73c2      	strb	r2, [r0, #15]
10004e66:	2910      	cmp	r1, #16
10004e68:	d02c      	beq.n	10004ec4 <pico_get_unique_board_id_string+0x1d8>
10004e6a:	3010      	adds	r0, #16
10004e6c:	2300      	movs	r3, #0
10004e6e:	7003      	strb	r3, [r0, #0]
10004e70:	bd30      	pop	{r4, r5, pc}
10004e72:	3237      	adds	r2, #55	@ 0x37
10004e74:	0014      	movs	r4, r2
10004e76:	e746      	b.n	10004d06 <pico_get_unique_board_id_string+0x1a>
10004e78:	3237      	adds	r2, #55	@ 0x37
10004e7a:	0014      	movs	r4, r2
10004e7c:	e74f      	b.n	10004d1e <pico_get_unique_board_id_string+0x32>
10004e7e:	3237      	adds	r2, #55	@ 0x37
10004e80:	0014      	movs	r4, r2
10004e82:	e758      	b.n	10004d36 <pico_get_unique_board_id_string+0x4a>
10004e84:	3237      	adds	r2, #55	@ 0x37
10004e86:	0014      	movs	r4, r2
10004e88:	e761      	b.n	10004d4e <pico_get_unique_board_id_string+0x62>
10004e8a:	3237      	adds	r2, #55	@ 0x37
10004e8c:	0014      	movs	r4, r2
10004e8e:	e76a      	b.n	10004d66 <pico_get_unique_board_id_string+0x7a>
10004e90:	3237      	adds	r2, #55	@ 0x37
10004e92:	0014      	movs	r4, r2
10004e94:	e773      	b.n	10004d7e <pico_get_unique_board_id_string+0x92>
10004e96:	3507      	adds	r5, #7
10004e98:	46ac      	mov	ip, r5
10004e9a:	4494      	add	ip, r2
10004e9c:	e77b      	b.n	10004d96 <pico_get_unique_board_id_string+0xaa>
10004e9e:	3237      	adds	r2, #55	@ 0x37
10004ea0:	0014      	movs	r4, r2
10004ea2:	e784      	b.n	10004dae <pico_get_unique_board_id_string+0xc2>
10004ea4:	3507      	adds	r5, #7
10004ea6:	46ac      	mov	ip, r5
10004ea8:	4494      	add	ip, r2
10004eaa:	e78c      	b.n	10004dc6 <pico_get_unique_board_id_string+0xda>
10004eac:	3237      	adds	r2, #55	@ 0x37
10004eae:	0014      	movs	r4, r2
10004eb0:	e794      	b.n	10004ddc <pico_get_unique_board_id_string+0xf0>
10004eb2:	3507      	adds	r5, #7
10004eb4:	46ac      	mov	ip, r5
10004eb6:	4494      	add	ip, r2
10004eb8:	e79b      	b.n	10004df2 <pico_get_unique_board_id_string+0x106>
10004eba:	3237      	adds	r2, #55	@ 0x37
10004ebc:	0014      	movs	r4, r2
10004ebe:	72c4      	strb	r4, [r0, #11]
10004ec0:	290c      	cmp	r1, #12
10004ec2:	d1a3      	bne.n	10004e0c <pico_get_unique_board_id_string+0x120>
10004ec4:	1840      	adds	r0, r0, r1
10004ec6:	e7d1      	b.n	10004e6c <pico_get_unique_board_id_string+0x180>
10004ec8:	20002a14 	.word	0x20002a14

10004ecc <flash_get_unique_id>:
10004ecc:	b510      	push	{r4, lr}
10004ece:	b088      	sub	sp, #32
10004ed0:	0004      	movs	r4, r0
10004ed2:	220d      	movs	r2, #13
10004ed4:	2100      	movs	r1, #0
10004ed6:	4668      	mov	r0, sp
10004ed8:	f7fd fea6 	bl	10002c28 <__wrap_memset>
10004edc:	220d      	movs	r2, #13
10004ede:	2100      	movs	r1, #0
10004ee0:	a804      	add	r0, sp, #16
10004ee2:	f7fd fea1 	bl	10002c28 <__wrap_memset>
10004ee6:	466a      	mov	r2, sp
10004ee8:	234b      	movs	r3, #75	@ 0x4b
10004eea:	4668      	mov	r0, sp
10004eec:	7013      	strb	r3, [r2, #0]
10004eee:	a904      	add	r1, sp, #16
10004ef0:	2300      	movs	r3, #0
10004ef2:	220d      	movs	r2, #13
10004ef4:	f001 ffec 	bl	10006ed0 <__flash_do_cmd_cs_veneer>
10004ef8:	2115      	movs	r1, #21
10004efa:	2208      	movs	r2, #8
10004efc:	0020      	movs	r0, r4
10004efe:	4469      	add	r1, sp
10004f00:	f7fd fe98 	bl	10002c34 <__wrap___aeabi_memcpy>
10004f04:	b008      	add	sp, #32
10004f06:	bd10      	pop	{r4, pc}

10004f08 <usb_reset_interface_init>:
10004f08:	4770      	bx	lr
10004f0a:	46c0      	nop			@ (mov r8, r8)

10004f0c <usb_reset_interface_reset>:
10004f0c:	2200      	movs	r2, #0
10004f0e:	4b01      	ldr	r3, [pc, #4]	@ (10004f14 <usb_reset_interface_reset+0x8>)
10004f10:	701a      	strb	r2, [r3, #0]
10004f12:	4770      	bx	lr
10004f14:	20002a4b 	.word	0x20002a4b

10004f18 <usb_reset_interface_open>:
10004f18:	794b      	ldrb	r3, [r1, #5]
10004f1a:	2000      	movs	r0, #0
10004f1c:	2bff      	cmp	r3, #255	@ 0xff
10004f1e:	d10b      	bne.n	10004f38 <usb_reset_interface_open+0x20>
10004f20:	798b      	ldrb	r3, [r1, #6]
10004f22:	2b00      	cmp	r3, #0
10004f24:	d108      	bne.n	10004f38 <usb_reset_interface_open+0x20>
10004f26:	79cb      	ldrb	r3, [r1, #7]
10004f28:	2b01      	cmp	r3, #1
10004f2a:	d105      	bne.n	10004f38 <usb_reset_interface_open+0x20>
10004f2c:	2a08      	cmp	r2, #8
10004f2e:	d903      	bls.n	10004f38 <usb_reset_interface_open+0x20>
10004f30:	4b02      	ldr	r3, [pc, #8]	@ (10004f3c <usb_reset_interface_open+0x24>)
10004f32:	788a      	ldrb	r2, [r1, #2]
10004f34:	3009      	adds	r0, #9
10004f36:	701a      	strb	r2, [r3, #0]
10004f38:	4770      	bx	lr
10004f3a:	46c0      	nop			@ (mov r8, r8)
10004f3c:	20002a4b 	.word	0x20002a4b

10004f40 <usb_reset_interface_xfer_cb>:
10004f40:	2001      	movs	r0, #1
10004f42:	4770      	bx	lr

10004f44 <usb_reset_interface_control_xfer_cb>:
10004f44:	b510      	push	{r4, lr}
10004f46:	2901      	cmp	r1, #1
10004f48:	d113      	bne.n	10004f72 <usb_reset_interface_control_xfer_cb+0x2e>
10004f4a:	4915      	ldr	r1, [pc, #84]	@ (10004fa0 <usb_reset_interface_control_xfer_cb+0x5c>)
10004f4c:	7953      	ldrb	r3, [r2, #5]
10004f4e:	7910      	ldrb	r0, [r2, #4]
10004f50:	7809      	ldrb	r1, [r1, #0]
10004f52:	021b      	lsls	r3, r3, #8
10004f54:	4303      	orrs	r3, r0
10004f56:	2000      	movs	r0, #0
10004f58:	4299      	cmp	r1, r3
10004f5a:	d000      	beq.n	10004f5e <usb_reset_interface_control_xfer_cb+0x1a>
10004f5c:	bd10      	pop	{r4, pc}
10004f5e:	7853      	ldrb	r3, [r2, #1]
10004f60:	2b01      	cmp	r3, #1
10004f62:	d008      	beq.n	10004f76 <usb_reset_interface_control_xfer_cb+0x32>
10004f64:	2b02      	cmp	r3, #2
10004f66:	d1f9      	bne.n	10004f5c <usb_reset_interface_control_xfer_cb+0x18>
10004f68:	2264      	movs	r2, #100	@ 0x64
10004f6a:	2100      	movs	r1, #0
10004f6c:	2000      	movs	r0, #0
10004f6e:	f7fc fdc9 	bl	10001b04 <watchdog_reboot>
10004f72:	2001      	movs	r0, #1
10004f74:	e7f2      	b.n	10004f5c <usb_reset_interface_control_xfer_cb+0x18>
10004f76:	78d1      	ldrb	r1, [r2, #3]
10004f78:	7893      	ldrb	r3, [r2, #2]
10004f7a:	0209      	lsls	r1, r1, #8
10004f7c:	4319      	orrs	r1, r3
10004f7e:	2380      	movs	r3, #128	@ 0x80
10004f80:	000a      	movs	r2, r1
10004f82:	005b      	lsls	r3, r3, #1
10004f84:	401a      	ands	r2, r3
10004f86:	4219      	tst	r1, r3
10004f88:	d006      	beq.n	10004f98 <usb_reset_interface_control_xfer_cb+0x54>
10004f8a:	060a      	lsls	r2, r1, #24
10004f8c:	0fd2      	lsrs	r2, r2, #31
10004f8e:	0a48      	lsrs	r0, r1, #9
10004f90:	2303      	movs	r3, #3
10004f92:	4019      	ands	r1, r3
10004f94:	f7fc fe3e 	bl	10001c14 <rom_reset_usb_boot_extra>
10004f98:	2001      	movs	r0, #1
10004f9a:	4240      	negs	r0, r0
10004f9c:	e7f8      	b.n	10004f90 <usb_reset_interface_control_xfer_cb+0x4c>
10004f9e:	46c0      	nop			@ (mov r8, r8)
10004fa0:	20002a4b 	.word	0x20002a4b

10004fa4 <tud_descriptor_bos_cb>:
10004fa4:	4800      	ldr	r0, [pc, #0]	@ (10004fa8 <tud_descriptor_bos_cb+0x4>)
10004fa6:	4770      	bx	lr
10004fa8:	10008280 	.word	0x10008280

10004fac <tud_vendor_control_xfer_cb>:
10004fac:	4694      	mov	ip, r2
10004fae:	2301      	movs	r3, #1
10004fb0:	b510      	push	{r4, lr}
10004fb2:	2901      	cmp	r1, #1
10004fb4:	d10a      	bne.n	10004fcc <tud_vendor_control_xfer_cb+0x20>
10004fb6:	7852      	ldrb	r2, [r2, #1]
10004fb8:	2300      	movs	r3, #0
10004fba:	2a01      	cmp	r2, #1
10004fbc:	d106      	bne.n	10004fcc <tud_vendor_control_xfer_cb+0x20>
10004fbe:	4662      	mov	r2, ip
10004fc0:	7911      	ldrb	r1, [r2, #4]
10004fc2:	7952      	ldrb	r2, [r2, #5]
10004fc4:	0212      	lsls	r2, r2, #8
10004fc6:	430a      	orrs	r2, r1
10004fc8:	2a07      	cmp	r2, #7
10004fca:	d001      	beq.n	10004fd0 <tud_vendor_control_xfer_cb+0x24>
10004fcc:	0018      	movs	r0, r3
10004fce:	bd10      	pop	{r4, pc}
10004fd0:	33a6      	adds	r3, #166	@ 0xa6
10004fd2:	4661      	mov	r1, ip
10004fd4:	4a02      	ldr	r2, [pc, #8]	@ (10004fe0 <tud_vendor_control_xfer_cb+0x34>)
10004fd6:	f000 feeb 	bl	10005db0 <tud_control_xfer>
10004fda:	0003      	movs	r3, r0
10004fdc:	e7f6      	b.n	10004fcc <tud_vendor_control_xfer_cb+0x20>
10004fde:	46c0      	nop			@ (mov r8, r8)
10004fe0:	100081d8 	.word	0x100081d8

10004fe4 <usbd_app_driver_get_cb>:
10004fe4:	2301      	movs	r3, #1
10004fe6:	7003      	strb	r3, [r0, #0]
10004fe8:	4800      	ldr	r0, [pc, #0]	@ (10004fec <usbd_app_driver_get_cb+0x8>)
10004fea:	4770      	bx	lr
10004fec:	100082a4 	.word	0x100082a4

10004ff0 <tud_cdc_line_coding_cb>:
10004ff0:	784b      	ldrb	r3, [r1, #1]
10004ff2:	780a      	ldrb	r2, [r1, #0]
10004ff4:	021b      	lsls	r3, r3, #8
10004ff6:	4313      	orrs	r3, r2
10004ff8:	788a      	ldrb	r2, [r1, #2]
10004ffa:	b510      	push	{r4, lr}
10004ffc:	0412      	lsls	r2, r2, #16
10004ffe:	431a      	orrs	r2, r3
10005000:	78cb      	ldrb	r3, [r1, #3]
10005002:	061b      	lsls	r3, r3, #24
10005004:	4313      	orrs	r3, r2
10005006:	2296      	movs	r2, #150	@ 0x96
10005008:	00d2      	lsls	r2, r2, #3
1000500a:	4293      	cmp	r3, r2
1000500c:	d000      	beq.n	10005010 <tud_cdc_line_coding_cb+0x20>
1000500e:	bd10      	pop	{r4, pc}
10005010:	2200      	movs	r2, #0
10005012:	2001      	movs	r0, #1
10005014:	0011      	movs	r1, r2
10005016:	4240      	negs	r0, r0
10005018:	f7fc fdfc 	bl	10001c14 <rom_reset_usb_boot_extra>

1000501c <dcd_init>:
1000501c:	b5f8      	push	{r3, r4, r5, r6, r7, lr}
1000501e:	f000 f93b 	bl	10005298 <rp2040_usb_init>
10005022:	230c      	movs	r3, #12
10005024:	4d19      	ldr	r5, [pc, #100]	@ (1000508c <dcd_init+0x70>)
10005026:	22ff      	movs	r2, #255	@ 0xff
10005028:	67ab      	str	r3, [r5, #120]	@ 0x78
1000502a:	2005      	movs	r0, #5
1000502c:	4918      	ldr	r1, [pc, #96]	@ (10005090 <dcd_init+0x74>)
1000502e:	f7fb fe01 	bl	10000c34 <irq_add_shared_handler>
10005032:	4c18      	ldr	r4, [pc, #96]	@ (10005094 <dcd_init+0x78>)
10005034:	2240      	movs	r2, #64	@ 0x40
10005036:	2100      	movs	r1, #0
10005038:	0020      	movs	r0, r4
1000503a:	f7fd fdf5 	bl	10002c28 <__wrap_memset>
1000503e:	2740      	movs	r7, #64	@ 0x40
10005040:	2300      	movs	r3, #0
10005042:	2601      	movs	r6, #1
10005044:	2121      	movs	r1, #33	@ 0x21
10005046:	4a14      	ldr	r2, [pc, #80]	@ (10005098 <dcd_init+0x7c>)
10005048:	7066      	strb	r6, [r4, #1]
1000504a:	8327      	strh	r7, [r4, #24]
1000504c:	60a2      	str	r2, [r4, #8]
1000504e:	6013      	str	r3, [r2, #0]
10005050:	5463      	strb	r3, [r4, r1]
10005052:	315f      	adds	r1, #95	@ 0x5f
10005054:	8461      	strh	r1, [r4, #34]	@ 0x22
10005056:	3945      	subs	r1, #69	@ 0x45
10005058:	5463      	strb	r3, [r4, r1]
1000505a:	4a10      	ldr	r2, [pc, #64]	@ (1000509c <dcd_init+0x80>)
1000505c:	4910      	ldr	r1, [pc, #64]	@ (100050a0 <dcd_init+0x84>)
1000505e:	6063      	str	r3, [r4, #4]
10005060:	60e2      	str	r2, [r4, #12]
10005062:	8727      	strh	r7, [r4, #56]	@ 0x38
10005064:	62a1      	str	r1, [r4, #40]	@ 0x28
10005066:	600b      	str	r3, [r1, #0]
10005068:	6263      	str	r3, [r4, #36]	@ 0x24
1000506a:	62e2      	str	r2, [r4, #44]	@ 0x2c
1000506c:	f001 ff38 	bl	10006ee0 <__reset_non_control_endpoints_veneer>
10005070:	2380      	movs	r3, #128	@ 0x80
10005072:	059b      	lsls	r3, r3, #22
10005074:	642e      	str	r6, [r5, #64]	@ 0x40
10005076:	64eb      	str	r3, [r5, #76]	@ 0x4c
10005078:	2390      	movs	r3, #144	@ 0x90
1000507a:	4a0a      	ldr	r2, [pc, #40]	@ (100050a4 <dcd_init+0x88>)
1000507c:	2001      	movs	r0, #1
1000507e:	50ea      	str	r2, [r5, r3]
10005080:	2280      	movs	r2, #128	@ 0x80
10005082:	4b09      	ldr	r3, [pc, #36]	@ (100050a8 <dcd_init+0x8c>)
10005084:	0252      	lsls	r2, r2, #9
10005086:	64da      	str	r2, [r3, #76]	@ 0x4c
10005088:	bdf8      	pop	{r3, r4, r5, r6, r7, pc}
1000508a:	46c0      	nop			@ (mov r8, r8)
1000508c:	50110000 	.word	0x50110000
10005090:	200004c1 	.word	0x200004c1
10005094:	20001800 	.word	0x20001800
10005098:	50100084 	.word	0x50100084
1000509c:	50100100 	.word	0x50100100
100050a0:	50100080 	.word	0x50100080
100050a4:	0001d010 	.word	0x0001d010
100050a8:	50112000 	.word	0x50112000

100050ac <dcd_int_enable>:
100050ac:	b510      	push	{r4, lr}
100050ae:	2101      	movs	r1, #1
100050b0:	2005      	movs	r0, #5
100050b2:	f7fb fd5f 	bl	10000b74 <irq_set_enabled>
100050b6:	bd10      	pop	{r4, pc}

100050b8 <dcd_set_address>:
100050b8:	b510      	push	{r4, lr}
100050ba:	2200      	movs	r2, #0
100050bc:	2100      	movs	r1, #0
100050be:	4802      	ldr	r0, [pc, #8]	@ (100050c8 <dcd_set_address+0x10>)
100050c0:	f000 f90a 	bl	100052d8 <hw_endpoint_xfer_start>
100050c4:	bd10      	pop	{r4, pc}
100050c6:	46c0      	nop			@ (mov r8, r8)
100050c8:	20001820 	.word	0x20001820

100050cc <dcd_sof_enable>:
100050cc:	4b04      	ldr	r3, [pc, #16]	@ (100050e0 <dcd_sof_enable+0x14>)
100050ce:	7019      	strb	r1, [r3, #0]
100050d0:	2900      	cmp	r1, #0
100050d2:	d004      	beq.n	100050de <dcd_sof_enable+0x12>
100050d4:	2180      	movs	r1, #128	@ 0x80
100050d6:	2390      	movs	r3, #144	@ 0x90
100050d8:	4a02      	ldr	r2, [pc, #8]	@ (100050e4 <dcd_sof_enable+0x18>)
100050da:	0289      	lsls	r1, r1, #10
100050dc:	50d1      	str	r1, [r2, r3]
100050de:	4770      	bx	lr
100050e0:	20002a47 	.word	0x20002a47
100050e4:	50112000 	.word	0x50112000

100050e8 <dcd_edpt0_status_complete>:
100050e8:	780b      	ldrb	r3, [r1, #0]
100050ea:	065b      	lsls	r3, r3, #25
100050ec:	d000      	beq.n	100050f0 <dcd_edpt0_status_complete+0x8>
100050ee:	4770      	bx	lr
100050f0:	784b      	ldrb	r3, [r1, #1]
100050f2:	2b05      	cmp	r3, #5
100050f4:	d1fb      	bne.n	100050ee <dcd_edpt0_status_complete+0x6>
100050f6:	788a      	ldrb	r2, [r1, #2]
100050f8:	4b01      	ldr	r3, [pc, #4]	@ (10005100 <dcd_edpt0_status_complete+0x18>)
100050fa:	601a      	str	r2, [r3, #0]
100050fc:	e7f7      	b.n	100050ee <dcd_edpt0_status_complete+0x6>
100050fe:	46c0      	nop			@ (mov r8, r8)
10005100:	50110000 	.word	0x50110000

10005104 <dcd_edpt_open>:
10005104:	b5f8      	push	{r3, r4, r5, r6, r7, lr}
10005106:	46ce      	mov	lr, r9
10005108:	4647      	mov	r7, r8
1000510a:	78cb      	ldrb	r3, [r1, #3]
1000510c:	b580      	push	{r7, lr}
1000510e:	079b      	lsls	r3, r3, #30
10005110:	0f9a      	lsrs	r2, r3, #30
10005112:	0010      	movs	r0, r2
10005114:	2a01      	cmp	r2, #1
10005116:	d058      	beq.n	100051ca <dcd_edpt_open+0xc6>
10005118:	788c      	ldrb	r4, [r1, #2]
1000511a:	790a      	ldrb	r2, [r1, #4]
1000511c:	794b      	ldrb	r3, [r1, #5]
1000511e:	217f      	movs	r1, #127	@ 0x7f
10005120:	021b      	lsls	r3, r3, #8
10005122:	4021      	ands	r1, r4
10005124:	09e5      	lsrs	r5, r4, #7
10005126:	4313      	orrs	r3, r2
10005128:	004a      	lsls	r2, r1, #1
1000512a:	4691      	mov	r9, r2
1000512c:	4e2c      	ldr	r6, [pc, #176]	@ (100051e0 <dcd_edpt_open+0xdc>)
1000512e:	1952      	adds	r2, r2, r5
10005130:	0152      	lsls	r2, r2, #5
10005132:	18b2      	adds	r2, r6, r2
10005134:	7094      	strb	r4, [r2, #2]
10005136:	2401      	movs	r4, #1
10005138:	406c      	eors	r4, r5
1000513a:	7054      	strb	r4, [r2, #1]
1000513c:	2400      	movs	r4, #0
1000513e:	055b      	lsls	r3, r3, #21
10005140:	0d5b      	lsrs	r3, r3, #21
10005142:	70d4      	strb	r4, [r2, #3]
10005144:	8313      	strh	r3, [r2, #24]
10005146:	76d0      	strb	r0, [r2, #27]
10005148:	00ca      	lsls	r2, r1, #3
1000514a:	2d01      	cmp	r5, #1
1000514c:	d02c      	beq.n	100051a8 <dcd_edpt_open+0xa4>
1000514e:	4f25      	ldr	r7, [pc, #148]	@ (100051e4 <dcd_edpt_open+0xe0>)
10005150:	19d2      	adds	r2, r2, r7
10005152:	018f      	lsls	r7, r1, #6
10005154:	46bc      	mov	ip, r7
10005156:	44b4      	add	ip, r6
10005158:	4667      	mov	r7, ip
1000515a:	60ba      	str	r2, [r7, #8]
1000515c:	6014      	str	r4, [r2, #0]
1000515e:	2900      	cmp	r1, #0
10005160:	d02c      	beq.n	100051bc <dcd_edpt_open+0xb8>
10005162:	4a21      	ldr	r2, [pc, #132]	@ (100051e8 <dcd_edpt_open+0xe4>)
10005164:	00c9      	lsls	r1, r1, #3
10005166:	1889      	adds	r1, r1, r2
10005168:	6079      	str	r1, [r7, #4]
1000516a:	333f      	adds	r3, #63	@ 0x3f
1000516c:	099b      	lsrs	r3, r3, #6
1000516e:	2802      	cmp	r0, #2
10005170:	d032      	beq.n	100051d8 <dcd_edpt_open+0xd4>
10005172:	019a      	lsls	r2, r3, #6
10005174:	464b      	mov	r3, r9
10005176:	4c1d      	ldr	r4, [pc, #116]	@ (100051ec <dcd_edpt_open+0xe8>)
10005178:	195b      	adds	r3, r3, r5
1000517a:	6821      	ldr	r1, [r4, #0]
1000517c:	015b      	lsls	r3, r3, #5
1000517e:	18f6      	adds	r6, r6, r3
10005180:	4b1b      	ldr	r3, [pc, #108]	@ (100051f0 <dcd_edpt_open+0xec>)
10005182:	188a      	adds	r2, r1, r2
10005184:	60f1      	str	r1, [r6, #12]
10005186:	6022      	str	r2, [r4, #0]
10005188:	429a      	cmp	r2, r3
1000518a:	d827      	bhi.n	100051dc <dcd_edpt_open+0xd8>
1000518c:	4a19      	ldr	r2, [pc, #100]	@ (100051f4 <dcd_edpt_open+0xf0>)
1000518e:	0683      	lsls	r3, r0, #26
10005190:	404a      	eors	r2, r1
10005192:	4313      	orrs	r3, r2
10005194:	2280      	movs	r2, #128	@ 0x80
10005196:	0612      	lsls	r2, r2, #24
10005198:	4313      	orrs	r3, r2
1000519a:	6872      	ldr	r2, [r6, #4]
1000519c:	6013      	str	r3, [r2, #0]
1000519e:	2001      	movs	r0, #1
100051a0:	bcc0      	pop	{r6, r7}
100051a2:	46b9      	mov	r9, r7
100051a4:	46b0      	mov	r8, r6
100051a6:	bdf8      	pop	{r3, r4, r5, r6, r7, pc}
100051a8:	4f13      	ldr	r7, [pc, #76]	@ (100051f8 <dcd_edpt_open+0xf4>)
100051aa:	19d2      	adds	r2, r2, r7
100051ac:	018f      	lsls	r7, r1, #6
100051ae:	46bc      	mov	ip, r7
100051b0:	44b4      	add	ip, r6
100051b2:	4667      	mov	r7, ip
100051b4:	62ba      	str	r2, [r7, #40]	@ 0x28
100051b6:	6014      	str	r4, [r2, #0]
100051b8:	2900      	cmp	r1, #0
100051ba:	d108      	bne.n	100051ce <dcd_edpt_open+0xca>
100051bc:	2300      	movs	r3, #0
100051be:	016d      	lsls	r5, r5, #5
100051c0:	1975      	adds	r5, r6, r5
100051c2:	606b      	str	r3, [r5, #4]
100051c4:	4b0d      	ldr	r3, [pc, #52]	@ (100051fc <dcd_edpt_open+0xf8>)
100051c6:	60eb      	str	r3, [r5, #12]
100051c8:	e7e9      	b.n	1000519e <dcd_edpt_open+0x9a>
100051ca:	2000      	movs	r0, #0
100051cc:	e7e8      	b.n	100051a0 <dcd_edpt_open+0x9c>
100051ce:	4a09      	ldr	r2, [pc, #36]	@ (100051f4 <dcd_edpt_open+0xf0>)
100051d0:	00c9      	lsls	r1, r1, #3
100051d2:	1889      	adds	r1, r1, r2
100051d4:	6279      	str	r1, [r7, #36]	@ 0x24
100051d6:	e7c8      	b.n	1000516a <dcd_edpt_open+0x66>
100051d8:	01da      	lsls	r2, r3, #7
100051da:	e7cb      	b.n	10005174 <dcd_edpt_open+0x70>
100051dc:	f7fc fd42 	bl	10001c64 <hard_assertion_failure>
100051e0:	20001800 	.word	0x20001800
100051e4:	50100084 	.word	0x50100084
100051e8:	50100004 	.word	0x50100004
100051ec:	20001ccc 	.word	0x20001ccc
100051f0:	50100fff 	.word	0x50100fff
100051f4:	50100000 	.word	0x50100000
100051f8:	50100080 	.word	0x50100080
100051fc:	50100100 	.word	0x50100100

10005200 <dcd_edpt_close_all>:
10005200:	b510      	push	{r4, lr}
10005202:	f001 fe6d 	bl	10006ee0 <__reset_non_control_endpoints_veneer>
10005206:	bd10      	pop	{r4, pc}

10005208 <dcd_edpt_xfer>:
10005208:	207f      	movs	r0, #127	@ 0x7f
1000520a:	b510      	push	{r4, lr}
1000520c:	4008      	ands	r0, r1
1000520e:	0040      	lsls	r0, r0, #1
10005210:	09c9      	lsrs	r1, r1, #7
10005212:	1840      	adds	r0, r0, r1
10005214:	0011      	movs	r1, r2
10005216:	4a04      	ldr	r2, [pc, #16]	@ (10005228 <dcd_edpt_xfer+0x20>)
10005218:	0140      	lsls	r0, r0, #5
1000521a:	1880      	adds	r0, r0, r2
1000521c:	001a      	movs	r2, r3
1000521e:	f000 f85b 	bl	100052d8 <hw_endpoint_xfer_start>
10005222:	2001      	movs	r0, #1
10005224:	bd10      	pop	{r4, pc}
10005226:	46c0      	nop			@ (mov r8, r8)
10005228:	20001800 	.word	0x20001800

1000522c <dcd_edpt_stall>:
1000522c:	237f      	movs	r3, #127	@ 0x7f
1000522e:	0018      	movs	r0, r3
10005230:	b500      	push	{lr}
10005232:	4008      	ands	r0, r1
10005234:	b083      	sub	sp, #12
10005236:	420b      	tst	r3, r1
10005238:	d104      	bne.n	10005244 <dcd_edpt_stall+0x18>
1000523a:	424b      	negs	r3, r1
1000523c:	414b      	adcs	r3, r1
1000523e:	4a08      	ldr	r2, [pc, #32]	@ (10005260 <dcd_edpt_stall+0x34>)
10005240:	3301      	adds	r3, #1
10005242:	6693      	str	r3, [r2, #104]	@ 0x68
10005244:	2280      	movs	r2, #128	@ 0x80
10005246:	09c9      	lsrs	r1, r1, #7
10005248:	0040      	lsls	r0, r0, #1
1000524a:	4b06      	ldr	r3, [pc, #24]	@ (10005264 <dcd_edpt_stall+0x38>)
1000524c:	1840      	adds	r0, r0, r1
1000524e:	0140      	lsls	r0, r0, #5
10005250:	2100      	movs	r1, #0
10005252:	18c0      	adds	r0, r0, r3
10005254:	0112      	lsls	r2, r2, #4
10005256:	f001 fe53 	bl	10006f00 <___hw_endpoint_buffer_control_update32_veneer>
1000525a:	b003      	add	sp, #12
1000525c:	bd00      	pop	{pc}
1000525e:	46c0      	nop			@ (mov r8, r8)
10005260:	50112000 	.word	0x50112000
10005264:	20001800 	.word	0x20001800

10005268 <dcd_edpt_clear_stall>:
10005268:	227f      	movs	r2, #127	@ 0x7f
1000526a:	0013      	movs	r3, r2
1000526c:	b510      	push	{r4, lr}
1000526e:	400b      	ands	r3, r1
10005270:	420a      	tst	r2, r1
10005272:	d100      	bne.n	10005276 <dcd_edpt_clear_stall+0xe>
10005274:	bd10      	pop	{r4, pc}
10005276:	09c9      	lsrs	r1, r1, #7
10005278:	005b      	lsls	r3, r3, #1
1000527a:	185b      	adds	r3, r3, r1
1000527c:	4804      	ldr	r0, [pc, #16]	@ (10005290 <dcd_edpt_clear_stall+0x28>)
1000527e:	015b      	lsls	r3, r3, #5
10005280:	18c0      	adds	r0, r0, r3
10005282:	2300      	movs	r3, #0
10005284:	2200      	movs	r2, #0
10005286:	4903      	ldr	r1, [pc, #12]	@ (10005294 <dcd_edpt_clear_stall+0x2c>)
10005288:	70c3      	strb	r3, [r0, #3]
1000528a:	f001 fe39 	bl	10006f00 <___hw_endpoint_buffer_control_update32_veneer>
1000528e:	e7f1      	b.n	10005274 <dcd_edpt_clear_stall+0xc>
10005290:	20001800 	.word	0x20001800
10005294:	fffff7ff 	.word	0xfffff7ff

10005298 <rp2040_usb_init>:
10005298:	2280      	movs	r2, #128	@ 0x80
1000529a:	4b0a      	ldr	r3, [pc, #40]	@ (100052c4 <rp2040_usb_init+0x2c>)
1000529c:	0452      	lsls	r2, r2, #17
1000529e:	b510      	push	{r4, lr}
100052a0:	601a      	str	r2, [r3, #0]
100052a2:	4b09      	ldr	r3, [pc, #36]	@ (100052c8 <rp2040_usb_init+0x30>)
100052a4:	4909      	ldr	r1, [pc, #36]	@ (100052cc <rp2040_usb_init+0x34>)
100052a6:	601a      	str	r2, [r3, #0]
100052a8:	0010      	movs	r0, r2
100052aa:	680b      	ldr	r3, [r1, #0]
100052ac:	4398      	bics	r0, r3
100052ae:	d1fb      	bne.n	100052a8 <rp2040_usb_init+0x10>
100052b0:	2280      	movs	r2, #128	@ 0x80
100052b2:	2100      	movs	r1, #0
100052b4:	0152      	lsls	r2, r2, #5
100052b6:	4806      	ldr	r0, [pc, #24]	@ (100052d0 <rp2040_usb_init+0x38>)
100052b8:	f7fd fcb6 	bl	10002c28 <__wrap_memset>
100052bc:	2209      	movs	r2, #9
100052be:	4b05      	ldr	r3, [pc, #20]	@ (100052d4 <rp2040_usb_init+0x3c>)
100052c0:	675a      	str	r2, [r3, #116]	@ 0x74
100052c2:	bd10      	pop	{r4, pc}
100052c4:	4000e000 	.word	0x4000e000
100052c8:	4000f000 	.word	0x4000f000
100052cc:	4000c008 	.word	0x4000c008
100052d0:	50100000 	.word	0x50100000
100052d4:	50110000 	.word	0x50110000

100052d8 <hw_endpoint_xfer_start>:
100052d8:	2300      	movs	r3, #0
100052da:	b510      	push	{r4, lr}
100052dc:	82c3      	strh	r3, [r0, #22]
100052de:	3301      	adds	r3, #1
100052e0:	8282      	strh	r2, [r0, #20]
100052e2:	7683      	strb	r3, [r0, #26]
100052e4:	6101      	str	r1, [r0, #16]
100052e6:	0004      	movs	r4, r0
100052e8:	f001 fdba 	bl	10006e60 <__e15_is_bulkin_ep_veneer>
100052ec:	2800      	cmp	r0, #0
100052ee:	d004      	beq.n	100052fa <hw_endpoint_xfer_start+0x22>
100052f0:	2180      	movs	r1, #128	@ 0x80
100052f2:	2390      	movs	r3, #144	@ 0x90
100052f4:	4a07      	ldr	r2, [pc, #28]	@ (10005314 <hw_endpoint_xfer_start+0x3c>)
100052f6:	0289      	lsls	r1, r1, #10
100052f8:	50d1      	str	r1, [r2, r3]
100052fa:	0020      	movs	r0, r4
100052fc:	f001 fdb8 	bl	10006e70 <__e15_is_critical_frame_period_veneer>
10005300:	2800      	cmp	r0, #0
10005302:	d002      	beq.n	1000530a <hw_endpoint_xfer_start+0x32>
10005304:	2301      	movs	r3, #1
10005306:	7723      	strb	r3, [r4, #28]
10005308:	bd10      	pop	{r4, pc}
1000530a:	0020      	movs	r0, r4
1000530c:	f001 fdc8 	bl	10006ea0 <__hw_endpoint_start_next_buffer_veneer>
10005310:	e7fa      	b.n	10005308 <hw_endpoint_xfer_start+0x30>
10005312:	46c0      	nop			@ (mov r8, r8)
10005314:	50112000 	.word	0x50112000

10005318 <tud_event_hook_cb>:
10005318:	4770      	bx	lr
1000531a:	46c0      	nop			@ (mov r8, r8)

1000531c <tud_sof_cb>:
1000531c:	4770      	bx	lr
1000531e:	46c0      	nop			@ (mov r8, r8)

10005320 <tud_descriptor_device_qualifier_cb>:
10005320:	2000      	movs	r0, #0
10005322:	4770      	bx	lr

10005324 <tud_descriptor_other_speed_configuration_cb>:
10005324:	2000      	movs	r0, #0
10005326:	4770      	bx	lr

10005328 <tud_mount_cb>:
10005328:	4770      	bx	lr
1000532a:	46c0      	nop			@ (mov r8, r8)

1000532c <tud_umount_cb>:
1000532c:	4770      	bx	lr
1000532e:	46c0      	nop			@ (mov r8, r8)

10005330 <tud_suspend_cb>:
10005330:	4770      	bx	lr
10005332:	46c0      	nop			@ (mov r8, r8)

10005334 <tud_resume_cb>:
10005334:	4770      	bx	lr
10005336:	46c0      	nop			@ (mov r8, r8)

10005338 <tud_mounted>:
10005338:	4b02      	ldr	r3, [pc, #8]	@ (10005344 <tud_mounted+0xc>)
1000533a:	7858      	ldrb	r0, [r3, #1]
1000533c:	1e43      	subs	r3, r0, #1
1000533e:	4198      	sbcs	r0, r3
10005340:	b2c0      	uxtb	r0, r0
10005342:	4770      	bx	lr
10005344:	20001568 	.word	0x20001568

10005348 <tud_suspended>:
10005348:	4b02      	ldr	r3, [pc, #8]	@ (10005354 <tud_suspended+0xc>)
1000534a:	7818      	ldrb	r0, [r3, #0]
1000534c:	0740      	lsls	r0, r0, #29
1000534e:	0fc0      	lsrs	r0, r0, #31
10005350:	4770      	bx	lr
10005352:	46c0      	nop			@ (mov r8, r8)
10005354:	20001568 	.word	0x20001568

10005358 <tud_rhport_init>:
10005358:	b5f0      	push	{r4, r5, r6, r7, lr}
1000535a:	46d6      	mov	lr, sl
1000535c:	464f      	mov	r7, r9
1000535e:	4646      	mov	r6, r8
10005360:	b5c0      	push	{r6, r7, lr}
10005362:	4b2c      	ldr	r3, [pc, #176]	@ (10005414 <tud_rhport_init+0xbc>)
10005364:	4681      	mov	r9, r0
10005366:	4698      	mov	r8, r3
10005368:	781b      	ldrb	r3, [r3, #0]
1000536a:	468a      	mov	sl, r1
1000536c:	2bff      	cmp	r3, #255	@ 0xff
1000536e:	d14b      	bne.n	10005408 <tud_rhport_init+0xb0>
10005370:	2900      	cmp	r1, #0
10005372:	d03b      	beq.n	100053ec <tud_rhport_init+0x94>
10005374:	2100      	movs	r1, #0
10005376:	2254      	movs	r2, #84	@ 0x54
10005378:	4827      	ldr	r0, [pc, #156]	@ (10005418 <tud_rhport_init+0xc0>)
1000537a:	f7fd fc55 	bl	10002c28 <__wrap_memset>
1000537e:	2200      	movs	r2, #0
10005380:	4c26      	ldr	r4, [pc, #152]	@ (1000541c <tud_rhport_init+0xc4>)
10005382:	4b27      	ldr	r3, [pc, #156]	@ (10005420 <tud_rhport_init+0xc8>)
10005384:	0020      	movs	r0, r4
10005386:	701a      	strb	r2, [r3, #0]
10005388:	f7fb fdda 	bl	10000f40 <mutex_init>
1000538c:	4b25      	ldr	r3, [pc, #148]	@ (10005424 <tud_rhport_init+0xcc>)
1000538e:	601c      	str	r4, [r3, #0]
10005390:	4c25      	ldr	r4, [pc, #148]	@ (10005428 <tud_rhport_init+0xd0>)
10005392:	0020      	movs	r0, r4
10005394:	3c14      	subs	r4, #20
10005396:	f7fb fde1 	bl	10000f5c <critical_section_init>
1000539a:	0020      	movs	r0, r4
1000539c:	f001 fb98 	bl	10006ad0 <tu_fifo_clear>
100053a0:	4b22      	ldr	r3, [pc, #136]	@ (1000542c <tud_rhport_init+0xd4>)
100053a2:	4d23      	ldr	r5, [pc, #140]	@ (10005430 <tud_rhport_init+0xd8>)
100053a4:	601c      	str	r4, [r3, #0]
100053a6:	4b23      	ldr	r3, [pc, #140]	@ (10005434 <tud_rhport_init+0xdc>)
100053a8:	2b00      	cmp	r3, #0
100053aa:	d004      	beq.n	100053b6 <tud_rhport_init+0x5e>
100053ac:	0028      	movs	r0, r5
100053ae:	f7ff fe19 	bl	10004fe4 <usbd_app_driver_get_cb>
100053b2:	4b21      	ldr	r3, [pc, #132]	@ (10005438 <tud_rhport_init+0xe0>)
100053b4:	6018      	str	r0, [r3, #0]
100053b6:	2400      	movs	r4, #0
100053b8:	782b      	ldrb	r3, [r5, #0]
100053ba:	4f20      	ldr	r7, [pc, #128]	@ (1000543c <tud_rhport_init+0xe4>)
100053bc:	4e1e      	ldr	r6, [pc, #120]	@ (10005438 <tud_rhport_init+0xe0>)
100053be:	e00d      	b.n	100053dc <tud_rhport_init+0x84>
100053c0:	6833      	ldr	r3, [r6, #0]
100053c2:	0162      	lsls	r2, r4, #5
100053c4:	189b      	adds	r3, r3, r2
100053c6:	2b00      	cmp	r3, #0
100053c8:	d010      	beq.n	100053ec <tud_rhport_init+0x94>
100053ca:	685b      	ldr	r3, [r3, #4]
100053cc:	2b00      	cmp	r3, #0
100053ce:	d00d      	beq.n	100053ec <tud_rhport_init+0x94>
100053d0:	4798      	blx	r3
100053d2:	3401      	adds	r4, #1
100053d4:	782b      	ldrb	r3, [r5, #0]
100053d6:	b2e4      	uxtb	r4, r4
100053d8:	42a3      	cmp	r3, r4
100053da:	d309      	bcc.n	100053f0 <tud_rhport_init+0x98>
100053dc:	42a3      	cmp	r3, r4
100053de:	d8ef      	bhi.n	100053c0 <tud_rhport_init+0x68>
100053e0:	1ae3      	subs	r3, r4, r3
100053e2:	015b      	lsls	r3, r3, #5
100053e4:	19db      	adds	r3, r3, r7
100053e6:	685b      	ldr	r3, [r3, #4]
100053e8:	2b00      	cmp	r3, #0
100053ea:	d1f1      	bne.n	100053d0 <tud_rhport_init+0x78>
100053ec:	2000      	movs	r0, #0
100053ee:	e00c      	b.n	1000540a <tud_rhport_init+0xb2>
100053f0:	4642      	mov	r2, r8
100053f2:	464b      	mov	r3, r9
100053f4:	4651      	mov	r1, sl
100053f6:	4648      	mov	r0, r9
100053f8:	7013      	strb	r3, [r2, #0]
100053fa:	f7ff fe0f 	bl	1000501c <dcd_init>
100053fe:	2800      	cmp	r0, #0
10005400:	d0f4      	beq.n	100053ec <tud_rhport_init+0x94>
10005402:	4648      	mov	r0, r9
10005404:	f7ff fe52 	bl	100050ac <dcd_int_enable>
10005408:	2001      	movs	r0, #1
1000540a:	bce0      	pop	{r5, r6, r7}
1000540c:	46ba      	mov	sl, r7
1000540e:	46b1      	mov	r9, r6
10005410:	46a8      	mov	r8, r5
10005412:	bdf0      	pop	{r4, r5, r6, r7, pc}
10005414:	20001024 	.word	0x20001024
10005418:	20001568 	.word	0x20001568
1000541c:	20001560 	.word	0x20001560
10005420:	20002a48 	.word	0x20002a48
10005424:	200015bc 	.word	0x200015bc
10005428:	2000101c 	.word	0x2000101c
1000542c:	200015c0 	.word	0x200015c0
10005430:	20002a46 	.word	0x20002a46
10005434:	10004fe5 	.word	0x10004fe5
10005438:	20001480 	.word	0x20001480
1000543c:	1000836c 	.word	0x1000836c

10005440 <tud_task_ext>:
10005440:	b5f0      	push	{r4, r5, r6, r7, lr}
10005442:	46de      	mov	lr, fp
10005444:	4657      	mov	r7, sl
10005446:	464e      	mov	r6, r9
10005448:	4645      	mov	r5, r8
1000544a:	b5e0      	push	{r5, r6, r7, lr}
1000544c:	4bc8      	ldr	r3, [pc, #800]	@ (10005770 <tud_task_ext+0x330>)
1000544e:	b091      	sub	sp, #68	@ 0x44
10005450:	9303      	str	r3, [sp, #12]
10005452:	781b      	ldrb	r3, [r3, #0]
10005454:	2bff      	cmp	r3, #255	@ 0xff
10005456:	d100      	bne.n	1000545a <tud_task_ext+0x1a>
10005458:	e142      	b.n	100056e0 <tud_task_ext+0x2a0>
1000545a:	4bc6      	ldr	r3, [pc, #792]	@ (10005774 <tud_task_ext+0x334>)
1000545c:	4ec6      	ldr	r6, [pc, #792]	@ (10005778 <tud_task_ext+0x338>)
1000545e:	001f      	movs	r7, r3
10005460:	4bc6      	ldr	r3, [pc, #792]	@ (1000577c <tud_task_ext+0x33c>)
10005462:	ac0d      	add	r4, sp, #52	@ 0x34
10005464:	9302      	str	r3, [sp, #8]
10005466:	4bc6      	ldr	r3, [pc, #792]	@ (10005780 <tud_task_ext+0x340>)
10005468:	9301      	str	r3, [sp, #4]
1000546a:	6835      	ldr	r5, [r6, #0]
1000546c:	696a      	ldr	r2, [r5, #20]
1000546e:	f3ef 8110 	mrs	r1, PRIMASK
10005472:	b672      	cpsid	i
10005474:	6813      	ldr	r3, [r2, #0]
10005476:	2b00      	cmp	r3, #0
10005478:	d0fc      	beq.n	10005474 <tud_task_ext+0x34>
1000547a:	f3bf 8f5f 	dmb	sy
1000547e:	61a9      	str	r1, [r5, #24]
10005480:	0028      	movs	r0, r5
10005482:	0021      	movs	r1, r4
10005484:	f001 f95a 	bl	1000673c <tu_fifo_read>
10005488:	696a      	ldr	r2, [r5, #20]
1000548a:	69ab      	ldr	r3, [r5, #24]
1000548c:	f3bf 8f5f 	dmb	sy
10005490:	2100      	movs	r1, #0
10005492:	6011      	str	r1, [r2, #0]
10005494:	f383 8810 	msr	PRIMASK, r3
10005498:	2800      	cmp	r0, #0
1000549a:	d100      	bne.n	1000549e <tud_task_ext+0x5e>
1000549c:	e120      	b.n	100056e0 <tud_task_ext+0x2a0>
1000549e:	7863      	ldrb	r3, [r4, #1]
100054a0:	2b08      	cmp	r3, #8
100054a2:	d8e2      	bhi.n	1000546a <tud_task_ext+0x2a>
100054a4:	009b      	lsls	r3, r3, #2
100054a6:	58fb      	ldr	r3, [r7, r3]
100054a8:	469f      	mov	pc, r3
100054aa:	6863      	ldr	r3, [r4, #4]
100054ac:	2b00      	cmp	r3, #0
100054ae:	d0dc      	beq.n	1000546a <tud_task_ext+0x2a>
100054b0:	68a0      	ldr	r0, [r4, #8]
100054b2:	4798      	blx	r3
100054b4:	e7d9      	b.n	1000546a <tud_task_ext+0x2a>
100054b6:	227f      	movs	r2, #127	@ 0x7f
100054b8:	7921      	ldrb	r1, [r4, #4]
100054ba:	4db0      	ldr	r5, [pc, #704]	@ (1000577c <tud_task_ext+0x33c>)
100054bc:	400a      	ands	r2, r1
100054be:	0053      	lsls	r3, r2, #1
100054c0:	18eb      	adds	r3, r5, r3
100054c2:	4698      	mov	r8, r3
100054c4:	09c8      	lsrs	r0, r1, #7
100054c6:	4480      	add	r8, r0
100054c8:	4640      	mov	r0, r8
100054ca:	2301      	movs	r3, #1
100054cc:	3030      	adds	r0, #48	@ 0x30
100054ce:	7905      	ldrb	r5, [r0, #4]
100054d0:	439d      	bics	r5, r3
100054d2:	7105      	strb	r5, [r0, #4]
100054d4:	7905      	ldrb	r5, [r0, #4]
100054d6:	3303      	adds	r3, #3
100054d8:	439d      	bics	r5, r3
100054da:	7105      	strb	r5, [r0, #4]
100054dc:	2a00      	cmp	r2, #0
100054de:	d100      	bne.n	100054e2 <tud_task_ext+0xa2>
100054e0:	e105      	b.n	100056ee <tud_task_ext+0x2ae>
100054e2:	4643      	mov	r3, r8
100054e4:	4aa7      	ldr	r2, [pc, #668]	@ (10005784 <tud_task_ext+0x344>)
100054e6:	7d1b      	ldrb	r3, [r3, #20]
100054e8:	7812      	ldrb	r2, [r2, #0]
100054ea:	4293      	cmp	r3, r2
100054ec:	d300      	bcc.n	100054f0 <tud_task_ext+0xb0>
100054ee:	e0f5      	b.n	100056dc <tud_task_ext+0x29c>
100054f0:	4aa5      	ldr	r2, [pc, #660]	@ (10005788 <tud_task_ext+0x348>)
100054f2:	015b      	lsls	r3, r3, #5
100054f4:	6815      	ldr	r5, [r2, #0]
100054f6:	18ed      	adds	r5, r5, r3
100054f8:	2d00      	cmp	r5, #0
100054fa:	d100      	bne.n	100054fe <tud_task_ext+0xbe>
100054fc:	e0f0      	b.n	100056e0 <tud_task_ext+0x2a0>
100054fe:	68a3      	ldr	r3, [r4, #8]
10005500:	7962      	ldrb	r2, [r4, #5]
10005502:	7820      	ldrb	r0, [r4, #0]
10005504:	69ad      	ldr	r5, [r5, #24]
10005506:	47a8      	blx	r5
10005508:	e7af      	b.n	1000546a <tud_task_ext+0x2a>
1000550a:	4ba0      	ldr	r3, [pc, #640]	@ (1000578c <tud_task_ext+0x34c>)
1000550c:	781a      	ldrb	r2, [r3, #0]
1000550e:	2a00      	cmp	r2, #0
10005510:	d100      	bne.n	10005514 <tud_task_ext+0xd4>
10005512:	e0e5      	b.n	100056e0 <tud_task_ext+0x2a0>
10005514:	781a      	ldrb	r2, [r3, #0]
10005516:	3a01      	subs	r2, #1
10005518:	701a      	strb	r2, [r3, #0]
1000551a:	781b      	ldrb	r3, [r3, #0]
1000551c:	2b00      	cmp	r3, #0
1000551e:	d1a4      	bne.n	1000546a <tud_task_ext+0x2a>
10005520:	2201      	movs	r2, #1
10005522:	4d96      	ldr	r5, [pc, #600]	@ (1000577c <tud_task_ext+0x33c>)
10005524:	2101      	movs	r1, #1
10005526:	782b      	ldrb	r3, [r5, #0]
10005528:	2004      	movs	r0, #4
1000552a:	4313      	orrs	r3, r2
1000552c:	702b      	strb	r3, [r5, #0]
1000552e:	2334      	movs	r3, #52	@ 0x34
10005530:	5cea      	ldrb	r2, [r5, r3]
10005532:	438a      	bics	r2, r1
10005534:	54ea      	strb	r2, [r5, r3]
10005536:	5cea      	ldrb	r2, [r5, r3]
10005538:	4382      	bics	r2, r0
1000553a:	54ea      	strb	r2, [r5, r3]
1000553c:	3301      	adds	r3, #1
1000553e:	5cea      	ldrb	r2, [r5, r3]
10005540:	438a      	bics	r2, r1
10005542:	54ea      	strb	r2, [r5, r3]
10005544:	5cea      	ldrb	r2, [r5, r3]
10005546:	4382      	bics	r2, r0
10005548:	54ea      	strb	r2, [r5, r3]
1000554a:	7823      	ldrb	r3, [r4, #0]
1000554c:	2000      	movs	r0, #0
1000554e:	469b      	mov	fp, r3
10005550:	f000 fc88 	bl	10005e64 <usbd_control_set_complete_callback>
10005554:	2260      	movs	r2, #96	@ 0x60
10005556:	7923      	ldrb	r3, [r4, #4]
10005558:	401a      	ands	r2, r3
1000555a:	2a60      	cmp	r2, #96	@ 0x60
1000555c:	d100      	bne.n	10005560 <tud_task_ext+0x120>
1000555e:	e0f1      	b.n	10005744 <tud_task_ext+0x304>
10005560:	2a40      	cmp	r2, #64	@ 0x40
10005562:	d100      	bne.n	10005566 <tud_task_ext+0x126>
10005564:	e0f7      	b.n	10005756 <tud_task_ext+0x316>
10005566:	06db      	lsls	r3, r3, #27
10005568:	0edb      	lsrs	r3, r3, #27
1000556a:	2b01      	cmp	r3, #1
1000556c:	d100      	bne.n	10005570 <tud_task_ext+0x130>
1000556e:	e115      	b.n	1000579c <tud_task_ext+0x35c>
10005570:	2b02      	cmp	r3, #2
10005572:	d100      	bne.n	10005576 <tud_task_ext+0x136>
10005574:	e0ca      	b.n	1000570c <tud_task_ext+0x2cc>
10005576:	2b00      	cmp	r3, #0
10005578:	d000      	beq.n	1000557c <tud_task_ext+0x13c>
1000557a:	e0e3      	b.n	10005744 <tud_task_ext+0x304>
1000557c:	2a20      	cmp	r2, #32
1000557e:	d100      	bne.n	10005582 <tud_task_ext+0x142>
10005580:	e211      	b.n	100059a6 <tud_task_ext+0x566>
10005582:	2a00      	cmp	r2, #0
10005584:	d000      	beq.n	10005588 <tud_task_ext+0x148>
10005586:	e0dd      	b.n	10005744 <tud_task_ext+0x304>
10005588:	7963      	ldrb	r3, [r4, #5]
1000558a:	2b09      	cmp	r3, #9
1000558c:	d900      	bls.n	10005590 <tud_task_ext+0x150>
1000558e:	e0d9      	b.n	10005744 <tud_task_ext+0x304>
10005590:	4a7f      	ldr	r2, [pc, #508]	@ (10005790 <tud_task_ext+0x350>)
10005592:	009b      	lsls	r3, r3, #2
10005594:	58d3      	ldr	r3, [r2, r3]
10005596:	469f      	mov	pc, r3
10005598:	4d78      	ldr	r5, [pc, #480]	@ (1000577c <tud_task_ext+0x33c>)
1000559a:	782b      	ldrb	r3, [r5, #0]
1000559c:	07db      	lsls	r3, r3, #31
1000559e:	d400      	bmi.n	100055a2 <tud_task_ext+0x162>
100055a0:	e763      	b.n	1000546a <tud_task_ext+0x2a>
100055a2:	f7ff fec7 	bl	10005334 <tud_resume_cb>
100055a6:	e760      	b.n	1000546a <tud_task_ext+0x2a>
100055a8:	9b02      	ldr	r3, [sp, #8]
100055aa:	78db      	ldrb	r3, [r3, #3]
100055ac:	07db      	lsls	r3, r3, #31
100055ae:	d400      	bmi.n	100055b2 <tud_task_ext+0x172>
100055b0:	e75b      	b.n	1000546a <tud_task_ext+0x2a>
100055b2:	6860      	ldr	r0, [r4, #4]
100055b4:	f7ff feb2 	bl	1000531c <tud_sof_cb>
100055b8:	e757      	b.n	1000546a <tud_task_ext+0x2a>
100055ba:	4d70      	ldr	r5, [pc, #448]	@ (1000577c <tud_task_ext+0x33c>)
100055bc:	782b      	ldrb	r3, [r5, #0]
100055be:	07db      	lsls	r3, r3, #31
100055c0:	d400      	bmi.n	100055c4 <tud_task_ext+0x184>
100055c2:	e752      	b.n	1000546a <tud_task_ext+0x2a>
100055c4:	7828      	ldrb	r0, [r5, #0]
100055c6:	0700      	lsls	r0, r0, #28
100055c8:	0fc0      	lsrs	r0, r0, #31
100055ca:	f7ff feb1 	bl	10005330 <tud_suspend_cb>
100055ce:	e74c      	b.n	1000546a <tud_task_ext+0x2a>
100055d0:	7823      	ldrb	r3, [r4, #0]
100055d2:	4a6b      	ldr	r2, [pc, #428]	@ (10005780 <tud_task_ext+0x340>)
100055d4:	4699      	mov	r9, r3
100055d6:	4693      	mov	fp, r2
100055d8:	4b6a      	ldr	r3, [pc, #424]	@ (10005784 <tud_task_ext+0x344>)
100055da:	4a6b      	ldr	r2, [pc, #428]	@ (10005788 <tud_task_ext+0x348>)
100055dc:	4698      	mov	r8, r3
100055de:	4692      	mov	sl, r2
100055e0:	003a      	movs	r2, r7
100055e2:	2500      	movs	r5, #0
100055e4:	4647      	mov	r7, r8
100055e6:	781b      	ldrb	r3, [r3, #0]
100055e8:	46b0      	mov	r8, r6
100055ea:	464e      	mov	r6, r9
100055ec:	4691      	mov	r9, r2
100055ee:	e00e      	b.n	1000560e <tud_task_ext+0x1ce>
100055f0:	4653      	mov	r3, sl
100055f2:	681b      	ldr	r3, [r3, #0]
100055f4:	016a      	lsls	r2, r5, #5
100055f6:	189b      	adds	r3, r3, r2
100055f8:	2b00      	cmp	r3, #0
100055fa:	d100      	bne.n	100055fe <tud_task_ext+0x1be>
100055fc:	e07d      	b.n	100056fa <tud_task_ext+0x2ba>
100055fe:	68db      	ldr	r3, [r3, #12]
10005600:	0030      	movs	r0, r6
10005602:	4798      	blx	r3
10005604:	3501      	adds	r5, #1
10005606:	783b      	ldrb	r3, [r7, #0]
10005608:	b2ed      	uxtb	r5, r5
1000560a:	42ab      	cmp	r3, r5
1000560c:	d30c      	bcc.n	10005628 <tud_task_ext+0x1e8>
1000560e:	42ab      	cmp	r3, r5
10005610:	d8ee      	bhi.n	100055f0 <tud_task_ext+0x1b0>
10005612:	1aeb      	subs	r3, r5, r3
10005614:	015b      	lsls	r3, r3, #5
10005616:	445b      	add	r3, fp
10005618:	68db      	ldr	r3, [r3, #12]
1000561a:	0030      	movs	r0, r6
1000561c:	4798      	blx	r3
1000561e:	3501      	adds	r5, #1
10005620:	783b      	ldrb	r3, [r7, #0]
10005622:	b2ed      	uxtb	r5, r5
10005624:	42ab      	cmp	r3, r5
10005626:	d2f2      	bcs.n	1000560e <tud_task_ext+0x1ce>
10005628:	4d54      	ldr	r5, [pc, #336]	@ (1000577c <tud_task_ext+0x33c>)
1000562a:	2254      	movs	r2, #84	@ 0x54
1000562c:	2100      	movs	r1, #0
1000562e:	0028      	movs	r0, r5
10005630:	f7fd fafa 	bl	10002c28 <__wrap_memset>
10005634:	2210      	movs	r2, #16
10005636:	21ff      	movs	r1, #255	@ 0xff
10005638:	1d28      	adds	r0, r5, #4
1000563a:	f7fd faf5 	bl	10002c28 <__wrap_memset>
1000563e:	0028      	movs	r0, r5
10005640:	2220      	movs	r2, #32
10005642:	21ff      	movs	r1, #255	@ 0xff
10005644:	3014      	adds	r0, #20
10005646:	4646      	mov	r6, r8
10005648:	464f      	mov	r7, r9
1000564a:	f7fd faed 	bl	10002c28 <__wrap_memset>
1000564e:	f000 fbff 	bl	10005e50 <usbd_control_reset>
10005652:	7923      	ldrb	r3, [r4, #4]
10005654:	70ab      	strb	r3, [r5, #2]
10005656:	e708      	b.n	1000546a <tud_task_ext+0x2a>
10005658:	7823      	ldrb	r3, [r4, #0]
1000565a:	4a4b      	ldr	r2, [pc, #300]	@ (10005788 <tud_task_ext+0x348>)
1000565c:	4699      	mov	r9, r3
1000565e:	4b49      	ldr	r3, [pc, #292]	@ (10005784 <tud_task_ext+0x344>)
10005660:	4692      	mov	sl, r2
10005662:	4698      	mov	r8, r3
10005664:	0032      	movs	r2, r6
10005666:	46bb      	mov	fp, r7
10005668:	464e      	mov	r6, r9
1000566a:	2500      	movs	r5, #0
1000566c:	4647      	mov	r7, r8
1000566e:	4691      	mov	r9, r2
10005670:	781b      	ldrb	r3, [r3, #0]
10005672:	e00d      	b.n	10005690 <tud_task_ext+0x250>
10005674:	4653      	mov	r3, sl
10005676:	681b      	ldr	r3, [r3, #0]
10005678:	016a      	lsls	r2, r5, #5
1000567a:	189b      	adds	r3, r3, r2
1000567c:	2b00      	cmp	r3, #0
1000567e:	d040      	beq.n	10005702 <tud_task_ext+0x2c2>
10005680:	68db      	ldr	r3, [r3, #12]
10005682:	0030      	movs	r0, r6
10005684:	4798      	blx	r3
10005686:	3501      	adds	r5, #1
10005688:	783b      	ldrb	r3, [r7, #0]
1000568a:	b2ed      	uxtb	r5, r5
1000568c:	42ab      	cmp	r3, r5
1000568e:	d30d      	bcc.n	100056ac <tud_task_ext+0x26c>
10005690:	429d      	cmp	r5, r3
10005692:	d3ef      	bcc.n	10005674 <tud_task_ext+0x234>
10005694:	9a01      	ldr	r2, [sp, #4]
10005696:	1aeb      	subs	r3, r5, r3
10005698:	015b      	lsls	r3, r3, #5
1000569a:	18d3      	adds	r3, r2, r3
1000569c:	68db      	ldr	r3, [r3, #12]
1000569e:	0030      	movs	r0, r6
100056a0:	4798      	blx	r3
100056a2:	3501      	adds	r5, #1
100056a4:	783b      	ldrb	r3, [r7, #0]
100056a6:	b2ed      	uxtb	r5, r5
100056a8:	42ab      	cmp	r3, r5
100056aa:	d2f1      	bcs.n	10005690 <tud_task_ext+0x250>
100056ac:	9d02      	ldr	r5, [sp, #8]
100056ae:	2254      	movs	r2, #84	@ 0x54
100056b0:	2100      	movs	r1, #0
100056b2:	0028      	movs	r0, r5
100056b4:	f7fd fab8 	bl	10002c28 <__wrap_memset>
100056b8:	2210      	movs	r2, #16
100056ba:	21ff      	movs	r1, #255	@ 0xff
100056bc:	4835      	ldr	r0, [pc, #212]	@ (10005794 <tud_task_ext+0x354>)
100056be:	f7fd fab3 	bl	10002c28 <__wrap_memset>
100056c2:	0028      	movs	r0, r5
100056c4:	2220      	movs	r2, #32
100056c6:	21ff      	movs	r1, #255	@ 0xff
100056c8:	3014      	adds	r0, #20
100056ca:	464e      	mov	r6, r9
100056cc:	465f      	mov	r7, fp
100056ce:	f7fd faab 	bl	10002c28 <__wrap_memset>
100056d2:	f000 fbbd 	bl	10005e50 <usbd_control_reset>
100056d6:	f7ff fe29 	bl	1000532c <tud_umount_cb>
100056da:	e6c6      	b.n	1000546a <tud_task_ext+0x2a>
100056dc:	4293      	cmp	r3, r2
100056de:	d013      	beq.n	10005708 <tud_task_ext+0x2c8>
100056e0:	b011      	add	sp, #68	@ 0x44
100056e2:	bcf0      	pop	{r4, r5, r6, r7}
100056e4:	46bb      	mov	fp, r7
100056e6:	46b2      	mov	sl, r6
100056e8:	46a9      	mov	r9, r5
100056ea:	46a0      	mov	r8, r4
100056ec:	bdf0      	pop	{r4, r5, r6, r7, pc}
100056ee:	68a3      	ldr	r3, [r4, #8]
100056f0:	7962      	ldrb	r2, [r4, #5]
100056f2:	7820      	ldrb	r0, [r4, #0]
100056f4:	f000 fbca 	bl	10005e8c <usbd_control_xfer_cb>
100056f8:	e6b7      	b.n	1000546a <tud_task_ext+0x2a>
100056fa:	4646      	mov	r6, r8
100056fc:	464f      	mov	r7, r9
100056fe:	4d1f      	ldr	r5, [pc, #124]	@ (1000577c <tud_task_ext+0x33c>)
10005700:	e7a5      	b.n	1000564e <tud_task_ext+0x20e>
10005702:	464e      	mov	r6, r9
10005704:	465f      	mov	r7, fp
10005706:	e7e4      	b.n	100056d2 <tud_task_ext+0x292>
10005708:	4d1d      	ldr	r5, [pc, #116]	@ (10005780 <tud_task_ext+0x340>)
1000570a:	e6f8      	b.n	100054fe <tud_task_ext+0xbe>
1000570c:	2370      	movs	r3, #112	@ 0x70
1000570e:	7a21      	ldrb	r1, [r4, #8]
10005710:	420b      	tst	r3, r1
10005712:	d117      	bne.n	10005744 <tud_task_ext+0x304>
10005714:	09c8      	lsrs	r0, r1, #7
10005716:	4682      	mov	sl, r0
10005718:	330f      	adds	r3, #15
1000571a:	400b      	ands	r3, r1
1000571c:	005b      	lsls	r3, r3, #1
1000571e:	4698      	mov	r8, r3
10005720:	4818      	ldr	r0, [pc, #96]	@ (10005784 <tud_task_ext+0x344>)
10005722:	18eb      	adds	r3, r5, r3
10005724:	4453      	add	r3, sl
10005726:	7d1b      	ldrb	r3, [r3, #20]
10005728:	7800      	ldrb	r0, [r0, #0]
1000572a:	4283      	cmp	r3, r0
1000572c:	d264      	bcs.n	100057f8 <tud_task_ext+0x3b8>
1000572e:	4816      	ldr	r0, [pc, #88]	@ (10005788 <tud_task_ext+0x348>)
10005730:	015b      	lsls	r3, r3, #5
10005732:	6800      	ldr	r0, [r0, #0]
10005734:	4681      	mov	r9, r0
10005736:	4499      	add	r9, r3
10005738:	2a00      	cmp	r2, #0
1000573a:	d100      	bne.n	1000573e <tud_task_ext+0x2fe>
1000573c:	e155      	b.n	100059ea <tud_task_ext+0x5aa>
1000573e:	464b      	mov	r3, r9
10005740:	2b00      	cmp	r3, #0
10005742:	d161      	bne.n	10005808 <tud_task_ext+0x3c8>
10005744:	7820      	ldrb	r0, [r4, #0]
10005746:	2100      	movs	r1, #0
10005748:	f7ff fd70 	bl	1000522c <dcd_edpt_stall>
1000574c:	2180      	movs	r1, #128	@ 0x80
1000574e:	7820      	ldrb	r0, [r4, #0]
10005750:	f7ff fd6c 	bl	1000522c <dcd_edpt_stall>
10005754:	e689      	b.n	1000546a <tud_task_ext+0x2a>
10005756:	4810      	ldr	r0, [pc, #64]	@ (10005798 <tud_task_ext+0x358>)
10005758:	f000 fb84 	bl	10005e64 <usbd_control_set_complete_callback>
1000575c:	2101      	movs	r1, #1
1000575e:	4658      	mov	r0, fp
10005760:	aa0e      	add	r2, sp, #56	@ 0x38
10005762:	f7ff fc23 	bl	10004fac <tud_vendor_control_xfer_cb>
10005766:	2800      	cmp	r0, #0
10005768:	d000      	beq.n	1000576c <tud_task_ext+0x32c>
1000576a:	e67e      	b.n	1000546a <tud_task_ext+0x2a>
1000576c:	e7ea      	b.n	10005744 <tud_task_ext+0x304>
1000576e:	46c0      	nop			@ (mov r8, r8)
10005770:	20001024 	.word	0x20001024
10005774:	100082c4 	.word	0x100082c4
10005778:	200015c0 	.word	0x200015c0
1000577c:	20001568 	.word	0x20001568
10005780:	1000836c 	.word	0x1000836c
10005784:	20002a46 	.word	0x20002a46
10005788:	20001480 	.word	0x20001480
1000578c:	20002a48 	.word	0x20002a48
10005790:	100082e8 	.word	0x100082e8
10005794:	2000156c 	.word	0x2000156c
10005798:	10004fad 	.word	0x10004fad
1000579c:	7a23      	ldrb	r3, [r4, #8]
1000579e:	8922      	ldrh	r2, [r4, #8]
100057a0:	2b0f      	cmp	r3, #15
100057a2:	d8cf      	bhi.n	10005744 <tud_task_ext+0x304>
100057a4:	23ff      	movs	r3, #255	@ 0xff
100057a6:	4013      	ands	r3, r2
100057a8:	4ad1      	ldr	r2, [pc, #836]	@ (10005af0 <tud_task_ext+0x6b0>)
100057aa:	18eb      	adds	r3, r5, r3
100057ac:	791b      	ldrb	r3, [r3, #4]
100057ae:	7812      	ldrb	r2, [r2, #0]
100057b0:	4293      	cmp	r3, r2
100057b2:	d334      	bcc.n	1000581e <tud_task_ext+0x3de>
100057b4:	d1c6      	bne.n	10005744 <tud_task_ext+0x304>
100057b6:	4dcf      	ldr	r5, [pc, #828]	@ (10005af4 <tud_task_ext+0x6b4>)
100057b8:	6968      	ldr	r0, [r5, #20]
100057ba:	f000 fb53 	bl	10005e64 <usbd_control_set_complete_callback>
100057be:	2101      	movs	r1, #1
100057c0:	4658      	mov	r0, fp
100057c2:	696b      	ldr	r3, [r5, #20]
100057c4:	aa0e      	add	r2, sp, #56	@ 0x38
100057c6:	4798      	blx	r3
100057c8:	2800      	cmp	r0, #0
100057ca:	d000      	beq.n	100057ce <tud_task_ext+0x38e>
100057cc:	e64d      	b.n	1000546a <tud_task_ext+0x2a>
100057ce:	2260      	movs	r2, #96	@ 0x60
100057d0:	0015      	movs	r5, r2
100057d2:	7923      	ldrb	r3, [r4, #4]
100057d4:	401d      	ands	r5, r3
100057d6:	421a      	tst	r2, r3
100057d8:	d1b4      	bne.n	10005744 <tud_task_ext+0x304>
100057da:	7963      	ldrb	r3, [r4, #5]
100057dc:	3b0a      	subs	r3, #10
100057de:	2b01      	cmp	r3, #1
100057e0:	d8b0      	bhi.n	10005744 <tud_task_ext+0x304>
100057e2:	f000 fb3f 	bl	10005e64 <usbd_control_set_complete_callback>
100057e6:	7963      	ldrb	r3, [r4, #5]
100057e8:	2b0a      	cmp	r3, #10
100057ea:	d100      	bne.n	100057ee <tud_task_ext+0x3ae>
100057ec:	e18a      	b.n	10005b04 <tud_task_ext+0x6c4>
100057ee:	4658      	mov	r0, fp
100057f0:	a90e      	add	r1, sp, #56	@ 0x38
100057f2:	f000 fac7 	bl	10005d84 <tud_control_status>
100057f6:	e638      	b.n	1000546a <tud_task_ext+0x2a>
100057f8:	4283      	cmp	r3, r0
100057fa:	d000      	beq.n	100057fe <tud_task_ext+0x3be>
100057fc:	e0f0      	b.n	100059e0 <tud_task_ext+0x5a0>
100057fe:	4bbd      	ldr	r3, [pc, #756]	@ (10005af4 <tud_task_ext+0x6b4>)
10005800:	4699      	mov	r9, r3
10005802:	2a00      	cmp	r2, #0
10005804:	d100      	bne.n	10005808 <tud_task_ext+0x3c8>
10005806:	e0f0      	b.n	100059ea <tud_task_ext+0x5aa>
10005808:	464b      	mov	r3, r9
1000580a:	6958      	ldr	r0, [r3, #20]
1000580c:	f000 fb2a 	bl	10005e64 <usbd_control_set_complete_callback>
10005810:	464b      	mov	r3, r9
10005812:	2101      	movs	r1, #1
10005814:	4658      	mov	r0, fp
10005816:	695b      	ldr	r3, [r3, #20]
10005818:	aa0e      	add	r2, sp, #56	@ 0x38
1000581a:	4798      	blx	r3
1000581c:	e7a3      	b.n	10005766 <tud_task_ext+0x326>
1000581e:	4ab6      	ldr	r2, [pc, #728]	@ (10005af8 <tud_task_ext+0x6b8>)
10005820:	015b      	lsls	r3, r3, #5
10005822:	6815      	ldr	r5, [r2, #0]
10005824:	18ed      	adds	r5, r5, r3
10005826:	2d00      	cmp	r5, #0
10005828:	d1c6      	bne.n	100057b8 <tud_task_ext+0x378>
1000582a:	e78b      	b.n	10005744 <tud_task_ext+0x304>
1000582c:	79a3      	ldrb	r3, [r4, #6]
1000582e:	4699      	mov	r9, r3
10005830:	786b      	ldrb	r3, [r5, #1]
10005832:	4599      	cmp	r9, r3
10005834:	d0db      	beq.n	100057ee <tud_task_ext+0x3ae>
10005836:	786b      	ldrb	r3, [r5, #1]
10005838:	2b00      	cmp	r3, #0
1000583a:	d000      	beq.n	1000583e <tud_task_ext+0x3fe>
1000583c:	e12c      	b.n	10005a98 <tud_task_ext+0x658>
1000583e:	464b      	mov	r3, r9
10005840:	706b      	strb	r3, [r5, #1]
10005842:	2b00      	cmp	r3, #0
10005844:	d100      	bne.n	10005848 <tud_task_ext+0x408>
10005846:	e124      	b.n	10005a92 <tud_task_ext+0x652>
10005848:	4648      	mov	r0, r9
1000584a:	3801      	subs	r0, #1
1000584c:	b2c0      	uxtb	r0, r0
1000584e:	f7ff fa09 	bl	10004c64 <tud_descriptor_configuration_cb>
10005852:	2800      	cmp	r0, #0
10005854:	d100      	bne.n	10005858 <tud_task_ext+0x418>
10005856:	e174      	b.n	10005b42 <tud_task_ext+0x702>
10005858:	7843      	ldrb	r3, [r0, #1]
1000585a:	9307      	str	r3, [sp, #28]
1000585c:	2b02      	cmp	r3, #2
1000585e:	d000      	beq.n	10005862 <tud_task_ext+0x422>
10005860:	e16f      	b.n	10005b42 <tud_task_ext+0x702>
10005862:	2201      	movs	r2, #1
10005864:	79c1      	ldrb	r1, [r0, #7]
10005866:	46b1      	mov	r9, r6
10005868:	118b      	asrs	r3, r1, #6
1000586a:	1149      	asrs	r1, r1, #5
1000586c:	4013      	ands	r3, r2
1000586e:	400a      	ands	r2, r1
10005870:	2130      	movs	r1, #48	@ 0x30
10005872:	0112      	lsls	r2, r2, #4
10005874:	015b      	lsls	r3, r3, #5
10005876:	4313      	orrs	r3, r2
10005878:	782a      	ldrb	r2, [r5, #0]
1000587a:	46a8      	mov	r8, r5
1000587c:	438a      	bics	r2, r1
1000587e:	4313      	orrs	r3, r2
10005880:	702b      	strb	r3, [r5, #0]
10005882:	2309      	movs	r3, #9
10005884:	469a      	mov	sl, r3
10005886:	4482      	add	sl, r0
10005888:	4656      	mov	r6, sl
1000588a:	46ba      	mov	sl, r7
1000588c:	78c3      	ldrb	r3, [r0, #3]
1000588e:	7882      	ldrb	r2, [r0, #2]
10005890:	021b      	lsls	r3, r3, #8
10005892:	4313      	orrs	r3, r2
10005894:	18c3      	adds	r3, r0, r3
10005896:	9305      	str	r3, [sp, #20]
10005898:	4b95      	ldr	r3, [pc, #596]	@ (10005af0 <tud_task_ext+0x6b0>)
1000589a:	9304      	str	r3, [sp, #16]
1000589c:	4b95      	ldr	r3, [pc, #596]	@ (10005af4 <tud_task_ext+0x6b4>)
1000589e:	9308      	str	r3, [sp, #32]
100058a0:	4b95      	ldr	r3, [pc, #596]	@ (10005af8 <tud_task_ext+0x6b8>)
100058a2:	9309      	str	r3, [sp, #36]	@ 0x24
100058a4:	4b95      	ldr	r3, [pc, #596]	@ (10005afc <tud_task_ext+0x6bc>)
100058a6:	930a      	str	r3, [sp, #40]	@ 0x28
100058a8:	9b05      	ldr	r3, [sp, #20]
100058aa:	42b3      	cmp	r3, r6
100058ac:	d800      	bhi.n	100058b0 <tud_task_ext+0x470>
100058ae:	e14b      	b.n	10005b48 <tud_task_ext+0x708>
100058b0:	7873      	ldrb	r3, [r6, #1]
100058b2:	2201      	movs	r2, #1
100058b4:	2b0b      	cmp	r3, #11
100058b6:	d103      	bne.n	100058c0 <tud_task_ext+0x480>
100058b8:	7833      	ldrb	r3, [r6, #0]
100058ba:	78f2      	ldrb	r2, [r6, #3]
100058bc:	18f6      	adds	r6, r6, r3
100058be:	7873      	ldrb	r3, [r6, #1]
100058c0:	2b04      	cmp	r3, #4
100058c2:	d000      	beq.n	100058c6 <tud_task_ext+0x486>
100058c4:	e13a      	b.n	10005b3c <tud_task_ext+0x6fc>
100058c6:	9b05      	ldr	r3, [sp, #20]
100058c8:	2700      	movs	r7, #0
100058ca:	1b9b      	subs	r3, r3, r6
100058cc:	b29b      	uxth	r3, r3
100058ce:	9306      	str	r3, [sp, #24]
100058d0:	9b04      	ldr	r3, [sp, #16]
100058d2:	920b      	str	r2, [sp, #44]	@ 0x2c
100058d4:	781d      	ldrb	r5, [r3, #0]
100058d6:	e019      	b.n	1000590c <tud_task_ext+0x4cc>
100058d8:	9a09      	ldr	r2, [sp, #36]	@ 0x24
100058da:	017b      	lsls	r3, r7, #5
100058dc:	6815      	ldr	r5, [r2, #0]
100058de:	18ed      	adds	r5, r5, r3
100058e0:	2d00      	cmp	r5, #0
100058e2:	d100      	bne.n	100058e6 <tud_task_ext+0x4a6>
100058e4:	e12a      	b.n	10005b3c <tud_task_ext+0x6fc>
100058e6:	0031      	movs	r1, r6
100058e8:	4658      	mov	r0, fp
100058ea:	692b      	ldr	r3, [r5, #16]
100058ec:	9a06      	ldr	r2, [sp, #24]
100058ee:	4798      	blx	r3
100058f0:	4684      	mov	ip, r0
100058f2:	2808      	cmp	r0, #8
100058f4:	d903      	bls.n	100058fe <tud_task_ext+0x4be>
100058f6:	9a06      	ldr	r2, [sp, #24]
100058f8:	4282      	cmp	r2, r0
100058fa:	d300      	bcc.n	100058fe <tud_task_ext+0x4be>
100058fc:	e10b      	b.n	10005b16 <tud_task_ext+0x6d6>
100058fe:	9b04      	ldr	r3, [sp, #16]
10005900:	3701      	adds	r7, #1
10005902:	781d      	ldrb	r5, [r3, #0]
10005904:	b2ff      	uxtb	r7, r7
10005906:	42bd      	cmp	r5, r7
10005908:	d200      	bcs.n	1000590c <tud_task_ext+0x4cc>
1000590a:	e117      	b.n	10005b3c <tud_task_ext+0x6fc>
1000590c:	42bd      	cmp	r5, r7
1000590e:	d8e3      	bhi.n	100058d8 <tud_task_ext+0x498>
10005910:	9b08      	ldr	r3, [sp, #32]
10005912:	1b7d      	subs	r5, r7, r5
10005914:	016d      	lsls	r5, r5, #5
10005916:	195d      	adds	r5, r3, r5
10005918:	e7e5      	b.n	100058e6 <tud_task_ext+0x4a6>
1000591a:	786b      	ldrb	r3, [r5, #1]
1000591c:	aa0c      	add	r2, sp, #48	@ 0x30
1000591e:	3202      	adds	r2, #2
10005920:	7013      	strb	r3, [r2, #0]
10005922:	4658      	mov	r0, fp
10005924:	2301      	movs	r3, #1
10005926:	a90e      	add	r1, sp, #56	@ 0x38
10005928:	f000 fa42 	bl	10005db0 <tud_control_xfer>
1000592c:	e59d      	b.n	1000546a <tud_task_ext+0x2a>
1000592e:	88e0      	ldrh	r0, [r4, #6]
10005930:	0a03      	lsrs	r3, r0, #8
10005932:	b2c0      	uxtb	r0, r0
10005934:	2b0f      	cmp	r3, #15
10005936:	d900      	bls.n	1000593a <tud_task_ext+0x4fa>
10005938:	e704      	b.n	10005744 <tud_task_ext+0x304>
1000593a:	4971      	ldr	r1, [pc, #452]	@ (10005b00 <tud_task_ext+0x6c0>)
1000593c:	009a      	lsls	r2, r3, #2
1000593e:	588a      	ldr	r2, [r1, r2]
10005940:	4697      	mov	pc, r2
10005942:	a80e      	add	r0, sp, #56	@ 0x38
10005944:	f000 fa94 	bl	10005e70 <usbd_control_set_request>
10005948:	4658      	mov	r0, fp
1000594a:	79a1      	ldrb	r1, [r4, #6]
1000594c:	f7ff fbb4 	bl	100050b8 <dcd_set_address>
10005950:	2202      	movs	r2, #2
10005952:	782b      	ldrb	r3, [r5, #0]
10005954:	4313      	orrs	r3, r2
10005956:	702b      	strb	r3, [r5, #0]
10005958:	e587      	b.n	1000546a <tud_task_ext+0x2a>
1000595a:	88e3      	ldrh	r3, [r4, #6]
1000595c:	2b01      	cmp	r3, #1
1000595e:	d000      	beq.n	10005962 <tud_task_ext+0x522>
10005960:	e6f0      	b.n	10005744 <tud_task_ext+0x304>
10005962:	2208      	movs	r2, #8
10005964:	782b      	ldrb	r3, [r5, #0]
10005966:	4658      	mov	r0, fp
10005968:	4393      	bics	r3, r2
1000596a:	a90e      	add	r1, sp, #56	@ 0x38
1000596c:	702b      	strb	r3, [r5, #0]
1000596e:	f000 fa09 	bl	10005d84 <tud_control_status>
10005972:	e57a      	b.n	1000546a <tud_task_ext+0x2a>
10005974:	2002      	movs	r0, #2
10005976:	7829      	ldrb	r1, [r5, #0]
10005978:	ab0c      	add	r3, sp, #48	@ 0x30
1000597a:	1c9a      	adds	r2, r3, #2
1000597c:	068b      	lsls	r3, r1, #26
1000597e:	0889      	lsrs	r1, r1, #2
10005980:	0fdb      	lsrs	r3, r3, #31
10005982:	4001      	ands	r1, r0
10005984:	430b      	orrs	r3, r1
10005986:	8013      	strh	r3, [r2, #0]
10005988:	4658      	mov	r0, fp
1000598a:	2302      	movs	r3, #2
1000598c:	a90e      	add	r1, sp, #56	@ 0x38
1000598e:	f000 fa0f 	bl	10005db0 <tud_control_xfer>
10005992:	e56a      	b.n	1000546a <tud_task_ext+0x2a>
10005994:	88e3      	ldrh	r3, [r4, #6]
10005996:	2b01      	cmp	r3, #1
10005998:	d000      	beq.n	1000599c <tud_task_ext+0x55c>
1000599a:	e6d3      	b.n	10005744 <tud_task_ext+0x304>
1000599c:	2208      	movs	r2, #8
1000599e:	782b      	ldrb	r3, [r5, #0]
100059a0:	4313      	orrs	r3, r2
100059a2:	702b      	strb	r3, [r5, #0]
100059a4:	e723      	b.n	100057ee <tud_task_ext+0x3ae>
100059a6:	7a23      	ldrb	r3, [r4, #8]
100059a8:	8922      	ldrh	r2, [r4, #8]
100059aa:	2b0f      	cmp	r3, #15
100059ac:	d900      	bls.n	100059b0 <tud_task_ext+0x570>
100059ae:	e6c9      	b.n	10005744 <tud_task_ext+0x304>
100059b0:	23ff      	movs	r3, #255	@ 0xff
100059b2:	4013      	ands	r3, r2
100059b4:	4a4e      	ldr	r2, [pc, #312]	@ (10005af0 <tud_task_ext+0x6b0>)
100059b6:	18eb      	adds	r3, r5, r3
100059b8:	791b      	ldrb	r3, [r3, #4]
100059ba:	7812      	ldrb	r2, [r2, #0]
100059bc:	4293      	cmp	r3, r2
100059be:	d228      	bcs.n	10005a12 <tud_task_ext+0x5d2>
100059c0:	4a4d      	ldr	r2, [pc, #308]	@ (10005af8 <tud_task_ext+0x6b8>)
100059c2:	015b      	lsls	r3, r3, #5
100059c4:	6815      	ldr	r5, [r2, #0]
100059c6:	18ed      	adds	r5, r5, r3
100059c8:	2d00      	cmp	r5, #0
100059ca:	d100      	bne.n	100059ce <tud_task_ext+0x58e>
100059cc:	e6ba      	b.n	10005744 <tud_task_ext+0x304>
100059ce:	6968      	ldr	r0, [r5, #20]
100059d0:	f000 fa48 	bl	10005e64 <usbd_control_set_complete_callback>
100059d4:	2101      	movs	r1, #1
100059d6:	4658      	mov	r0, fp
100059d8:	696b      	ldr	r3, [r5, #20]
100059da:	aa0e      	add	r2, sp, #56	@ 0x38
100059dc:	4798      	blx	r3
100059de:	e6c2      	b.n	10005766 <tud_task_ext+0x326>
100059e0:	2a00      	cmp	r2, #0
100059e2:	d000      	beq.n	100059e6 <tud_task_ext+0x5a6>
100059e4:	e6ae      	b.n	10005744 <tud_task_ext+0x304>
100059e6:	2300      	movs	r3, #0
100059e8:	4699      	mov	r9, r3
100059ea:	7962      	ldrb	r2, [r4, #5]
100059ec:	2002      	movs	r0, #2
100059ee:	0013      	movs	r3, r2
100059f0:	9204      	str	r2, [sp, #16]
100059f2:	4383      	bics	r3, r0
100059f4:	2b01      	cmp	r3, #1
100059f6:	d011      	beq.n	10005a1c <tud_task_ext+0x5dc>
100059f8:	2a00      	cmp	r2, #0
100059fa:	d000      	beq.n	100059fe <tud_task_ext+0x5be>
100059fc:	e6a2      	b.n	10005744 <tud_task_ext+0x304>
100059fe:	002b      	movs	r3, r5
10005a00:	4443      	add	r3, r8
10005a02:	4453      	add	r3, sl
10005a04:	3330      	adds	r3, #48	@ 0x30
10005a06:	791b      	ldrb	r3, [r3, #4]
10005a08:	aa0c      	add	r2, sp, #48	@ 0x30
10005a0a:	079b      	lsls	r3, r3, #30
10005a0c:	0fdb      	lsrs	r3, r3, #31
10005a0e:	3202      	adds	r2, #2
10005a10:	e7b9      	b.n	10005986 <tud_task_ext+0x546>
10005a12:	4293      	cmp	r3, r2
10005a14:	d000      	beq.n	10005a18 <tud_task_ext+0x5d8>
10005a16:	e695      	b.n	10005744 <tud_task_ext+0x304>
10005a18:	4d36      	ldr	r5, [pc, #216]	@ (10005af4 <tud_task_ext+0x6b4>)
10005a1a:	e7d8      	b.n	100059ce <tud_task_ext+0x58e>
10005a1c:	88e3      	ldrh	r3, [r4, #6]
10005a1e:	2b00      	cmp	r3, #0
10005a20:	d112      	bne.n	10005a48 <tud_task_ext+0x608>
10005a22:	9b03      	ldr	r3, [sp, #12]
10005a24:	7818      	ldrb	r0, [r3, #0]
10005a26:	9b04      	ldr	r3, [sp, #16]
10005a28:	2b01      	cmp	r3, #1
10005a2a:	d023      	beq.n	10005a74 <tud_task_ext+0x634>
10005a2c:	f7ff fbfe 	bl	1000522c <dcd_edpt_stall>
10005a30:	4643      	mov	r3, r8
10005a32:	2102      	movs	r1, #2
10005a34:	18eb      	adds	r3, r5, r3
10005a36:	4453      	add	r3, sl
10005a38:	3330      	adds	r3, #48	@ 0x30
10005a3a:	791a      	ldrb	r2, [r3, #4]
10005a3c:	430a      	orrs	r2, r1
10005a3e:	2101      	movs	r1, #1
10005a40:	711a      	strb	r2, [r3, #4]
10005a42:	791a      	ldrb	r2, [r3, #4]
10005a44:	430a      	orrs	r2, r1
10005a46:	711a      	strb	r2, [r3, #4]
10005a48:	464b      	mov	r3, r9
10005a4a:	2b00      	cmp	r3, #0
10005a4c:	d100      	bne.n	10005a50 <tud_task_ext+0x610>
10005a4e:	e50c      	b.n	1000546a <tud_task_ext+0x2a>
10005a50:	6958      	ldr	r0, [r3, #20]
10005a52:	f000 fa07 	bl	10005e64 <usbd_control_set_complete_callback>
10005a56:	464b      	mov	r3, r9
10005a58:	2101      	movs	r1, #1
10005a5a:	695b      	ldr	r3, [r3, #20]
10005a5c:	aa0e      	add	r2, sp, #56	@ 0x38
10005a5e:	4658      	mov	r0, fp
10005a60:	4798      	blx	r3
10005a62:	2000      	movs	r0, #0
10005a64:	f000 f9fe 	bl	10005e64 <usbd_control_set_complete_callback>
10005a68:	2335      	movs	r3, #53	@ 0x35
10005a6a:	5ceb      	ldrb	r3, [r5, r3]
10005a6c:	07db      	lsls	r3, r3, #31
10005a6e:	d500      	bpl.n	10005a72 <tud_task_ext+0x632>
10005a70:	e4fb      	b.n	1000546a <tud_task_ext+0x2a>
10005a72:	e6bc      	b.n	100057ee <tud_task_ext+0x3ae>
10005a74:	f7ff fbf8 	bl	10005268 <dcd_edpt_clear_stall>
10005a78:	4643      	mov	r3, r8
10005a7a:	2102      	movs	r1, #2
10005a7c:	18eb      	adds	r3, r5, r3
10005a7e:	4453      	add	r3, sl
10005a80:	3330      	adds	r3, #48	@ 0x30
10005a82:	791a      	ldrb	r2, [r3, #4]
10005a84:	438a      	bics	r2, r1
10005a86:	711a      	strb	r2, [r3, #4]
10005a88:	791a      	ldrb	r2, [r3, #4]
10005a8a:	9904      	ldr	r1, [sp, #16]
10005a8c:	438a      	bics	r2, r1
10005a8e:	711a      	strb	r2, [r3, #4]
10005a90:	e7da      	b.n	10005a48 <tud_task_ext+0x608>
10005a92:	f7ff fc4b 	bl	1000532c <tud_umount_cb>
10005a96:	e6aa      	b.n	100057ee <tud_task_ext+0x3ae>
10005a98:	2100      	movs	r1, #0
10005a9a:	4658      	mov	r0, fp
10005a9c:	f7ff fb16 	bl	100050cc <dcd_sof_enable>
10005aa0:	4658      	mov	r0, fp
10005aa2:	f7ff fbad 	bl	10005200 <dcd_edpt_close_all>
10005aa6:	2200      	movs	r2, #0
10005aa8:	4692      	mov	sl, r2
10005aaa:	4a12      	ldr	r2, [pc, #72]	@ (10005af4 <tud_task_ext+0x6b4>)
10005aac:	78ab      	ldrb	r3, [r5, #2]
10005aae:	9205      	str	r2, [sp, #20]
10005ab0:	4a11      	ldr	r2, [pc, #68]	@ (10005af8 <tud_task_ext+0x6b8>)
10005ab2:	9304      	str	r3, [sp, #16]
10005ab4:	9206      	str	r2, [sp, #24]
10005ab6:	002a      	movs	r2, r5
10005ab8:	4b0d      	ldr	r3, [pc, #52]	@ (10005af0 <tud_task_ext+0x6b0>)
10005aba:	4655      	mov	r5, sl
10005abc:	4698      	mov	r8, r3
10005abe:	4692      	mov	sl, r2
10005ac0:	781b      	ldrb	r3, [r3, #0]
10005ac2:	e00e      	b.n	10005ae2 <tud_task_ext+0x6a2>
10005ac4:	9b06      	ldr	r3, [sp, #24]
10005ac6:	016a      	lsls	r2, r5, #5
10005ac8:	681b      	ldr	r3, [r3, #0]
10005aca:	189b      	adds	r3, r3, r2
10005acc:	2b00      	cmp	r3, #0
10005ace:	d054      	beq.n	10005b7a <tud_task_ext+0x73a>
10005ad0:	68db      	ldr	r3, [r3, #12]
10005ad2:	4658      	mov	r0, fp
10005ad4:	4798      	blx	r3
10005ad6:	4643      	mov	r3, r8
10005ad8:	3501      	adds	r5, #1
10005ada:	781b      	ldrb	r3, [r3, #0]
10005adc:	b2ed      	uxtb	r5, r5
10005ade:	42ab      	cmp	r3, r5
10005ae0:	d337      	bcc.n	10005b52 <tud_task_ext+0x712>
10005ae2:	42ab      	cmp	r3, r5
10005ae4:	d8ee      	bhi.n	10005ac4 <tud_task_ext+0x684>
10005ae6:	9a05      	ldr	r2, [sp, #20]
10005ae8:	1aeb      	subs	r3, r5, r3
10005aea:	015b      	lsls	r3, r3, #5
10005aec:	18d3      	adds	r3, r2, r3
10005aee:	e7ef      	b.n	10005ad0 <tud_task_ext+0x690>
10005af0:	20002a46 	.word	0x20002a46
10005af4:	1000836c 	.word	0x1000836c
10005af8:	20001480 	.word	0x20001480
10005afc:	2000157c 	.word	0x2000157c
10005b00:	10008310 	.word	0x10008310
10005b04:	ab0c      	add	r3, sp, #48	@ 0x30
10005b06:	1c9a      	adds	r2, r3, #2
10005b08:	4658      	mov	r0, fp
10005b0a:	2301      	movs	r3, #1
10005b0c:	a90e      	add	r1, sp, #56	@ 0x38
10005b0e:	7015      	strb	r5, [r2, #0]
10005b10:	f000 f94e 	bl	10005db0 <tud_control_xfer>
10005b14:	e4a9      	b.n	1000546a <tud_task_ext+0x2a>
10005b16:	9a0b      	ldr	r2, [sp, #44]	@ 0x2c
10005b18:	2a01      	cmp	r2, #1
10005b1a:	d04c      	beq.n	10005bb6 <tud_task_ext+0x776>
10005b1c:	2a00      	cmp	r2, #0
10005b1e:	d03c      	beq.n	10005b9a <tud_task_ext+0x75a>
10005b20:	2300      	movs	r3, #0
10005b22:	78b0      	ldrb	r0, [r6, #2]
10005b24:	e004      	b.n	10005b30 <tud_task_ext+0x6f0>
10005b26:	3301      	adds	r3, #1
10005b28:	b2db      	uxtb	r3, r3
10005b2a:	710f      	strb	r7, [r1, #4]
10005b2c:	4293      	cmp	r3, r2
10005b2e:	d234      	bcs.n	10005b9a <tud_task_ext+0x75a>
10005b30:	18c1      	adds	r1, r0, r3
10005b32:	b2c9      	uxtb	r1, r1
10005b34:	4441      	add	r1, r8
10005b36:	790d      	ldrb	r5, [r1, #4]
10005b38:	2dff      	cmp	r5, #255	@ 0xff
10005b3a:	d0f4      	beq.n	10005b26 <tud_task_ext+0x6e6>
10005b3c:	464e      	mov	r6, r9
10005b3e:	4645      	mov	r5, r8
10005b40:	4657      	mov	r7, sl
10005b42:	2300      	movs	r3, #0
10005b44:	706b      	strb	r3, [r5, #1]
10005b46:	e5fd      	b.n	10005744 <tud_task_ext+0x304>
10005b48:	464e      	mov	r6, r9
10005b4a:	4657      	mov	r7, sl
10005b4c:	f7ff fbec 	bl	10005328 <tud_mount_cb>
10005b50:	e64d      	b.n	100057ee <tud_task_ext+0x3ae>
10005b52:	4655      	mov	r5, sl
10005b54:	2254      	movs	r2, #84	@ 0x54
10005b56:	2100      	movs	r1, #0
10005b58:	0028      	movs	r0, r5
10005b5a:	f7fd f865 	bl	10002c28 <__wrap_memset>
10005b5e:	2210      	movs	r2, #16
10005b60:	21ff      	movs	r1, #255	@ 0xff
10005b62:	1d28      	adds	r0, r5, #4
10005b64:	f7fd f860 	bl	10002c28 <__wrap_memset>
10005b68:	0028      	movs	r0, r5
10005b6a:	2220      	movs	r2, #32
10005b6c:	21ff      	movs	r1, #255	@ 0xff
10005b6e:	3014      	adds	r0, #20
10005b70:	f7fd f85a 	bl	10002c28 <__wrap_memset>
10005b74:	9b04      	ldr	r3, [sp, #16]
10005b76:	70ab      	strb	r3, [r5, #2]
10005b78:	e661      	b.n	1000583e <tud_task_ext+0x3fe>
10005b7a:	4655      	mov	r5, sl
10005b7c:	e7fa      	b.n	10005b74 <tud_task_ext+0x734>
10005b7e:	f7ff fa11 	bl	10004fa4 <tud_descriptor_bos_cb>
10005b82:	1e02      	subs	r2, r0, #0
10005b84:	d100      	bne.n	10005b88 <tud_task_ext+0x748>
10005b86:	e5dd      	b.n	10005744 <tud_task_ext+0x304>
10005b88:	78d3      	ldrb	r3, [r2, #3]
10005b8a:	7891      	ldrb	r1, [r2, #2]
10005b8c:	021b      	lsls	r3, r3, #8
10005b8e:	430b      	orrs	r3, r1
10005b90:	4658      	mov	r0, fp
10005b92:	a90e      	add	r1, sp, #56	@ 0x38
10005b94:	f000 f90c 	bl	10005db0 <tud_control_xfer>
10005b98:	e5e5      	b.n	10005766 <tud_task_ext+0x326>
10005b9a:	4665      	mov	r5, ip
10005b9c:	003b      	movs	r3, r7
10005b9e:	0031      	movs	r1, r6
10005ba0:	002a      	movs	r2, r5
10005ba2:	980a      	ldr	r0, [sp, #40]	@ 0x28
10005ba4:	f000 fd46 	bl	10006634 <tu_edpt_bind_driver>
10005ba8:	9b04      	ldr	r3, [sp, #16]
10005baa:	1976      	adds	r6, r6, r5
10005bac:	781b      	ldrb	r3, [r3, #0]
10005bae:	42bb      	cmp	r3, r7
10005bb0:	d300      	bcc.n	10005bb4 <tud_task_ext+0x774>
10005bb2:	e679      	b.n	100058a8 <tud_task_ext+0x468>
10005bb4:	e7c2      	b.n	10005b3c <tud_task_ext+0x6fc>
10005bb6:	4b17      	ldr	r3, [pc, #92]	@ (10005c14 <tud_task_ext+0x7d4>)
10005bb8:	6929      	ldr	r1, [r5, #16]
10005bba:	4299      	cmp	r1, r3
10005bbc:	d1b0      	bne.n	10005b20 <tud_task_ext+0x6e0>
10005bbe:	9a07      	ldr	r2, [sp, #28]
10005bc0:	e7ae      	b.n	10005b20 <tud_task_ext+0x6e0>
10005bc2:	f7ff fbad 	bl	10005320 <tud_descriptor_device_qualifier_cb>
10005bc6:	1e02      	subs	r2, r0, #0
10005bc8:	d100      	bne.n	10005bcc <tud_task_ext+0x78c>
10005bca:	e5bb      	b.n	10005744 <tud_task_ext+0x304>
10005bcc:	4658      	mov	r0, fp
10005bce:	7813      	ldrb	r3, [r2, #0]
10005bd0:	a90e      	add	r1, sp, #56	@ 0x38
10005bd2:	f000 f8ed 	bl	10005db0 <tud_control_xfer>
10005bd6:	e5c6      	b.n	10005766 <tud_task_ext+0x326>
10005bd8:	8921      	ldrh	r1, [r4, #8]
10005bda:	f7ff f847 	bl	10004c6c <tud_descriptor_string_cb>
10005bde:	1e02      	subs	r2, r0, #0
10005be0:	d1f4      	bne.n	10005bcc <tud_task_ext+0x78c>
10005be2:	e5af      	b.n	10005744 <tud_task_ext+0x304>
10005be4:	2b02      	cmp	r3, #2
10005be6:	d00f      	beq.n	10005c08 <tud_task_ext+0x7c8>
10005be8:	f7ff fb9c 	bl	10005324 <tud_descriptor_other_speed_configuration_cb>
10005bec:	1e02      	subs	r2, r0, #0
10005bee:	d1cb      	bne.n	10005b88 <tud_task_ext+0x748>
10005bf0:	e5a8      	b.n	10005744 <tud_task_ext+0x304>
10005bf2:	f7ff f833 	bl	10004c5c <tud_descriptor_device_cb>
10005bf6:	1e02      	subs	r2, r0, #0
10005bf8:	d100      	bne.n	10005bfc <tud_task_ext+0x7bc>
10005bfa:	e5a3      	b.n	10005744 <tud_task_ext+0x304>
10005bfc:	2312      	movs	r3, #18
10005bfe:	4658      	mov	r0, fp
10005c00:	a90e      	add	r1, sp, #56	@ 0x38
10005c02:	f000 f8d5 	bl	10005db0 <tud_control_xfer>
10005c06:	e5ae      	b.n	10005766 <tud_task_ext+0x326>
10005c08:	f7ff f82c 	bl	10004c64 <tud_descriptor_configuration_cb>
10005c0c:	1e02      	subs	r2, r0, #0
10005c0e:	d1bb      	bne.n	10005b88 <tud_task_ext+0x748>
10005c10:	e598      	b.n	10005744 <tud_task_ext+0x304>
10005c12:	46c0      	nop			@ (mov r8, r8)
10005c14:	1000625d 	.word	0x1000625d

10005c18 <usbd_open_edpt_pair>:
10005c18:	b5f0      	push	{r4, r5, r6, r7, lr}
10005c1a:	464f      	mov	r7, r9
10005c1c:	4646      	mov	r6, r8
10005c1e:	46d6      	mov	lr, sl
10005c20:	b5c0      	push	{r6, r7, lr}
10005c22:	000c      	movs	r4, r1
10005c24:	0016      	movs	r6, r2
10005c26:	001f      	movs	r7, r3
10005c28:	b082      	sub	sp, #8
10005c2a:	2a00      	cmp	r2, #0
10005c2c:	d03a      	beq.n	10005ca4 <usbd_open_edpt_pair+0x8c>
10005c2e:	2370      	movs	r3, #112	@ 0x70
10005c30:	4698      	mov	r8, r3
10005c32:	4b1d      	ldr	r3, [pc, #116]	@ (10005ca8 <usbd_open_edpt_pair+0x90>)
10005c34:	2500      	movs	r5, #0
10005c36:	4699      	mov	r9, r3
10005c38:	4b1c      	ldr	r3, [pc, #112]	@ (10005cac <usbd_open_edpt_pair+0x94>)
10005c3a:	469a      	mov	sl, r3
10005c3c:	e01a      	b.n	10005c74 <usbd_open_edpt_pair+0x5c>
10005c3e:	464b      	mov	r3, r9
10005c40:	781b      	ldrb	r3, [r3, #0]
10005c42:	0020      	movs	r0, r4
10005c44:	9301      	str	r3, [sp, #4]
10005c46:	4653      	mov	r3, sl
10005c48:	7899      	ldrb	r1, [r3, #2]
10005c4a:	f000 fcb9 	bl	100065c0 <tu_edpt_validate>
10005c4e:	2800      	cmp	r0, #0
10005c50:	d01c      	beq.n	10005c8c <usbd_open_edpt_pair+0x74>
10005c52:	0021      	movs	r1, r4
10005c54:	9801      	ldr	r0, [sp, #4]
10005c56:	f7ff fa55 	bl	10005104 <dcd_edpt_open>
10005c5a:	2800      	cmp	r0, #0
10005c5c:	d016      	beq.n	10005c8c <usbd_open_edpt_pair+0x74>
10005c5e:	78a3      	ldrb	r3, [r4, #2]
10005c60:	09da      	lsrs	r2, r3, #7
10005c62:	2a01      	cmp	r2, #1
10005c64:	d019      	beq.n	10005c9a <usbd_open_edpt_pair+0x82>
10005c66:	9a0a      	ldr	r2, [sp, #40]	@ 0x28
10005c68:	3501      	adds	r5, #1
10005c6a:	7013      	strb	r3, [r2, #0]
10005c6c:	42b5      	cmp	r5, r6
10005c6e:	da19      	bge.n	10005ca4 <usbd_open_edpt_pair+0x8c>
10005c70:	7823      	ldrb	r3, [r4, #0]
10005c72:	18e4      	adds	r4, r4, r3
10005c74:	7863      	ldrb	r3, [r4, #1]
10005c76:	2b05      	cmp	r3, #5
10005c78:	d108      	bne.n	10005c8c <usbd_open_edpt_pair+0x74>
10005c7a:	78e3      	ldrb	r3, [r4, #3]
10005c7c:	079b      	lsls	r3, r3, #30
10005c7e:	0f9b      	lsrs	r3, r3, #30
10005c80:	42bb      	cmp	r3, r7
10005c82:	d103      	bne.n	10005c8c <usbd_open_edpt_pair+0x74>
10005c84:	4642      	mov	r2, r8
10005c86:	78a3      	ldrb	r3, [r4, #2]
10005c88:	421a      	tst	r2, r3
10005c8a:	d0d8      	beq.n	10005c3e <usbd_open_edpt_pair+0x26>
10005c8c:	2000      	movs	r0, #0
10005c8e:	b002      	add	sp, #8
10005c90:	bce0      	pop	{r5, r6, r7}
10005c92:	46ba      	mov	sl, r7
10005c94:	46b1      	mov	r9, r6
10005c96:	46a8      	mov	r8, r5
10005c98:	bdf0      	pop	{r4, r5, r6, r7, pc}
10005c9a:	9a0b      	ldr	r2, [sp, #44]	@ 0x2c
10005c9c:	3501      	adds	r5, #1
10005c9e:	7013      	strb	r3, [r2, #0]
10005ca0:	42b5      	cmp	r5, r6
10005ca2:	dbe5      	blt.n	10005c70 <usbd_open_edpt_pair+0x58>
10005ca4:	2001      	movs	r0, #1
10005ca6:	e7f2      	b.n	10005c8e <usbd_open_edpt_pair+0x76>
10005ca8:	20001024 	.word	0x20001024
10005cac:	20001568 	.word	0x20001568

10005cb0 <usbd_edpt_open>:
10005cb0:	2270      	movs	r2, #112	@ 0x70
10005cb2:	b570      	push	{r4, r5, r6, lr}
10005cb4:	788b      	ldrb	r3, [r1, #2]
10005cb6:	000c      	movs	r4, r1
10005cb8:	421a      	tst	r2, r3
10005cba:	d001      	beq.n	10005cc0 <usbd_edpt_open+0x10>
10005cbc:	2000      	movs	r0, #0
10005cbe:	bd70      	pop	{r4, r5, r6, pc}
10005cc0:	4b06      	ldr	r3, [pc, #24]	@ (10005cdc <usbd_edpt_open+0x2c>)
10005cc2:	0020      	movs	r0, r4
10005cc4:	781d      	ldrb	r5, [r3, #0]
10005cc6:	4b06      	ldr	r3, [pc, #24]	@ (10005ce0 <usbd_edpt_open+0x30>)
10005cc8:	7899      	ldrb	r1, [r3, #2]
10005cca:	f000 fc79 	bl	100065c0 <tu_edpt_validate>
10005cce:	2800      	cmp	r0, #0
10005cd0:	d0f4      	beq.n	10005cbc <usbd_edpt_open+0xc>
10005cd2:	0021      	movs	r1, r4
10005cd4:	0028      	movs	r0, r5
10005cd6:	f7ff fa15 	bl	10005104 <dcd_edpt_open>
10005cda:	e7f0      	b.n	10005cbe <usbd_edpt_open+0xe>
10005cdc:	20001024 	.word	0x20001024
10005ce0:	20001568 	.word	0x20001568

10005ce4 <usbd_edpt_claim>:
10005ce4:	207f      	movs	r0, #127	@ 0x7f
10005ce6:	4b07      	ldr	r3, [pc, #28]	@ (10005d04 <usbd_edpt_claim+0x20>)
10005ce8:	b510      	push	{r4, lr}
10005cea:	681a      	ldr	r2, [r3, #0]
10005cec:	4008      	ands	r0, r1
10005cee:	09cb      	lsrs	r3, r1, #7
10005cf0:	3334      	adds	r3, #52	@ 0x34
10005cf2:	0040      	lsls	r0, r0, #1
10005cf4:	18c0      	adds	r0, r0, r3
10005cf6:	4b04      	ldr	r3, [pc, #16]	@ (10005d08 <usbd_edpt_claim+0x24>)
10005cf8:	0011      	movs	r1, r2
10005cfa:	18c0      	adds	r0, r0, r3
10005cfc:	f000 fc1c 	bl	10006538 <tu_edpt_claim>
10005d00:	bd10      	pop	{r4, pc}
10005d02:	46c0      	nop			@ (mov r8, r8)
10005d04:	200015bc 	.word	0x200015bc
10005d08:	20001568 	.word	0x20001568

10005d0c <usbd_edpt_release>:
10005d0c:	207f      	movs	r0, #127	@ 0x7f
10005d0e:	4b07      	ldr	r3, [pc, #28]	@ (10005d2c <usbd_edpt_release+0x20>)
10005d10:	b510      	push	{r4, lr}
10005d12:	681a      	ldr	r2, [r3, #0]
10005d14:	4008      	ands	r0, r1
10005d16:	09cb      	lsrs	r3, r1, #7
10005d18:	3334      	adds	r3, #52	@ 0x34
10005d1a:	0040      	lsls	r0, r0, #1
10005d1c:	18c0      	adds	r0, r0, r3
10005d1e:	4b04      	ldr	r3, [pc, #16]	@ (10005d30 <usbd_edpt_release+0x24>)
10005d20:	0011      	movs	r1, r2
10005d22:	18c0      	adds	r0, r0, r3
10005d24:	f000 fc30 	bl	10006588 <tu_edpt_release>
10005d28:	bd10      	pop	{r4, pc}
10005d2a:	46c0      	nop			@ (mov r8, r8)
10005d2c:	200015bc 	.word	0x200015bc
10005d30:	20001568 	.word	0x20001568

10005d34 <usbd_edpt_xfer>:
10005d34:	b570      	push	{r4, r5, r6, lr}
10005d36:	247f      	movs	r4, #127	@ 0x7f
10005d38:	09c8      	lsrs	r0, r1, #7
10005d3a:	4684      	mov	ip, r0
10005d3c:	400c      	ands	r4, r1
10005d3e:	480f      	ldr	r0, [pc, #60]	@ (10005d7c <usbd_edpt_xfer+0x48>)
10005d40:	0064      	lsls	r4, r4, #1
10005d42:	1904      	adds	r4, r0, r4
10005d44:	4464      	add	r4, ip
10005d46:	3430      	adds	r4, #48	@ 0x30
10005d48:	7920      	ldrb	r0, [r4, #4]
10005d4a:	07c0      	lsls	r0, r0, #31
10005d4c:	d501      	bpl.n	10005d52 <usbd_edpt_xfer+0x1e>
10005d4e:	2000      	movs	r0, #0
10005d50:	bd70      	pop	{r4, r5, r6, pc}
10005d52:	480b      	ldr	r0, [pc, #44]	@ (10005d80 <usbd_edpt_xfer+0x4c>)
10005d54:	2501      	movs	r5, #1
10005d56:	7800      	ldrb	r0, [r0, #0]
10005d58:	4684      	mov	ip, r0
10005d5a:	7920      	ldrb	r0, [r4, #4]
10005d5c:	4328      	orrs	r0, r5
10005d5e:	7120      	strb	r0, [r4, #4]
10005d60:	4660      	mov	r0, ip
10005d62:	f7ff fa51 	bl	10005208 <dcd_edpt_xfer>
10005d66:	2800      	cmp	r0, #0
10005d68:	d1f2      	bne.n	10005d50 <usbd_edpt_xfer+0x1c>
10005d6a:	2201      	movs	r2, #1
10005d6c:	7923      	ldrb	r3, [r4, #4]
10005d6e:	4393      	bics	r3, r2
10005d70:	7123      	strb	r3, [r4, #4]
10005d72:	7923      	ldrb	r3, [r4, #4]
10005d74:	3203      	adds	r2, #3
10005d76:	4393      	bics	r3, r2
10005d78:	7123      	strb	r3, [r4, #4]
10005d7a:	e7e8      	b.n	10005d4e <usbd_edpt_xfer+0x1a>
10005d7c:	20001568 	.word	0x20001568
10005d80:	20001024 	.word	0x20001024

10005d84 <tud_control_status>:
10005d84:	b570      	push	{r4, r5, r6, lr}
10005d86:	4c09      	ldr	r4, [pc, #36]	@ (10005dac <tud_control_status+0x28>)
10005d88:	0006      	movs	r6, r0
10005d8a:	2208      	movs	r2, #8
10005d8c:	0020      	movs	r0, r4
10005d8e:	000d      	movs	r5, r1
10005d90:	f7fc ff50 	bl	10002c34 <__wrap___aeabi_memcpy>
10005d94:	2300      	movs	r3, #0
10005d96:	2180      	movs	r1, #128	@ 0x80
10005d98:	60e3      	str	r3, [r4, #12]
10005d9a:	60a3      	str	r3, [r4, #8]
10005d9c:	782b      	ldrb	r3, [r5, #0]
10005d9e:	0030      	movs	r0, r6
10005da0:	4399      	bics	r1, r3
10005da2:	2200      	movs	r2, #0
10005da4:	2300      	movs	r3, #0
10005da6:	f7ff ffc5 	bl	10005d34 <usbd_edpt_xfer>
10005daa:	bd70      	pop	{r4, r5, r6, pc}
10005dac:	20001548 	.word	0x20001548

10005db0 <tud_control_xfer>:
10005db0:	b5f0      	push	{r4, r5, r6, r7, lr}
10005db2:	46c6      	mov	lr, r8
10005db4:	4c24      	ldr	r4, [pc, #144]	@ (10005e48 <tud_control_xfer+0x98>)
10005db6:	0017      	movs	r7, r2
10005db8:	4680      	mov	r8, r0
10005dba:	2208      	movs	r2, #8
10005dbc:	0020      	movs	r0, r4
10005dbe:	b500      	push	{lr}
10005dc0:	000d      	movs	r5, r1
10005dc2:	001e      	movs	r6, r3
10005dc4:	f7fc ff36 	bl	10002c34 <__wrap___aeabi_memcpy>
10005dc8:	2300      	movs	r3, #0
10005dca:	60a7      	str	r7, [r4, #8]
10005dcc:	81e3      	strh	r3, [r4, #14]
10005dce:	79eb      	ldrb	r3, [r5, #7]
10005dd0:	79aa      	ldrb	r2, [r5, #6]
10005dd2:	021b      	lsls	r3, r3, #8
10005dd4:	4313      	orrs	r3, r2
10005dd6:	1c1a      	adds	r2, r3, #0
10005dd8:	42b3      	cmp	r3, r6
10005dda:	d900      	bls.n	10005dde <tud_control_xfer+0x2e>
10005ddc:	1c32      	adds	r2, r6, #0
10005dde:	b296      	uxth	r6, r2
10005de0:	81a2      	strh	r2, [r4, #12]
10005de2:	2b00      	cmp	r3, #0
10005de4:	d00c      	beq.n	10005e00 <tud_control_xfer+0x50>
10005de6:	2e00      	cmp	r6, #0
10005de8:	d015      	beq.n	10005e16 <tud_control_xfer+0x66>
10005dea:	2f00      	cmp	r7, #0
10005dec:	d02a      	beq.n	10005e44 <tud_control_xfer+0x94>
10005dee:	2e40      	cmp	r6, #64	@ 0x40
10005df0:	d81a      	bhi.n	10005e28 <tud_control_xfer+0x78>
10005df2:	7823      	ldrb	r3, [r4, #0]
10005df4:	b296      	uxth	r6, r2
10005df6:	2b7f      	cmp	r3, #127	@ 0x7f
10005df8:	d81b      	bhi.n	10005e32 <tud_control_xfer+0x82>
10005dfa:	2100      	movs	r1, #0
10005dfc:	4a13      	ldr	r2, [pc, #76]	@ (10005e4c <tud_control_xfer+0x9c>)
10005dfe:	e00e      	b.n	10005e1e <tud_control_xfer+0x6e>
10005e00:	2180      	movs	r1, #128	@ 0x80
10005e02:	782b      	ldrb	r3, [r5, #0]
10005e04:	2200      	movs	r2, #0
10005e06:	4399      	bics	r1, r3
10005e08:	4640      	mov	r0, r8
10005e0a:	2300      	movs	r3, #0
10005e0c:	f7ff ff92 	bl	10005d34 <usbd_edpt_xfer>
10005e10:	bc80      	pop	{r7}
10005e12:	46b8      	mov	r8, r7
10005e14:	bdf0      	pop	{r4, r5, r6, r7, pc}
10005e16:	237f      	movs	r3, #127	@ 0x7f
10005e18:	2200      	movs	r2, #0
10005e1a:	7821      	ldrb	r1, [r4, #0]
10005e1c:	4399      	bics	r1, r3
10005e1e:	0033      	movs	r3, r6
10005e20:	4640      	mov	r0, r8
10005e22:	f7ff ff87 	bl	10005d34 <usbd_edpt_xfer>
10005e26:	e7f3      	b.n	10005e10 <tud_control_xfer+0x60>
10005e28:	2240      	movs	r2, #64	@ 0x40
10005e2a:	7823      	ldrb	r3, [r4, #0]
10005e2c:	b296      	uxth	r6, r2
10005e2e:	2b7f      	cmp	r3, #127	@ 0x7f
10005e30:	d9e3      	bls.n	10005dfa <tud_control_xfer+0x4a>
10005e32:	4c06      	ldr	r4, [pc, #24]	@ (10005e4c <tud_control_xfer+0x9c>)
10005e34:	0032      	movs	r2, r6
10005e36:	0039      	movs	r1, r7
10005e38:	0020      	movs	r0, r4
10005e3a:	f7fc fefb 	bl	10002c34 <__wrap___aeabi_memcpy>
10005e3e:	2180      	movs	r1, #128	@ 0x80
10005e40:	0022      	movs	r2, r4
10005e42:	e7ec      	b.n	10005e1e <tud_control_xfer+0x6e>
10005e44:	2000      	movs	r0, #0
10005e46:	e7e3      	b.n	10005e10 <tud_control_xfer+0x60>
10005e48:	20001548 	.word	0x20001548
10005e4c:	20001508 	.word	0x20001508

10005e50 <usbd_control_reset>:
10005e50:	b510      	push	{r4, lr}
10005e52:	2214      	movs	r2, #20
10005e54:	2100      	movs	r1, #0
10005e56:	4802      	ldr	r0, [pc, #8]	@ (10005e60 <usbd_control_reset+0x10>)
10005e58:	f7fc fee6 	bl	10002c28 <__wrap_memset>
10005e5c:	bd10      	pop	{r4, pc}
10005e5e:	46c0      	nop			@ (mov r8, r8)
10005e60:	20001548 	.word	0x20001548

10005e64 <usbd_control_set_complete_callback>:
10005e64:	4b01      	ldr	r3, [pc, #4]	@ (10005e6c <usbd_control_set_complete_callback+0x8>)
10005e66:	6118      	str	r0, [r3, #16]
10005e68:	4770      	bx	lr
10005e6a:	46c0      	nop			@ (mov r8, r8)
10005e6c:	20001548 	.word	0x20001548

10005e70 <usbd_control_set_request>:
10005e70:	b510      	push	{r4, lr}
10005e72:	4c05      	ldr	r4, [pc, #20]	@ (10005e88 <usbd_control_set_request+0x18>)
10005e74:	0001      	movs	r1, r0
10005e76:	2208      	movs	r2, #8
10005e78:	0020      	movs	r0, r4
10005e7a:	f7fc fedb 	bl	10002c34 <__wrap___aeabi_memcpy>
10005e7e:	2300      	movs	r3, #0
10005e80:	60a3      	str	r3, [r4, #8]
10005e82:	60e3      	str	r3, [r4, #12]
10005e84:	bd10      	pop	{r4, pc}
10005e86:	46c0      	nop			@ (mov r8, r8)
10005e88:	20001548 	.word	0x20001548

10005e8c <usbd_control_xfer_cb>:
10005e8c:	b570      	push	{r4, r5, r6, lr}
10005e8e:	4c37      	ldr	r4, [pc, #220]	@ (10005f6c <usbd_control_xfer_cb+0xe0>)
10005e90:	001d      	movs	r5, r3
10005e92:	7823      	ldrb	r3, [r4, #0]
10005e94:	0006      	movs	r6, r0
10005e96:	09da      	lsrs	r2, r3, #7
10005e98:	09c9      	lsrs	r1, r1, #7
10005e9a:	428a      	cmp	r2, r1
10005e9c:	d010      	beq.n	10005ec0 <usbd_control_xfer_cb+0x34>
10005e9e:	2000      	movs	r0, #0
10005ea0:	2d00      	cmp	r5, #0
10005ea2:	d000      	beq.n	10005ea6 <usbd_control_xfer_cb+0x1a>
10005ea4:	bd70      	pop	{r4, r5, r6, pc}
10005ea6:	0021      	movs	r1, r4
10005ea8:	0030      	movs	r0, r6
10005eaa:	f7ff f91d 	bl	100050e8 <dcd_edpt0_status_complete>
10005eae:	6923      	ldr	r3, [r4, #16]
10005eb0:	2b00      	cmp	r3, #0
10005eb2:	d003      	beq.n	10005ebc <usbd_control_xfer_cb+0x30>
10005eb4:	0022      	movs	r2, r4
10005eb6:	2103      	movs	r1, #3
10005eb8:	0030      	movs	r0, r6
10005eba:	4798      	blx	r3
10005ebc:	2001      	movs	r0, #1
10005ebe:	e7f1      	b.n	10005ea4 <usbd_control_xfer_cb+0x18>
10005ec0:	2b7f      	cmp	r3, #127	@ 0x7f
10005ec2:	d806      	bhi.n	10005ed2 <usbd_control_xfer_cb+0x46>
10005ec4:	68a0      	ldr	r0, [r4, #8]
10005ec6:	2800      	cmp	r0, #0
10005ec8:	d0ec      	beq.n	10005ea4 <usbd_control_xfer_cb+0x18>
10005eca:	002a      	movs	r2, r5
10005ecc:	4928      	ldr	r1, [pc, #160]	@ (10005f70 <usbd_control_xfer_cb+0xe4>)
10005ece:	f7fc feb1 	bl	10002c34 <__wrap___aeabi_memcpy>
10005ed2:	89e2      	ldrh	r2, [r4, #14]
10005ed4:	68a1      	ldr	r1, [r4, #8]
10005ed6:	1952      	adds	r2, r2, r5
10005ed8:	88e3      	ldrh	r3, [r4, #6]
10005eda:	b292      	uxth	r2, r2
10005edc:	1949      	adds	r1, r1, r5
10005ede:	81e2      	strh	r2, [r4, #14]
10005ee0:	60a1      	str	r1, [r4, #8]
10005ee2:	4293      	cmp	r3, r2
10005ee4:	d014      	beq.n	10005f10 <usbd_control_xfer_cb+0x84>
10005ee6:	2d3f      	cmp	r5, #63	@ 0x3f
10005ee8:	d912      	bls.n	10005f10 <usbd_control_xfer_cb+0x84>
10005eea:	89a3      	ldrh	r3, [r4, #12]
10005eec:	1a98      	subs	r0, r3, r2
10005eee:	1c05      	adds	r5, r0, #0
10005ef0:	b280      	uxth	r0, r0
10005ef2:	2840      	cmp	r0, #64	@ 0x40
10005ef4:	d828      	bhi.n	10005f48 <usbd_control_xfer_cb+0xbc>
10005ef6:	7820      	ldrb	r0, [r4, #0]
10005ef8:	b2ad      	uxth	r5, r5
10005efa:	287f      	cmp	r0, #127	@ 0x7f
10005efc:	d826      	bhi.n	10005f4c <usbd_control_xfer_cb+0xc0>
10005efe:	2100      	movs	r1, #0
10005f00:	429a      	cmp	r2, r3
10005f02:	d030      	beq.n	10005f66 <usbd_control_xfer_cb+0xda>
10005f04:	4a1a      	ldr	r2, [pc, #104]	@ (10005f70 <usbd_control_xfer_cb+0xe4>)
10005f06:	002b      	movs	r3, r5
10005f08:	0030      	movs	r0, r6
10005f0a:	f7ff ff13 	bl	10005d34 <usbd_edpt_xfer>
10005f0e:	e7c9      	b.n	10005ea4 <usbd_control_xfer_cb+0x18>
10005f10:	6923      	ldr	r3, [r4, #16]
10005f12:	2b00      	cmp	r3, #0
10005f14:	d005      	beq.n	10005f22 <usbd_control_xfer_cb+0x96>
10005f16:	0022      	movs	r2, r4
10005f18:	2102      	movs	r1, #2
10005f1a:	0030      	movs	r0, r6
10005f1c:	4798      	blx	r3
10005f1e:	2800      	cmp	r0, #0
10005f20:	d008      	beq.n	10005f34 <usbd_control_xfer_cb+0xa8>
10005f22:	2180      	movs	r1, #128	@ 0x80
10005f24:	7823      	ldrb	r3, [r4, #0]
10005f26:	2200      	movs	r2, #0
10005f28:	4399      	bics	r1, r3
10005f2a:	0030      	movs	r0, r6
10005f2c:	2300      	movs	r3, #0
10005f2e:	f7ff ff01 	bl	10005d34 <usbd_edpt_xfer>
10005f32:	e7b7      	b.n	10005ea4 <usbd_control_xfer_cb+0x18>
10005f34:	2100      	movs	r1, #0
10005f36:	0030      	movs	r0, r6
10005f38:	f7ff f978 	bl	1000522c <dcd_edpt_stall>
10005f3c:	0030      	movs	r0, r6
10005f3e:	2180      	movs	r1, #128	@ 0x80
10005f40:	f7ff f974 	bl	1000522c <dcd_edpt_stall>
10005f44:	2001      	movs	r0, #1
10005f46:	e7ad      	b.n	10005ea4 <usbd_control_xfer_cb+0x18>
10005f48:	2540      	movs	r5, #64	@ 0x40
10005f4a:	e7d4      	b.n	10005ef6 <usbd_control_xfer_cb+0x6a>
10005f4c:	429a      	cmp	r2, r3
10005f4e:	d007      	beq.n	10005f60 <usbd_control_xfer_cb+0xd4>
10005f50:	4c07      	ldr	r4, [pc, #28]	@ (10005f70 <usbd_control_xfer_cb+0xe4>)
10005f52:	002a      	movs	r2, r5
10005f54:	0020      	movs	r0, r4
10005f56:	f7fc fe6d 	bl	10002c34 <__wrap___aeabi_memcpy>
10005f5a:	2180      	movs	r1, #128	@ 0x80
10005f5c:	0022      	movs	r2, r4
10005f5e:	e7d2      	b.n	10005f06 <usbd_control_xfer_cb+0x7a>
10005f60:	2180      	movs	r1, #128	@ 0x80
10005f62:	2200      	movs	r2, #0
10005f64:	e7cf      	b.n	10005f06 <usbd_control_xfer_cb+0x7a>
10005f66:	2200      	movs	r2, #0
10005f68:	e7cd      	b.n	10005f06 <usbd_control_xfer_cb+0x7a>
10005f6a:	46c0      	nop			@ (mov r8, r8)
10005f6c:	20001548 	.word	0x20001548
10005f70:	20001508 	.word	0x20001508

10005f74 <_prep_out_transaction.isra.0>:
10005f74:	b570      	push	{r4, r5, r6, lr}
10005f76:	0004      	movs	r4, r0
10005f78:	f7ff f9de 	bl	10005338 <tud_mounted>
10005f7c:	2800      	cmp	r0, #0
10005f7e:	d100      	bne.n	10005f82 <_prep_out_transaction.isra.0+0xe>
10005f80:	bd70      	pop	{r4, r5, r6, pc}
10005f82:	f7ff f9e1 	bl	10005348 <tud_suspended>
10005f86:	2800      	cmp	r0, #0
10005f88:	d1fa      	bne.n	10005f80 <_prep_out_transaction.isra.0+0xc>
10005f8a:	23c8      	movs	r3, #200	@ 0xc8
10005f8c:	4363      	muls	r3, r4
10005f8e:	4a12      	ldr	r2, [pc, #72]	@ (10005fd8 <_prep_out_transaction.isra.0+0x64>)
10005f90:	0025      	movs	r5, r4
10005f92:	18d4      	adds	r4, r2, r3
10005f94:	78e1      	ldrb	r1, [r4, #3]
10005f96:	2900      	cmp	r1, #0
10005f98:	d0f2      	beq.n	10005f80 <_prep_out_transaction.isra.0+0xc>
10005f9a:	3310      	adds	r3, #16
10005f9c:	189e      	adds	r6, r3, r2
10005f9e:	0030      	movs	r0, r6
10005fa0:	f000 fbb6 	bl	10006710 <tu_fifo_remaining>
10005fa4:	283f      	cmp	r0, #63	@ 0x3f
10005fa6:	d9eb      	bls.n	10005f80 <_prep_out_transaction.isra.0+0xc>
10005fa8:	2000      	movs	r0, #0
10005faa:	78e1      	ldrb	r1, [r4, #3]
10005fac:	f7ff fe9a 	bl	10005ce4 <usbd_edpt_claim>
10005fb0:	2800      	cmp	r0, #0
10005fb2:	d0e5      	beq.n	10005f80 <_prep_out_transaction.isra.0+0xc>
10005fb4:	0030      	movs	r0, r6
10005fb6:	f000 fbab 	bl	10006710 <tu_fifo_remaining>
10005fba:	78e1      	ldrb	r1, [r4, #3]
10005fbc:	283f      	cmp	r0, #63	@ 0x3f
10005fbe:	d907      	bls.n	10005fd0 <_prep_out_transaction.isra.0+0x5c>
10005fc0:	4b06      	ldr	r3, [pc, #24]	@ (10005fdc <_prep_out_transaction.isra.0+0x68>)
10005fc2:	01ea      	lsls	r2, r5, #7
10005fc4:	18d2      	adds	r2, r2, r3
10005fc6:	2000      	movs	r0, #0
10005fc8:	2340      	movs	r3, #64	@ 0x40
10005fca:	f7ff feb3 	bl	10005d34 <usbd_edpt_xfer>
10005fce:	e7d7      	b.n	10005f80 <_prep_out_transaction.isra.0+0xc>
10005fd0:	2000      	movs	r0, #0
10005fd2:	f7ff fe9b 	bl	10005d0c <usbd_edpt_release>
10005fd6:	e7d3      	b.n	10005f80 <_prep_out_transaction.isra.0+0xc>
10005fd8:	20001030 	.word	0x20001030
10005fdc:	20001484 	.word	0x20001484

10005fe0 <tud_cdc_n_connected>:
10005fe0:	b510      	push	{r4, lr}
10005fe2:	0004      	movs	r4, r0
10005fe4:	f7ff f9a8 	bl	10005338 <tud_mounted>
10005fe8:	2800      	cmp	r0, #0
10005fea:	d101      	bne.n	10005ff0 <tud_cdc_n_connected+0x10>
10005fec:	2000      	movs	r0, #0
10005fee:	bd10      	pop	{r4, pc}
10005ff0:	f7ff f9aa 	bl	10005348 <tud_suspended>
10005ff4:	2800      	cmp	r0, #0
10005ff6:	d1f9      	bne.n	10005fec <tud_cdc_n_connected+0xc>
10005ff8:	22c8      	movs	r2, #200	@ 0xc8
10005ffa:	4362      	muls	r2, r4
10005ffc:	4b02      	ldr	r3, [pc, #8]	@ (10006008 <tud_cdc_n_connected+0x28>)
10005ffe:	3001      	adds	r0, #1
10006000:	189b      	adds	r3, r3, r2
10006002:	791b      	ldrb	r3, [r3, #4]
10006004:	4018      	ands	r0, r3
10006006:	e7f2      	b.n	10005fee <tud_cdc_n_connected+0xe>
10006008:	20001030 	.word	0x20001030

1000600c <tud_cdc_n_available>:
1000600c:	23c8      	movs	r3, #200	@ 0xc8
1000600e:	b510      	push	{r4, lr}
10006010:	4343      	muls	r3, r0
10006012:	4802      	ldr	r0, [pc, #8]	@ (1000601c <tud_cdc_n_available+0x10>)
10006014:	1818      	adds	r0, r3, r0
10006016:	f000 fb5d 	bl	100066d4 <tu_fifo_count>
1000601a:	bd10      	pop	{r4, pc}
1000601c:	20001040 	.word	0x20001040

10006020 <tud_cdc_n_read>:
10006020:	b5f8      	push	{r3, r4, r5, r6, r7, lr}
10006022:	23c8      	movs	r3, #200	@ 0xc8
10006024:	4343      	muls	r3, r0
10006026:	4d1d      	ldr	r5, [pc, #116]	@ (1000609c <tud_cdc_n_read+0x7c>)
10006028:	3310      	adds	r3, #16
1000602a:	18ee      	adds	r6, r5, r3
1000602c:	2380      	movs	r3, #128	@ 0x80
1000602e:	0004      	movs	r4, r0
10006030:	025b      	lsls	r3, r3, #9
10006032:	429a      	cmp	r2, r3
10006034:	d300      	bcc.n	10006038 <tud_cdc_n_read+0x18>
10006036:	4a1a      	ldr	r2, [pc, #104]	@ (100060a0 <tud_cdc_n_read+0x80>)
10006038:	0030      	movs	r0, r6
1000603a:	b292      	uxth	r2, r2
1000603c:	f000 fbcc 	bl	100067d8 <tu_fifo_read_n>
10006040:	0007      	movs	r7, r0
10006042:	f7ff f979 	bl	10005338 <tud_mounted>
10006046:	2800      	cmp	r0, #0
10006048:	d101      	bne.n	1000604e <tud_cdc_n_read+0x2e>
1000604a:	0038      	movs	r0, r7
1000604c:	bdf8      	pop	{r3, r4, r5, r6, r7, pc}
1000604e:	f7ff f97b 	bl	10005348 <tud_suspended>
10006052:	2800      	cmp	r0, #0
10006054:	d1f9      	bne.n	1000604a <tud_cdc_n_read+0x2a>
10006056:	23c8      	movs	r3, #200	@ 0xc8
10006058:	4363      	muls	r3, r4
1000605a:	18ed      	adds	r5, r5, r3
1000605c:	78eb      	ldrb	r3, [r5, #3]
1000605e:	2b00      	cmp	r3, #0
10006060:	d0f3      	beq.n	1000604a <tud_cdc_n_read+0x2a>
10006062:	0030      	movs	r0, r6
10006064:	f000 fb54 	bl	10006710 <tu_fifo_remaining>
10006068:	283f      	cmp	r0, #63	@ 0x3f
1000606a:	d9ee      	bls.n	1000604a <tud_cdc_n_read+0x2a>
1000606c:	2000      	movs	r0, #0
1000606e:	78e9      	ldrb	r1, [r5, #3]
10006070:	f7ff fe38 	bl	10005ce4 <usbd_edpt_claim>
10006074:	2800      	cmp	r0, #0
10006076:	d0e8      	beq.n	1000604a <tud_cdc_n_read+0x2a>
10006078:	0030      	movs	r0, r6
1000607a:	f000 fb49 	bl	10006710 <tu_fifo_remaining>
1000607e:	78e9      	ldrb	r1, [r5, #3]
10006080:	283f      	cmp	r0, #63	@ 0x3f
10006082:	d907      	bls.n	10006094 <tud_cdc_n_read+0x74>
10006084:	4b07      	ldr	r3, [pc, #28]	@ (100060a4 <tud_cdc_n_read+0x84>)
10006086:	01e2      	lsls	r2, r4, #7
10006088:	18d2      	adds	r2, r2, r3
1000608a:	2000      	movs	r0, #0
1000608c:	2340      	movs	r3, #64	@ 0x40
1000608e:	f7ff fe51 	bl	10005d34 <usbd_edpt_xfer>
10006092:	e7da      	b.n	1000604a <tud_cdc_n_read+0x2a>
10006094:	2000      	movs	r0, #0
10006096:	f7ff fe39 	bl	10005d0c <usbd_edpt_release>
1000609a:	e7d6      	b.n	1000604a <tud_cdc_n_read+0x2a>
1000609c:	20001030 	.word	0x20001030
100060a0:	0000ffff 	.word	0x0000ffff
100060a4:	20001484 	.word	0x20001484

100060a8 <tud_cdc_n_write_flush>:
100060a8:	b5f8      	push	{r3, r4, r5, r6, r7, lr}
100060aa:	0004      	movs	r4, r0
100060ac:	f7ff f944 	bl	10005338 <tud_mounted>
100060b0:	2800      	cmp	r0, #0
100060b2:	d101      	bne.n	100060b8 <tud_cdc_n_write_flush+0x10>
100060b4:	2000      	movs	r0, #0
100060b6:	bdf8      	pop	{r3, r4, r5, r6, r7, pc}
100060b8:	f7ff f946 	bl	10005348 <tud_suspended>
100060bc:	2800      	cmp	r0, #0
100060be:	d1f9      	bne.n	100060b4 <tud_cdc_n_write_flush+0xc>
100060c0:	23c8      	movs	r3, #200	@ 0xc8
100060c2:	0025      	movs	r5, r4
100060c4:	435d      	muls	r5, r3
100060c6:	002b      	movs	r3, r5
100060c8:	4e13      	ldr	r6, [pc, #76]	@ (10006118 <tud_cdc_n_write_flush+0x70>)
100060ca:	3324      	adds	r3, #36	@ 0x24
100060cc:	18f7      	adds	r7, r6, r3
100060ce:	0038      	movs	r0, r7
100060d0:	f000 fb00 	bl	100066d4 <tu_fifo_count>
100060d4:	2800      	cmp	r0, #0
100060d6:	d0ed      	beq.n	100060b4 <tud_cdc_n_write_flush+0xc>
100060d8:	1975      	adds	r5, r6, r5
100060da:	2000      	movs	r0, #0
100060dc:	78a9      	ldrb	r1, [r5, #2]
100060de:	f7ff fe01 	bl	10005ce4 <usbd_edpt_claim>
100060e2:	2800      	cmp	r0, #0
100060e4:	d0e6      	beq.n	100060b4 <tud_cdc_n_write_flush+0xc>
100060e6:	4a0d      	ldr	r2, [pc, #52]	@ (1000611c <tud_cdc_n_write_flush+0x74>)
100060e8:	01e3      	lsls	r3, r4, #7
100060ea:	189c      	adds	r4, r3, r2
100060ec:	0021      	movs	r1, r4
100060ee:	2240      	movs	r2, #64	@ 0x40
100060f0:	0038      	movs	r0, r7
100060f2:	f000 fb71 	bl	100067d8 <tu_fifo_read_n>
100060f6:	78a9      	ldrb	r1, [r5, #2]
100060f8:	0003      	movs	r3, r0
100060fa:	1e05      	subs	r5, r0, #0
100060fc:	d007      	beq.n	1000610e <tud_cdc_n_write_flush+0x66>
100060fe:	0022      	movs	r2, r4
10006100:	2000      	movs	r0, #0
10006102:	f7ff fe17 	bl	10005d34 <usbd_edpt_xfer>
10006106:	2800      	cmp	r0, #0
10006108:	d0d4      	beq.n	100060b4 <tud_cdc_n_write_flush+0xc>
1000610a:	0028      	movs	r0, r5
1000610c:	e7d3      	b.n	100060b6 <tud_cdc_n_write_flush+0xe>
1000610e:	2000      	movs	r0, #0
10006110:	f7ff fdfc 	bl	10005d0c <usbd_edpt_release>
10006114:	e7ce      	b.n	100060b4 <tud_cdc_n_write_flush+0xc>
10006116:	46c0      	nop			@ (mov r8, r8)
10006118:	20001030 	.word	0x20001030
1000611c:	200014c4 	.word	0x200014c4

10006120 <tud_cdc_n_write>:
10006120:	b570      	push	{r4, r5, r6, lr}
10006122:	24c8      	movs	r4, #200	@ 0xc8
10006124:	4344      	muls	r4, r0
10006126:	4b0c      	ldr	r3, [pc, #48]	@ (10006158 <tud_cdc_n_write+0x38>)
10006128:	0005      	movs	r5, r0
1000612a:	18e4      	adds	r4, r4, r3
1000612c:	2380      	movs	r3, #128	@ 0x80
1000612e:	025b      	lsls	r3, r3, #9
10006130:	429a      	cmp	r2, r3
10006132:	d300      	bcc.n	10006136 <tud_cdc_n_write+0x16>
10006134:	4a09      	ldr	r2, [pc, #36]	@ (1000615c <tud_cdc_n_write+0x3c>)
10006136:	0020      	movs	r0, r4
10006138:	b292      	uxth	r2, r2
1000613a:	f000 fc15 	bl	10006968 <tu_fifo_write_n>
1000613e:	0006      	movs	r6, r0
10006140:	0020      	movs	r0, r4
10006142:	f000 fac7 	bl	100066d4 <tu_fifo_count>
10006146:	283f      	cmp	r0, #63	@ 0x3f
10006148:	d801      	bhi.n	1000614e <tud_cdc_n_write+0x2e>
1000614a:	0030      	movs	r0, r6
1000614c:	bd70      	pop	{r4, r5, r6, pc}
1000614e:	0028      	movs	r0, r5
10006150:	f7ff ffaa 	bl	100060a8 <tud_cdc_n_write_flush>
10006154:	e7f9      	b.n	1000614a <tud_cdc_n_write+0x2a>
10006156:	46c0      	nop			@ (mov r8, r8)
10006158:	20001054 	.word	0x20001054
1000615c:	0000ffff 	.word	0x0000ffff

10006160 <tud_cdc_n_write_available>:
10006160:	23c8      	movs	r3, #200	@ 0xc8
10006162:	b510      	push	{r4, lr}
10006164:	4343      	muls	r3, r0
10006166:	4802      	ldr	r0, [pc, #8]	@ (10006170 <tud_cdc_n_write_available+0x10>)
10006168:	1818      	adds	r0, r3, r0
1000616a:	f000 fad1 	bl	10006710 <tu_fifo_remaining>
1000616e:	bd10      	pop	{r4, pc}
10006170:	20001054 	.word	0x20001054

10006174 <cdcd_init>:
10006174:	b5f0      	push	{r4, r5, r6, r7, lr}
10006176:	2500      	movs	r5, #0
10006178:	4c18      	ldr	r4, [pc, #96]	@ (100061dc <cdcd_init+0x68>)
1000617a:	b083      	sub	sp, #12
1000617c:	22c8      	movs	r2, #200	@ 0xc8
1000617e:	2100      	movs	r1, #0
10006180:	0020      	movs	r0, r4
10006182:	f7fc fd51 	bl	10002c28 <__wrap_memset>
10006186:	4b16      	ldr	r3, [pc, #88]	@ (100061e0 <cdcd_init+0x6c>)
10006188:	0021      	movs	r1, r4
1000618a:	701d      	strb	r5, [r3, #0]
1000618c:	23ff      	movs	r3, #255	@ 0xff
1000618e:	7163      	strb	r3, [r4, #5]
10006190:	23e1      	movs	r3, #225	@ 0xe1
10006192:	025b      	lsls	r3, r3, #9
10006194:	60a3      	str	r3, [r4, #8]
10006196:	0020      	movs	r0, r4
10006198:	2308      	movs	r3, #8
1000619a:	2240      	movs	r2, #64	@ 0x40
1000619c:	73a3      	strb	r3, [r4, #14]
1000619e:	3138      	adds	r1, #56	@ 0x38
100061a0:	9500      	str	r5, [sp, #0]
100061a2:	3b07      	subs	r3, #7
100061a4:	3010      	adds	r0, #16
100061a6:	f000 fa5f 	bl	10006668 <tu_fifo_config>
100061aa:	0027      	movs	r7, r4
100061ac:	2301      	movs	r3, #1
100061ae:	0021      	movs	r1, r4
100061b0:	0020      	movs	r0, r4
100061b2:	0026      	movs	r6, r4
100061b4:	2240      	movs	r2, #64	@ 0x40
100061b6:	3178      	adds	r1, #120	@ 0x78
100061b8:	9300      	str	r3, [sp, #0]
100061ba:	37b8      	adds	r7, #184	@ 0xb8
100061bc:	3024      	adds	r0, #36	@ 0x24
100061be:	f000 fa53 	bl	10006668 <tu_fifo_config>
100061c2:	36c0      	adds	r6, #192	@ 0xc0
100061c4:	0038      	movs	r0, r7
100061c6:	f7fa febb 	bl	10000f40 <mutex_init>
100061ca:	0030      	movs	r0, r6
100061cc:	f7fa feb8 	bl	10000f40 <mutex_init>
100061d0:	61e5      	str	r5, [r4, #28]
100061d2:	6227      	str	r7, [r4, #32]
100061d4:	6326      	str	r6, [r4, #48]	@ 0x30
100061d6:	6365      	str	r5, [r4, #52]	@ 0x34
100061d8:	b003      	add	sp, #12
100061da:	bdf0      	pop	{r4, r5, r6, r7, pc}
100061dc:	20001030 	.word	0x20001030
100061e0:	20001504 	.word	0x20001504

100061e4 <cdcd_deinit>:
100061e4:	4b0a      	ldr	r3, [pc, #40]	@ (10006210 <cdcd_deinit+0x2c>)
100061e6:	6b19      	ldr	r1, [r3, #48]	@ 0x30
100061e8:	6a1a      	ldr	r2, [r3, #32]
100061ea:	2900      	cmp	r1, #0
100061ec:	d00c      	beq.n	10006208 <cdcd_deinit+0x24>
100061ee:	2a00      	cmp	r2, #0
100061f0:	d007      	beq.n	10006202 <cdcd_deinit+0x1e>
100061f2:	2200      	movs	r2, #0
100061f4:	61da      	str	r2, [r3, #28]
100061f6:	635a      	str	r2, [r3, #52]	@ 0x34
100061f8:	631a      	str	r2, [r3, #48]	@ 0x30
100061fa:	2200      	movs	r2, #0
100061fc:	621a      	str	r2, [r3, #32]
100061fe:	2001      	movs	r0, #1
10006200:	4770      	bx	lr
10006202:	635a      	str	r2, [r3, #52]	@ 0x34
10006204:	631a      	str	r2, [r3, #48]	@ 0x30
10006206:	e7fa      	b.n	100061fe <cdcd_deinit+0x1a>
10006208:	2a00      	cmp	r2, #0
1000620a:	d0f8      	beq.n	100061fe <cdcd_deinit+0x1a>
1000620c:	61d9      	str	r1, [r3, #28]
1000620e:	e7f4      	b.n	100061fa <cdcd_deinit+0x16>
10006210:	20001030 	.word	0x20001030

10006214 <cdcd_reset>:
10006214:	b570      	push	{r4, r5, r6, lr}
10006216:	2205      	movs	r2, #5
10006218:	2100      	movs	r1, #0
1000621a:	480d      	ldr	r0, [pc, #52]	@ (10006250 <cdcd_reset+0x3c>)
1000621c:	f7fc fd04 	bl	10002c28 <__wrap_memset>
10006220:	4d0c      	ldr	r5, [pc, #48]	@ (10006254 <cdcd_reset+0x40>)
10006222:	782b      	ldrb	r3, [r5, #0]
10006224:	07da      	lsls	r2, r3, #31
10006226:	d507      	bpl.n	10006238 <cdcd_reset+0x24>
10006228:	4c0b      	ldr	r4, [pc, #44]	@ (10006258 <cdcd_reset+0x44>)
1000622a:	079b      	lsls	r3, r3, #30
1000622c:	d50c      	bpl.n	10006248 <cdcd_reset+0x34>
1000622e:	2101      	movs	r1, #1
10006230:	0020      	movs	r0, r4
10006232:	f000 fc6d 	bl	10006b10 <tu_fifo_set_overwritable>
10006236:	bd70      	pop	{r4, r5, r6, pc}
10006238:	4805      	ldr	r0, [pc, #20]	@ (10006250 <cdcd_reset+0x3c>)
1000623a:	3010      	adds	r0, #16
1000623c:	f000 fc48 	bl	10006ad0 <tu_fifo_clear>
10006240:	782b      	ldrb	r3, [r5, #0]
10006242:	4c05      	ldr	r4, [pc, #20]	@ (10006258 <cdcd_reset+0x44>)
10006244:	079b      	lsls	r3, r3, #30
10006246:	d4f2      	bmi.n	1000622e <cdcd_reset+0x1a>
10006248:	0020      	movs	r0, r4
1000624a:	f000 fc41 	bl	10006ad0 <tu_fifo_clear>
1000624e:	e7ee      	b.n	1000622e <cdcd_reset+0x1a>
10006250:	20001030 	.word	0x20001030
10006254:	20001504 	.word	0x20001504
10006258:	20001054 	.word	0x20001054

1000625c <cdcd_open>:
1000625c:	b5f0      	push	{r4, r5, r6, r7, lr}
1000625e:	794b      	ldrb	r3, [r1, #5]
10006260:	0007      	movs	r7, r0
10006262:	b083      	sub	sp, #12
10006264:	2b02      	cmp	r3, #2
10006266:	d102      	bne.n	1000626e <cdcd_open+0x12>
10006268:	798b      	ldrb	r3, [r1, #6]
1000626a:	2b02      	cmp	r3, #2
1000626c:	d003      	beq.n	10006276 <cdcd_open+0x1a>
1000626e:	2400      	movs	r4, #0
10006270:	0020      	movs	r0, r4
10006272:	b003      	add	sp, #12
10006274:	bdf0      	pop	{r4, r5, r6, r7, pc}
10006276:	4b21      	ldr	r3, [pc, #132]	@ (100062fc <cdcd_open+0xa0>)
10006278:	001e      	movs	r6, r3
1000627a:	789b      	ldrb	r3, [r3, #2]
1000627c:	2b00      	cmp	r3, #0
1000627e:	d1f6      	bne.n	1000626e <cdcd_open+0x12>
10006280:	788b      	ldrb	r3, [r1, #2]
10006282:	2409      	movs	r4, #9
10006284:	7033      	strb	r3, [r6, #0]
10006286:	780d      	ldrb	r5, [r1, #0]
10006288:	194d      	adds	r5, r1, r5
1000628a:	786b      	ldrb	r3, [r5, #1]
1000628c:	2b24      	cmp	r3, #36	@ 0x24
1000628e:	d007      	beq.n	100062a0 <cdcd_open+0x44>
10006290:	e00c      	b.n	100062ac <cdcd_open+0x50>
10006292:	782b      	ldrb	r3, [r5, #0]
10006294:	18ed      	adds	r5, r5, r3
10006296:	191c      	adds	r4, r3, r4
10006298:	786b      	ldrb	r3, [r5, #1]
1000629a:	b2a4      	uxth	r4, r4
1000629c:	2b24      	cmp	r3, #36	@ 0x24
1000629e:	d105      	bne.n	100062ac <cdcd_open+0x50>
100062a0:	42a2      	cmp	r2, r4
100062a2:	d2f6      	bcs.n	10006292 <cdcd_open+0x36>
100062a4:	2000      	movs	r0, #0
100062a6:	f7ff fe65 	bl	10005f74 <_prep_out_transaction.isra.0>
100062aa:	e7e1      	b.n	10006270 <cdcd_open+0x14>
100062ac:	001a      	movs	r2, r3
100062ae:	2b05      	cmp	r3, #5
100062b0:	d015      	beq.n	100062de <cdcd_open+0x82>
100062b2:	2a04      	cmp	r2, #4
100062b4:	d1f6      	bne.n	100062a4 <cdcd_open+0x48>
100062b6:	796b      	ldrb	r3, [r5, #5]
100062b8:	2b0a      	cmp	r3, #10
100062ba:	d1f3      	bne.n	100062a4 <cdcd_open+0x48>
100062bc:	4b10      	ldr	r3, [pc, #64]	@ (10006300 <cdcd_open+0xa4>)
100062be:	782e      	ldrb	r6, [r5, #0]
100062c0:	9301      	str	r3, [sp, #4]
100062c2:	3301      	adds	r3, #1
100062c4:	9300      	str	r3, [sp, #0]
100062c6:	0038      	movs	r0, r7
100062c8:	2302      	movs	r3, #2
100062ca:	19a9      	adds	r1, r5, r6
100062cc:	3a02      	subs	r2, #2
100062ce:	f7ff fca3 	bl	10005c18 <usbd_open_edpt_pair>
100062d2:	2800      	cmp	r0, #0
100062d4:	d0cb      	beq.n	1000626e <cdcd_open+0x12>
100062d6:	340e      	adds	r4, #14
100062d8:	19a4      	adds	r4, r4, r6
100062da:	b2a4      	uxth	r4, r4
100062dc:	e7e2      	b.n	100062a4 <cdcd_open+0x48>
100062de:	0029      	movs	r1, r5
100062e0:	0038      	movs	r0, r7
100062e2:	f7ff fce5 	bl	10005cb0 <usbd_edpt_open>
100062e6:	2800      	cmp	r0, #0
100062e8:	d0c1      	beq.n	1000626e <cdcd_open+0x12>
100062ea:	78ab      	ldrb	r3, [r5, #2]
100062ec:	7073      	strb	r3, [r6, #1]
100062ee:	782b      	ldrb	r3, [r5, #0]
100062f0:	191c      	adds	r4, r3, r4
100062f2:	18ed      	adds	r5, r5, r3
100062f4:	786a      	ldrb	r2, [r5, #1]
100062f6:	b2a4      	uxth	r4, r4
100062f8:	e7db      	b.n	100062b2 <cdcd_open+0x56>
100062fa:	46c0      	nop			@ (mov r8, r8)
100062fc:	20001030 	.word	0x20001030
10006300:	20001032 	.word	0x20001032

10006304 <cdcd_control_xfer_cb>:
10006304:	2360      	movs	r3, #96	@ 0x60
10006306:	468c      	mov	ip, r1
10006308:	0011      	movs	r1, r2
1000630a:	7812      	ldrb	r2, [r2, #0]
1000630c:	b570      	push	{r4, r5, r6, lr}
1000630e:	4013      	ands	r3, r2
10006310:	2200      	movs	r2, #0
10006312:	2b20      	cmp	r3, #32
10006314:	d108      	bne.n	10006328 <cdcd_control_xfer_cb+0x24>
10006316:	4c32      	ldr	r4, [pc, #200]	@ (100063e0 <cdcd_control_xfer_cb+0xdc>)
10006318:	794b      	ldrb	r3, [r1, #5]
1000631a:	0026      	movs	r6, r4
1000631c:	790d      	ldrb	r5, [r1, #4]
1000631e:	7824      	ldrb	r4, [r4, #0]
10006320:	021b      	lsls	r3, r3, #8
10006322:	432b      	orrs	r3, r5
10006324:	429c      	cmp	r4, r3
10006326:	d001      	beq.n	1000632c <cdcd_control_xfer_cb+0x28>
10006328:	0010      	movs	r0, r2
1000632a:	bd70      	pop	{r4, r5, r6, pc}
1000632c:	784b      	ldrb	r3, [r1, #1]
1000632e:	2b22      	cmp	r3, #34	@ 0x22
10006330:	d01c      	beq.n	1000636c <cdcd_control_xfer_cb+0x68>
10006332:	d808      	bhi.n	10006346 <cdcd_control_xfer_cb+0x42>
10006334:	2b20      	cmp	r3, #32
10006336:	d039      	beq.n	100063ac <cdcd_control_xfer_cb+0xa8>
10006338:	2b21      	cmp	r3, #33	@ 0x21
1000633a:	d1f5      	bne.n	10006328 <cdcd_control_xfer_cb+0x24>
1000633c:	4663      	mov	r3, ip
1000633e:	2b01      	cmp	r3, #1
10006340:	d043      	beq.n	100063ca <cdcd_control_xfer_cb+0xc6>
10006342:	2201      	movs	r2, #1
10006344:	e7f0      	b.n	10006328 <cdcd_control_xfer_cb+0x24>
10006346:	2b23      	cmp	r3, #35	@ 0x23
10006348:	d1ee      	bne.n	10006328 <cdcd_control_xfer_cb+0x24>
1000634a:	4663      	mov	r3, ip
1000634c:	2b01      	cmp	r3, #1
1000634e:	d042      	beq.n	100063d6 <cdcd_control_xfer_cb+0xd2>
10006350:	2b03      	cmp	r3, #3
10006352:	d1f6      	bne.n	10006342 <cdcd_control_xfer_cb+0x3e>
10006354:	4b23      	ldr	r3, [pc, #140]	@ (100063e4 <cdcd_control_xfer_cb+0xe0>)
10006356:	2b00      	cmp	r3, #0
10006358:	d0f3      	beq.n	10006342 <cdcd_control_xfer_cb+0x3e>
1000635a:	788b      	ldrb	r3, [r1, #2]
1000635c:	78c9      	ldrb	r1, [r1, #3]
1000635e:	2000      	movs	r0, #0
10006360:	0209      	lsls	r1, r1, #8
10006362:	4319      	orrs	r1, r3
10006364:	e000      	b.n	10006368 <cdcd_control_xfer_cb+0x64>
10006366:	bf00      	nop
10006368:	2201      	movs	r2, #1
1000636a:	e7dd      	b.n	10006328 <cdcd_control_xfer_cb+0x24>
1000636c:	4663      	mov	r3, ip
1000636e:	2b01      	cmp	r3, #1
10006370:	d031      	beq.n	100063d6 <cdcd_control_xfer_cb+0xd2>
10006372:	2b03      	cmp	r3, #3
10006374:	d1e5      	bne.n	10006342 <cdcd_control_xfer_cb+0x3e>
10006376:	2501      	movs	r5, #1
10006378:	78cb      	ldrb	r3, [r1, #3]
1000637a:	788a      	ldrb	r2, [r1, #2]
1000637c:	021b      	lsls	r3, r3, #8
1000637e:	4313      	orrs	r3, r2
10006380:	001c      	movs	r4, r3
10006382:	401d      	ands	r5, r3
10006384:	0033      	movs	r3, r6
10006386:	2101      	movs	r1, #1
10006388:	3324      	adds	r3, #36	@ 0x24
1000638a:	0018      	movs	r0, r3
1000638c:	4069      	eors	r1, r5
1000638e:	7134      	strb	r4, [r6, #4]
10006390:	f000 fbbe 	bl	10006b10 <tu_fifo_set_overwritable>
10006394:	4b14      	ldr	r3, [pc, #80]	@ (100063e8 <cdcd_control_xfer_cb+0xe4>)
10006396:	2b00      	cmp	r3, #0
10006398:	d0d3      	beq.n	10006342 <cdcd_control_xfer_cb+0x3e>
1000639a:	2301      	movs	r3, #1
1000639c:	0862      	lsrs	r2, r4, #1
1000639e:	401a      	ands	r2, r3
100063a0:	0029      	movs	r1, r5
100063a2:	2000      	movs	r0, #0
100063a4:	e000      	b.n	100063a8 <cdcd_control_xfer_cb+0xa4>
100063a6:	bf00      	nop
100063a8:	2201      	movs	r2, #1
100063aa:	e7bd      	b.n	10006328 <cdcd_control_xfer_cb+0x24>
100063ac:	4663      	mov	r3, ip
100063ae:	2b01      	cmp	r3, #1
100063b0:	d00b      	beq.n	100063ca <cdcd_control_xfer_cb+0xc6>
100063b2:	2b03      	cmp	r3, #3
100063b4:	d1c5      	bne.n	10006342 <cdcd_control_xfer_cb+0x3e>
100063b6:	4b0d      	ldr	r3, [pc, #52]	@ (100063ec <cdcd_control_xfer_cb+0xe8>)
100063b8:	2b00      	cmp	r3, #0
100063ba:	d0c2      	beq.n	10006342 <cdcd_control_xfer_cb+0x3e>
100063bc:	0031      	movs	r1, r6
100063be:	2000      	movs	r0, #0
100063c0:	3108      	adds	r1, #8
100063c2:	f7fe fe15 	bl	10004ff0 <tud_cdc_line_coding_cb>
100063c6:	2201      	movs	r2, #1
100063c8:	e7ae      	b.n	10006328 <cdcd_control_xfer_cb+0x24>
100063ca:	4a09      	ldr	r2, [pc, #36]	@ (100063f0 <cdcd_control_xfer_cb+0xec>)
100063cc:	2307      	movs	r3, #7
100063ce:	f7ff fcef 	bl	10005db0 <tud_control_xfer>
100063d2:	2201      	movs	r2, #1
100063d4:	e7a8      	b.n	10006328 <cdcd_control_xfer_cb+0x24>
100063d6:	f7ff fcd5 	bl	10005d84 <tud_control_status>
100063da:	2201      	movs	r2, #1
100063dc:	e7a4      	b.n	10006328 <cdcd_control_xfer_cb+0x24>
100063de:	46c0      	nop			@ (mov r8, r8)
100063e0:	20001030 	.word	0x20001030
	...
100063ec:	10004ff1 	.word	0x10004ff1
100063f0:	20001038 	.word	0x20001038

100063f4 <cdcd_xfer_cb>:
100063f4:	b5f8      	push	{r3, r4, r5, r6, r7, lr}
100063f6:	4647      	mov	r7, r8
100063f8:	46ce      	mov	lr, r9
100063fa:	b580      	push	{r7, lr}
100063fc:	4c34      	ldr	r4, [pc, #208]	@ (100064d0 <cdcd_xfer_cb+0xdc>)
100063fe:	001f      	movs	r7, r3
10006400:	78e3      	ldrb	r3, [r4, #3]
10006402:	4680      	mov	r8, r0
10006404:	000d      	movs	r5, r1
10006406:	428b      	cmp	r3, r1
10006408:	d03b      	beq.n	10006482 <cdcd_xfer_cb+0x8e>
1000640a:	78a3      	ldrb	r3, [r4, #2]
1000640c:	2000      	movs	r0, #0
1000640e:	428b      	cmp	r3, r1
10006410:	d011      	beq.n	10006436 <cdcd_xfer_cb+0x42>
10006412:	bcc0      	pop	{r6, r7}
10006414:	46b9      	mov	r9, r7
10006416:	46b0      	mov	r8, r6
10006418:	bdf8      	pop	{r3, r4, r5, r6, r7, pc}
1000641a:	4b2e      	ldr	r3, [pc, #184]	@ (100064d4 <cdcd_xfer_cb+0xe0>)
1000641c:	2b00      	cmp	r3, #0
1000641e:	d004      	beq.n	1000642a <cdcd_xfer_cb+0x36>
10006420:	482d      	ldr	r0, [pc, #180]	@ (100064d8 <cdcd_xfer_cb+0xe4>)
10006422:	f000 f96d 	bl	10006700 <tu_fifo_empty>
10006426:	2800      	cmp	r0, #0
10006428:	d04f      	beq.n	100064ca <cdcd_xfer_cb+0xd6>
1000642a:	2000      	movs	r0, #0
1000642c:	f7ff fda2 	bl	10005f74 <_prep_out_transaction.isra.0>
10006430:	78a3      	ldrb	r3, [r4, #2]
10006432:	42ab      	cmp	r3, r5
10006434:	d10a      	bne.n	1000644c <cdcd_xfer_cb+0x58>
10006436:	4b29      	ldr	r3, [pc, #164]	@ (100064dc <cdcd_xfer_cb+0xe8>)
10006438:	2b00      	cmp	r3, #0
1000643a:	d002      	beq.n	10006442 <cdcd_xfer_cb+0x4e>
1000643c:	2000      	movs	r0, #0
1000643e:	e000      	b.n	10006442 <cdcd_xfer_cb+0x4e>
10006440:	bf00      	nop
10006442:	2000      	movs	r0, #0
10006444:	f7ff fe30 	bl	100060a8 <tud_cdc_n_write_flush>
10006448:	2800      	cmp	r0, #0
1000644a:	d001      	beq.n	10006450 <cdcd_xfer_cb+0x5c>
1000644c:	2001      	movs	r0, #1
1000644e:	e7e0      	b.n	10006412 <cdcd_xfer_cb+0x1e>
10006450:	4c23      	ldr	r4, [pc, #140]	@ (100064e0 <cdcd_xfer_cb+0xec>)
10006452:	0020      	movs	r0, r4
10006454:	f000 f93e 	bl	100066d4 <tu_fifo_count>
10006458:	2800      	cmp	r0, #0
1000645a:	d1f7      	bne.n	1000644c <cdcd_xfer_cb+0x58>
1000645c:	2f00      	cmp	r7, #0
1000645e:	d0f5      	beq.n	1000644c <cdcd_xfer_cb+0x58>
10006460:	06bb      	lsls	r3, r7, #26
10006462:	d1f3      	bne.n	1000644c <cdcd_xfer_cb+0x58>
10006464:	3c24      	subs	r4, #36	@ 0x24
10006466:	4640      	mov	r0, r8
10006468:	78a1      	ldrb	r1, [r4, #2]
1000646a:	f7ff fc3b 	bl	10005ce4 <usbd_edpt_claim>
1000646e:	2800      	cmp	r0, #0
10006470:	d0ec      	beq.n	1000644c <cdcd_xfer_cb+0x58>
10006472:	2300      	movs	r3, #0
10006474:	2200      	movs	r2, #0
10006476:	4640      	mov	r0, r8
10006478:	78a1      	ldrb	r1, [r4, #2]
1000647a:	f7ff fc5b 	bl	10005d34 <usbd_edpt_xfer>
1000647e:	2001      	movs	r0, #1
10006480:	e7c7      	b.n	10006412 <cdcd_xfer_cb+0x1e>
10006482:	4e18      	ldr	r6, [pc, #96]	@ (100064e4 <cdcd_xfer_cb+0xf0>)
10006484:	4814      	ldr	r0, [pc, #80]	@ (100064d8 <cdcd_xfer_cb+0xe4>)
10006486:	0031      	movs	r1, r6
10006488:	b2ba      	uxth	r2, r7
1000648a:	f000 fa6d 	bl	10006968 <tu_fifo_write_n>
1000648e:	4b16      	ldr	r3, [pc, #88]	@ (100064e8 <cdcd_xfer_cb+0xf4>)
10006490:	2b00      	cmp	r3, #0
10006492:	d0c2      	beq.n	1000641a <cdcd_xfer_cb+0x26>
10006494:	7963      	ldrb	r3, [r4, #5]
10006496:	2bff      	cmp	r3, #255	@ 0xff
10006498:	d0bf      	beq.n	1000641a <cdcd_xfer_cb+0x26>
1000649a:	2f00      	cmp	r7, #0
1000649c:	d0bd      	beq.n	1000641a <cdcd_xfer_cb+0x26>
1000649e:	46bc      	mov	ip, r7
100064a0:	44b4      	add	ip, r6
100064a2:	46e1      	mov	r9, ip
100064a4:	e003      	b.n	100064ae <cdcd_xfer_cb+0xba>
100064a6:	3601      	adds	r6, #1
100064a8:	454e      	cmp	r6, r9
100064aa:	d0b6      	beq.n	1000641a <cdcd_xfer_cb+0x26>
100064ac:	7963      	ldrb	r3, [r4, #5]
100064ae:	7832      	ldrb	r2, [r6, #0]
100064b0:	429a      	cmp	r2, r3
100064b2:	d1f8      	bne.n	100064a6 <cdcd_xfer_cb+0xb2>
100064b4:	4808      	ldr	r0, [pc, #32]	@ (100064d8 <cdcd_xfer_cb+0xe4>)
100064b6:	f000 f923 	bl	10006700 <tu_fifo_empty>
100064ba:	2800      	cmp	r0, #0
100064bc:	d1f3      	bne.n	100064a6 <cdcd_xfer_cb+0xb2>
100064be:	4b06      	ldr	r3, [pc, #24]	@ (100064d8 <cdcd_xfer_cb+0xe4>)
100064c0:	3b10      	subs	r3, #16
100064c2:	7959      	ldrb	r1, [r3, #5]
100064c4:	e000      	b.n	100064c8 <cdcd_xfer_cb+0xd4>
100064c6:	bf00      	nop
100064c8:	e7ed      	b.n	100064a6 <cdcd_xfer_cb+0xb2>
100064ca:	e000      	b.n	100064ce <cdcd_xfer_cb+0xda>
100064cc:	bf00      	nop
100064ce:	e7ac      	b.n	1000642a <cdcd_xfer_cb+0x36>
100064d0:	20001030 	.word	0x20001030
100064d4:	00000000 	.word	0x00000000
100064d8:	20001040 	.word	0x20001040
100064dc:	00000000 	.word	0x00000000
100064e0:	20001054 	.word	0x20001054
100064e4:	20001484 	.word	0x20001484
100064e8:	00000000 	.word	0x00000000

100064ec <tusb_rhport_init>:
100064ec:	b500      	push	{lr}
100064ee:	0003      	movs	r3, r0
100064f0:	b083      	sub	sp, #12
100064f2:	2900      	cmp	r1, #0
100064f4:	d010      	beq.n	10006518 <tusb_rhport_init+0x2c>
100064f6:	2000      	movs	r0, #0
100064f8:	2b01      	cmp	r3, #1
100064fa:	d807      	bhi.n	1000650c <tusb_rhport_init+0x20>
100064fc:	780a      	ldrb	r2, [r1, #0]
100064fe:	2a00      	cmp	r2, #0
10006500:	d004      	beq.n	1000650c <tusb_rhport_init+0x20>
10006502:	480c      	ldr	r0, [pc, #48]	@ (10006534 <tusb_rhport_init+0x48>)
10006504:	54c2      	strb	r2, [r0, r3]
10006506:	2001      	movs	r0, #1
10006508:	2a01      	cmp	r2, #1
1000650a:	d001      	beq.n	10006510 <tusb_rhport_init+0x24>
1000650c:	b003      	add	sp, #12
1000650e:	bd00      	pop	{pc}
10006510:	0018      	movs	r0, r3
10006512:	f7fe ff21 	bl	10005358 <tud_rhport_init>
10006516:	e7f9      	b.n	1000650c <tusb_rhport_init+0x20>
10006518:	2301      	movs	r3, #1
1000651a:	466a      	mov	r2, sp
1000651c:	2000      	movs	r0, #0
1000651e:	a901      	add	r1, sp, #4
10006520:	8093      	strh	r3, [r2, #4]
10006522:	f7fe ff19 	bl	10005358 <tud_rhport_init>
10006526:	2800      	cmp	r0, #0
10006528:	d0f0      	beq.n	1000650c <tusb_rhport_init+0x20>
1000652a:	2201      	movs	r2, #1
1000652c:	4b01      	ldr	r3, [pc, #4]	@ (10006534 <tusb_rhport_init+0x48>)
1000652e:	701a      	strb	r2, [r3, #0]
10006530:	e7ec      	b.n	1000650c <tusb_rhport_init+0x20>
10006532:	46c0      	nop			@ (mov r8, r8)
10006534:	2000155c 	.word	0x2000155c

10006538 <tu_edpt_claim>:
10006538:	b570      	push	{r4, r5, r6, lr}
1000653a:	0004      	movs	r4, r0
1000653c:	7823      	ldrb	r3, [r4, #0]
1000653e:	0008      	movs	r0, r1
10006540:	07db      	lsls	r3, r3, #31
10006542:	000e      	movs	r6, r1
10006544:	0fdd      	lsrs	r5, r3, #31
10006546:	2b00      	cmp	r3, #0
10006548:	d116      	bne.n	10006578 <tu_edpt_claim+0x40>
1000654a:	7823      	ldrb	r3, [r4, #0]
1000654c:	075b      	lsls	r3, r3, #29
1000654e:	d501      	bpl.n	10006554 <tu_edpt_claim+0x1c>
10006550:	0028      	movs	r0, r5
10006552:	bd70      	pop	{r4, r5, r6, pc}
10006554:	2101      	movs	r1, #1
10006556:	4249      	negs	r1, r1
10006558:	f000 fcca 	bl	10006ef0 <__mutex_enter_timeout_ms_veneer>
1000655c:	7823      	ldrb	r3, [r4, #0]
1000655e:	07db      	lsls	r3, r3, #31
10006560:	0fdd      	lsrs	r5, r3, #31
10006562:	2b00      	cmp	r3, #0
10006564:	d10a      	bne.n	1000657c <tu_edpt_claim+0x44>
10006566:	7823      	ldrb	r3, [r4, #0]
10006568:	075b      	lsls	r3, r3, #29
1000656a:	d408      	bmi.n	1000657e <tu_edpt_claim+0x46>
1000656c:	2204      	movs	r2, #4
1000656e:	7823      	ldrb	r3, [r4, #0]
10006570:	2501      	movs	r5, #1
10006572:	4313      	orrs	r3, r2
10006574:	7023      	strb	r3, [r4, #0]
10006576:	e002      	b.n	1000657e <tu_edpt_claim+0x46>
10006578:	2500      	movs	r5, #0
1000657a:	e7e9      	b.n	10006550 <tu_edpt_claim+0x18>
1000657c:	2500      	movs	r5, #0
1000657e:	0030      	movs	r0, r6
10006580:	f000 fc9e 	bl	10006ec0 <__mutex_exit_veneer>
10006584:	e7e4      	b.n	10006550 <tu_edpt_claim+0x18>
10006586:	46c0      	nop			@ (mov r8, r8)

10006588 <tu_edpt_release>:
10006588:	b570      	push	{r4, r5, r6, lr}
1000658a:	000d      	movs	r5, r1
1000658c:	2101      	movs	r1, #1
1000658e:	0004      	movs	r4, r0
10006590:	4249      	negs	r1, r1
10006592:	0028      	movs	r0, r5
10006594:	f000 fcac 	bl	10006ef0 <__mutex_enter_timeout_ms_veneer>
10006598:	7823      	ldrb	r3, [r4, #0]
1000659a:	075b      	lsls	r3, r3, #29
1000659c:	0fde      	lsrs	r6, r3, #31
1000659e:	2b00      	cmp	r3, #0
100065a0:	db04      	blt.n	100065ac <tu_edpt_release+0x24>
100065a2:	0028      	movs	r0, r5
100065a4:	f000 fc8c 	bl	10006ec0 <__mutex_exit_veneer>
100065a8:	0030      	movs	r0, r6
100065aa:	bd70      	pop	{r4, r5, r6, pc}
100065ac:	7823      	ldrb	r3, [r4, #0]
100065ae:	07db      	lsls	r3, r3, #31
100065b0:	d404      	bmi.n	100065bc <tu_edpt_release+0x34>
100065b2:	2204      	movs	r2, #4
100065b4:	7823      	ldrb	r3, [r4, #0]
100065b6:	4393      	bics	r3, r2
100065b8:	7023      	strb	r3, [r4, #0]
100065ba:	e7f2      	b.n	100065a2 <tu_edpt_release+0x1a>
100065bc:	2600      	movs	r6, #0
100065be:	e7f0      	b.n	100065a2 <tu_edpt_release+0x1a>

100065c0 <tu_edpt_validate>:
100065c0:	7943      	ldrb	r3, [r0, #5]
100065c2:	7902      	ldrb	r2, [r0, #4]
100065c4:	021b      	lsls	r3, r3, #8
100065c6:	4313      	orrs	r3, r2
100065c8:	78c2      	ldrb	r2, [r0, #3]
100065ca:	055b      	lsls	r3, r3, #21
100065cc:	0792      	lsls	r2, r2, #30
100065ce:	0d5b      	lsrs	r3, r3, #21
100065d0:	0f92      	lsrs	r2, r2, #30
100065d2:	2a02      	cmp	r2, #2
100065d4:	d01a      	beq.n	1000660c <tu_edpt_validate+0x4c>
100065d6:	2a03      	cmp	r2, #3
100065d8:	d00b      	beq.n	100065f2 <tu_edpt_validate+0x32>
100065da:	2000      	movs	r0, #0
100065dc:	2a01      	cmp	r2, #1
100065de:	d107      	bne.n	100065f0 <tu_edpt_validate+0x30>
100065e0:	3902      	subs	r1, #2
100065e2:	424a      	negs	r2, r1
100065e4:	4151      	adcs	r1, r2
100065e6:	4a10      	ldr	r2, [pc, #64]	@ (10006628 <tu_edpt_validate+0x68>)
100065e8:	1889      	adds	r1, r1, r2
100065ea:	4299      	cmp	r1, r3
100065ec:	4140      	adcs	r0, r0
100065ee:	b2c0      	uxtb	r0, r0
100065f0:	4770      	bx	lr
100065f2:	3902      	subs	r1, #2
100065f4:	1e4a      	subs	r2, r1, #1
100065f6:	4191      	sbcs	r1, r2
100065f8:	4a0c      	ldr	r2, [pc, #48]	@ (1000662c <tu_edpt_validate+0x6c>)
100065fa:	4249      	negs	r1, r1
100065fc:	4011      	ands	r1, r2
100065fe:	2280      	movs	r2, #128	@ 0x80
10006600:	2000      	movs	r0, #0
10006602:	00d2      	lsls	r2, r2, #3
10006604:	1889      	adds	r1, r1, r2
10006606:	4299      	cmp	r1, r3
10006608:	4140      	adcs	r0, r0
1000660a:	e7f1      	b.n	100065f0 <tu_edpt_validate+0x30>
1000660c:	2902      	cmp	r1, #2
1000660e:	d004      	beq.n	1000661a <tu_edpt_validate+0x5a>
10006610:	2000      	movs	r0, #0
10006612:	2240      	movs	r2, #64	@ 0x40
10006614:	429a      	cmp	r2, r3
10006616:	4140      	adcs	r0, r0
10006618:	e7ea      	b.n	100065f0 <tu_edpt_validate+0x30>
1000661a:	4a05      	ldr	r2, [pc, #20]	@ (10006630 <tu_edpt_validate+0x70>)
1000661c:	1898      	adds	r0, r3, r2
1000661e:	4243      	negs	r3, r0
10006620:	4158      	adcs	r0, r3
10006622:	b2c0      	uxtb	r0, r0
10006624:	e7e4      	b.n	100065f0 <tu_edpt_validate+0x30>
10006626:	46c0      	nop			@ (mov r8, r8)
10006628:	000003ff 	.word	0x000003ff
1000662c:	fffffc40 	.word	0xfffffc40
10006630:	fffffe00 	.word	0xfffffe00

10006634 <tu_edpt_bind_driver>:
10006634:	4684      	mov	ip, r0
10006636:	1888      	adds	r0, r1, r2
10006638:	b530      	push	{r4, r5, lr}
1000663a:	001c      	movs	r4, r3
1000663c:	4281      	cmp	r1, r0
1000663e:	d206      	bcs.n	1000664e <tu_edpt_bind_driver+0x1a>
10006640:	784a      	ldrb	r2, [r1, #1]
10006642:	2a05      	cmp	r2, #5
10006644:	d004      	beq.n	10006650 <tu_edpt_bind_driver+0x1c>
10006646:	780a      	ldrb	r2, [r1, #0]
10006648:	1889      	adds	r1, r1, r2
1000664a:	4288      	cmp	r0, r1
1000664c:	d8f8      	bhi.n	10006640 <tu_edpt_bind_driver+0xc>
1000664e:	bd30      	pop	{r4, r5, pc}
10006650:	227f      	movs	r2, #127	@ 0x7f
10006652:	788b      	ldrb	r3, [r1, #2]
10006654:	401a      	ands	r2, r3
10006656:	0052      	lsls	r2, r2, #1
10006658:	4462      	add	r2, ip
1000665a:	09db      	lsrs	r3, r3, #7
1000665c:	54d4      	strb	r4, [r2, r3]
1000665e:	780a      	ldrb	r2, [r1, #0]
10006660:	1889      	adds	r1, r1, r2
10006662:	4288      	cmp	r0, r1
10006664:	d8ec      	bhi.n	10006640 <tu_edpt_bind_driver+0xc>
10006666:	e7f2      	b.n	1000664e <tu_edpt_bind_driver+0x1a>

10006668 <tu_fifo_config>:
10006668:	b5f0      	push	{r4, r5, r6, r7, lr}
1000666a:	46c6      	mov	lr, r8
1000666c:	b500      	push	{lr}
1000666e:	4698      	mov	r8, r3
10006670:	466b      	mov	r3, sp
10006672:	7e1e      	ldrb	r6, [r3, #24]
10006674:	2380      	movs	r3, #128	@ 0x80
10006676:	0004      	movs	r4, r0
10006678:	000f      	movs	r7, r1
1000667a:	0015      	movs	r5, r2
1000667c:	021b      	lsls	r3, r3, #8
1000667e:	429a      	cmp	r2, r3
10006680:	d826      	bhi.n	100066d0 <tu_fifo_config+0x68>
10006682:	68c0      	ldr	r0, [r0, #12]
10006684:	2800      	cmp	r0, #0
10006686:	d003      	beq.n	10006690 <tu_fifo_config+0x28>
10006688:	2101      	movs	r1, #1
1000668a:	4249      	negs	r1, r1
1000668c:	f000 fc30 	bl	10006ef0 <__mutex_enter_timeout_ms_veneer>
10006690:	6920      	ldr	r0, [r4, #16]
10006692:	2800      	cmp	r0, #0
10006694:	d003      	beq.n	1000669e <tu_fifo_config+0x36>
10006696:	2101      	movs	r1, #1
10006698:	4249      	negs	r1, r1
1000669a:	f000 fc29 	bl	10006ef0 <__mutex_enter_timeout_ms_veneer>
1000669e:	4642      	mov	r2, r8
100066a0:	0452      	lsls	r2, r2, #17
100066a2:	03f3      	lsls	r3, r6, #15
100066a4:	0c52      	lsrs	r2, r2, #17
100066a6:	4313      	orrs	r3, r2
100066a8:	80e3      	strh	r3, [r4, #6]
100066aa:	2300      	movs	r3, #0
100066ac:	68e0      	ldr	r0, [r4, #12]
100066ae:	8163      	strh	r3, [r4, #10]
100066b0:	6027      	str	r7, [r4, #0]
100066b2:	80a5      	strh	r5, [r4, #4]
100066b4:	8123      	strh	r3, [r4, #8]
100066b6:	2800      	cmp	r0, #0
100066b8:	d001      	beq.n	100066be <tu_fifo_config+0x56>
100066ba:	f000 fc01 	bl	10006ec0 <__mutex_exit_veneer>
100066be:	6920      	ldr	r0, [r4, #16]
100066c0:	2800      	cmp	r0, #0
100066c2:	d001      	beq.n	100066c8 <tu_fifo_config+0x60>
100066c4:	f000 fbfc 	bl	10006ec0 <__mutex_exit_veneer>
100066c8:	2001      	movs	r0, #1
100066ca:	bc80      	pop	{r7}
100066cc:	46b8      	mov	r8, r7
100066ce:	bdf0      	pop	{r4, r5, r6, r7, pc}
100066d0:	2000      	movs	r0, #0
100066d2:	e7fa      	b.n	100066ca <tu_fifo_config+0x62>

100066d4 <tu_fifo_count>:
100066d4:	8903      	ldrh	r3, [r0, #8]
100066d6:	8941      	ldrh	r1, [r0, #10]
100066d8:	469c      	mov	ip, r3
100066da:	8882      	ldrh	r2, [r0, #4]
100066dc:	b29b      	uxth	r3, r3
100066de:	b288      	uxth	r0, r1
100066e0:	458c      	cmp	ip, r1
100066e2:	d307      	bcc.n	100066f4 <tu_fifo_count+0x20>
100066e4:	1a1b      	subs	r3, r3, r0
100066e6:	b29b      	uxth	r3, r3
100066e8:	1c10      	adds	r0, r2, #0
100066ea:	429a      	cmp	r2, r3
100066ec:	d900      	bls.n	100066f0 <tu_fifo_count+0x1c>
100066ee:	1c18      	adds	r0, r3, #0
100066f0:	b280      	uxth	r0, r0
100066f2:	4770      	bx	lr
100066f4:	0051      	lsls	r1, r2, #1
100066f6:	1a09      	subs	r1, r1, r0
100066f8:	185b      	adds	r3, r3, r1
100066fa:	b29b      	uxth	r3, r3
100066fc:	e7f4      	b.n	100066e8 <tu_fifo_count+0x14>
100066fe:	46c0      	nop			@ (mov r8, r8)

10006700 <tu_fifo_empty>:
10006700:	8903      	ldrh	r3, [r0, #8]
10006702:	8940      	ldrh	r0, [r0, #10]
10006704:	1a18      	subs	r0, r3, r0
10006706:	4243      	negs	r3, r0
10006708:	4158      	adcs	r0, r3
1000670a:	b2c0      	uxtb	r0, r0
1000670c:	4770      	bx	lr
1000670e:	46c0      	nop			@ (mov r8, r8)

10006710 <tu_fifo_remaining>:
10006710:	8903      	ldrh	r3, [r0, #8]
10006712:	8941      	ldrh	r1, [r0, #10]
10006714:	469c      	mov	ip, r3
10006716:	8882      	ldrh	r2, [r0, #4]
10006718:	b29b      	uxth	r3, r3
1000671a:	b288      	uxth	r0, r1
1000671c:	458c      	cmp	ip, r1
1000671e:	d307      	bcc.n	10006730 <tu_fifo_remaining+0x20>
10006720:	1a1b      	subs	r3, r3, r0
10006722:	b29b      	uxth	r3, r3
10006724:	2000      	movs	r0, #0
10006726:	429a      	cmp	r2, r3
10006728:	d901      	bls.n	1000672e <tu_fifo_remaining+0x1e>
1000672a:	1ad2      	subs	r2, r2, r3
1000672c:	b290      	uxth	r0, r2
1000672e:	4770      	bx	lr
10006730:	0051      	lsls	r1, r2, #1
10006732:	1a09      	subs	r1, r1, r0
10006734:	185b      	adds	r3, r3, r1
10006736:	b29b      	uxth	r3, r3
10006738:	e7f4      	b.n	10006724 <tu_fifo_remaining+0x14>
1000673a:	46c0      	nop			@ (mov r8, r8)

1000673c <tu_fifo_read>:
1000673c:	b570      	push	{r4, r5, r6, lr}
1000673e:	0004      	movs	r4, r0
10006740:	6900      	ldr	r0, [r0, #16]
10006742:	000d      	movs	r5, r1
10006744:	2800      	cmp	r0, #0
10006746:	d003      	beq.n	10006750 <tu_fifo_read+0x14>
10006748:	2101      	movs	r1, #1
1000674a:	4249      	negs	r1, r1
1000674c:	f000 fbd0 	bl	10006ef0 <__mutex_enter_timeout_ms_veneer>
10006750:	8923      	ldrh	r3, [r4, #8]
10006752:	8962      	ldrh	r2, [r4, #10]
10006754:	469c      	mov	ip, r3
10006756:	b298      	uxth	r0, r3
10006758:	b291      	uxth	r1, r2
1000675a:	88a3      	ldrh	r3, [r4, #4]
1000675c:	4594      	cmp	ip, r2
1000675e:	d332      	bcc.n	100067c6 <tu_fifo_read+0x8a>
10006760:	1a42      	subs	r2, r0, r1
10006762:	b292      	uxth	r2, r2
10006764:	2a00      	cmp	r2, #0
10006766:	d027      	beq.n	100067b8 <tu_fifo_read+0x7c>
10006768:	4293      	cmp	r3, r2
1000676a:	d208      	bcs.n	1000677e <tu_fifo_read+0x42>
1000676c:	4298      	cmp	r0, r3
1000676e:	d32f      	bcc.n	100067d0 <tu_fifo_read+0x94>
10006770:	1ac0      	subs	r0, r0, r3
10006772:	b281      	uxth	r1, r0
10006774:	8161      	strh	r1, [r4, #10]
10006776:	428b      	cmp	r3, r1
10006778:	d803      	bhi.n	10006782 <tu_fifo_read+0x46>
1000677a:	1ac9      	subs	r1, r1, r3
1000677c:	b289      	uxth	r1, r1
1000677e:	428b      	cmp	r3, r1
10006780:	d9fb      	bls.n	1000677a <tu_fifo_read+0x3e>
10006782:	88e2      	ldrh	r2, [r4, #6]
10006784:	6823      	ldr	r3, [r4, #0]
10006786:	0452      	lsls	r2, r2, #17
10006788:	0c52      	lsrs	r2, r2, #17
1000678a:	4351      	muls	r1, r2
1000678c:	0028      	movs	r0, r5
1000678e:	1859      	adds	r1, r3, r1
10006790:	f7fc fa50 	bl	10002c34 <__wrap___aeabi_memcpy>
10006794:	8961      	ldrh	r1, [r4, #10]
10006796:	2501      	movs	r5, #1
10006798:	1c4a      	adds	r2, r1, #1
1000679a:	b292      	uxth	r2, r2
1000679c:	88a3      	ldrh	r3, [r4, #4]
1000679e:	4291      	cmp	r1, r2
100067a0:	d90d      	bls.n	100067be <tu_fifo_read+0x82>
100067a2:	2200      	movs	r2, #0
100067a4:	005b      	lsls	r3, r3, #1
100067a6:	1ad2      	subs	r2, r2, r3
100067a8:	6920      	ldr	r0, [r4, #16]
100067aa:	8162      	strh	r2, [r4, #10]
100067ac:	2800      	cmp	r0, #0
100067ae:	d001      	beq.n	100067b4 <tu_fifo_read+0x78>
100067b0:	f000 fb86 	bl	10006ec0 <__mutex_exit_veneer>
100067b4:	0028      	movs	r0, r5
100067b6:	bd70      	pop	{r4, r5, r6, pc}
100067b8:	2500      	movs	r5, #0
100067ba:	8962      	ldrh	r2, [r4, #10]
100067bc:	b292      	uxth	r2, r2
100067be:	005b      	lsls	r3, r3, #1
100067c0:	429a      	cmp	r2, r3
100067c2:	dbf1      	blt.n	100067a8 <tu_fifo_read+0x6c>
100067c4:	e7ef      	b.n	100067a6 <tu_fifo_read+0x6a>
100067c6:	005a      	lsls	r2, r3, #1
100067c8:	1a52      	subs	r2, r2, r1
100067ca:	1882      	adds	r2, r0, r2
100067cc:	b292      	uxth	r2, r2
100067ce:	e7c9      	b.n	10006764 <tu_fifo_read+0x28>
100067d0:	18c0      	adds	r0, r0, r3
100067d2:	b281      	uxth	r1, r0
100067d4:	8161      	strh	r1, [r4, #10]
100067d6:	e7ce      	b.n	10006776 <tu_fifo_read+0x3a>

100067d8 <tu_fifo_read_n>:
100067d8:	b5f0      	push	{r4, r5, r6, r7, lr}
100067da:	4646      	mov	r6, r8
100067dc:	46d6      	mov	lr, sl
100067de:	464f      	mov	r7, r9
100067e0:	b5c0      	push	{r6, r7, lr}
100067e2:	0006      	movs	r6, r0
100067e4:	6900      	ldr	r0, [r0, #16]
100067e6:	468a      	mov	sl, r1
100067e8:	4690      	mov	r8, r2
100067ea:	b082      	sub	sp, #8
100067ec:	2800      	cmp	r0, #0
100067ee:	d003      	beq.n	100067f8 <tu_fifo_read_n+0x20>
100067f0:	2101      	movs	r1, #1
100067f2:	4249      	negs	r1, r1
100067f4:	f000 fb7c 	bl	10006ef0 <__mutex_enter_timeout_ms_veneer>
100067f8:	8931      	ldrh	r1, [r6, #8]
100067fa:	8972      	ldrh	r2, [r6, #10]
100067fc:	88b5      	ldrh	r5, [r6, #4]
100067fe:	b28b      	uxth	r3, r1
10006800:	b294      	uxth	r4, r2
10006802:	4291      	cmp	r1, r2
10006804:	d355      	bcc.n	100068b2 <tu_fifo_read_n+0xda>
10006806:	1b1f      	subs	r7, r3, r4
10006808:	b2bf      	uxth	r7, r7
1000680a:	2f00      	cmp	r7, #0
1000680c:	d04b      	beq.n	100068a6 <tu_fifo_read_n+0xce>
1000680e:	42bd      	cmp	r5, r7
10006810:	d205      	bcs.n	1000681e <tu_fifo_read_n+0x46>
10006812:	42ab      	cmp	r3, r5
10006814:	d252      	bcs.n	100068bc <tu_fifo_read_n+0xe4>
10006816:	195b      	adds	r3, r3, r5
10006818:	b29c      	uxth	r4, r3
1000681a:	002f      	movs	r7, r5
1000681c:	8174      	strh	r4, [r6, #10]
1000681e:	4643      	mov	r3, r8
10006820:	45b8      	cmp	r8, r7
10006822:	d83e      	bhi.n	100068a2 <tu_fifo_read_n+0xca>
10006824:	b29f      	uxth	r7, r3
10006826:	42a5      	cmp	r5, r4
10006828:	d803      	bhi.n	10006832 <tu_fifo_read_n+0x5a>
1000682a:	1b64      	subs	r4, r4, r5
1000682c:	b2a4      	uxth	r4, r4
1000682e:	42a5      	cmp	r5, r4
10006830:	d9fb      	bls.n	1000682a <tu_fifo_read_n+0x52>
10006832:	88f2      	ldrh	r2, [r6, #6]
10006834:	6831      	ldr	r1, [r6, #0]
10006836:	0452      	lsls	r2, r2, #17
10006838:	0c50      	lsrs	r0, r2, #17
1000683a:	0002      	movs	r2, r0
1000683c:	4362      	muls	r2, r4
1000683e:	1b2b      	subs	r3, r5, r4
10006840:	b29b      	uxth	r3, r3
10006842:	1889      	adds	r1, r1, r2
10006844:	9001      	str	r0, [sp, #4]
10006846:	0002      	movs	r2, r0
10006848:	429f      	cmp	r7, r3
1000684a:	d925      	bls.n	10006898 <tu_fifo_read_n+0xc0>
1000684c:	4343      	muls	r3, r0
1000684e:	b29b      	uxth	r3, r3
10006850:	001a      	movs	r2, r3
10006852:	4650      	mov	r0, sl
10006854:	4699      	mov	r9, r3
10006856:	f7fc f9ed 	bl	10002c34 <__wrap___aeabi_memcpy>
1000685a:	4650      	mov	r0, sl
1000685c:	9a01      	ldr	r2, [sp, #4]
1000685e:	1b7d      	subs	r5, r7, r5
10006860:	1964      	adds	r4, r4, r5
10006862:	4354      	muls	r4, r2
10006864:	6831      	ldr	r1, [r6, #0]
10006866:	4448      	add	r0, r9
10006868:	b2a2      	uxth	r2, r4
1000686a:	f7fc f9e3 	bl	10002c34 <__wrap___aeabi_memcpy>
1000686e:	8971      	ldrh	r1, [r6, #10]
10006870:	88b5      	ldrh	r5, [r6, #4]
10006872:	19cb      	adds	r3, r1, r7
10006874:	b29b      	uxth	r3, r3
10006876:	006a      	lsls	r2, r5, #1
10006878:	4299      	cmp	r1, r3
1000687a:	d916      	bls.n	100068aa <tu_fifo_read_n+0xd2>
1000687c:	1a9b      	subs	r3, r3, r2
1000687e:	6930      	ldr	r0, [r6, #16]
10006880:	8173      	strh	r3, [r6, #10]
10006882:	2800      	cmp	r0, #0
10006884:	d001      	beq.n	1000688a <tu_fifo_read_n+0xb2>
10006886:	f000 fb1b 	bl	10006ec0 <__mutex_exit_veneer>
1000688a:	0038      	movs	r0, r7
1000688c:	b002      	add	sp, #8
1000688e:	bce0      	pop	{r5, r6, r7}
10006890:	46ba      	mov	sl, r7
10006892:	46b1      	mov	r9, r6
10006894:	46a8      	mov	r8, r5
10006896:	bdf0      	pop	{r4, r5, r6, r7, pc}
10006898:	4650      	mov	r0, sl
1000689a:	437a      	muls	r2, r7
1000689c:	f7fc f9ca 	bl	10002c34 <__wrap___aeabi_memcpy>
100068a0:	e7e5      	b.n	1000686e <tu_fifo_read_n+0x96>
100068a2:	1c3b      	adds	r3, r7, #0
100068a4:	e7be      	b.n	10006824 <tu_fifo_read_n+0x4c>
100068a6:	8973      	ldrh	r3, [r6, #10]
100068a8:	b29b      	uxth	r3, r3
100068aa:	006a      	lsls	r2, r5, #1
100068ac:	4293      	cmp	r3, r2
100068ae:	dbe6      	blt.n	1000687e <tu_fifo_read_n+0xa6>
100068b0:	e7e4      	b.n	1000687c <tu_fifo_read_n+0xa4>
100068b2:	006f      	lsls	r7, r5, #1
100068b4:	1b3f      	subs	r7, r7, r4
100068b6:	19df      	adds	r7, r3, r7
100068b8:	b2bf      	uxth	r7, r7
100068ba:	e7a6      	b.n	1000680a <tu_fifo_read_n+0x32>
100068bc:	1b5b      	subs	r3, r3, r5
100068be:	b29c      	uxth	r4, r3
100068c0:	e7ab      	b.n	1000681a <tu_fifo_read_n+0x42>
100068c2:	46c0      	nop			@ (mov r8, r8)

100068c4 <tu_fifo_write>:
100068c4:	b5f8      	push	{r3, r4, r5, r6, r7, lr}
100068c6:	0004      	movs	r4, r0
100068c8:	68c0      	ldr	r0, [r0, #12]
100068ca:	000f      	movs	r7, r1
100068cc:	2800      	cmp	r0, #0
100068ce:	d003      	beq.n	100068d8 <tu_fifo_write+0x14>
100068d0:	2101      	movs	r1, #1
100068d2:	4249      	negs	r1, r1
100068d4:	f000 fb0c 	bl	10006ef0 <__mutex_enter_timeout_ms_veneer>
100068d8:	8925      	ldrh	r5, [r4, #8]
100068da:	8920      	ldrh	r0, [r4, #8]
100068dc:	8961      	ldrh	r1, [r4, #10]
100068de:	88a2      	ldrh	r2, [r4, #4]
100068e0:	b2ad      	uxth	r5, r5
100068e2:	b283      	uxth	r3, r0
100068e4:	b28e      	uxth	r6, r1
100068e6:	4288      	cmp	r0, r1
100068e8:	d328      	bcc.n	1000693c <tu_fifo_write+0x78>
100068ea:	1b9b      	subs	r3, r3, r6
100068ec:	b29b      	uxth	r3, r3
100068ee:	429a      	cmp	r2, r3
100068f0:	d809      	bhi.n	10006906 <tu_fifo_write+0x42>
100068f2:	79e6      	ldrb	r6, [r4, #7]
100068f4:	09f6      	lsrs	r6, r6, #7
100068f6:	d106      	bne.n	10006906 <tu_fifo_write+0x42>
100068f8:	68e0      	ldr	r0, [r4, #12]
100068fa:	2800      	cmp	r0, #0
100068fc:	d001      	beq.n	10006902 <tu_fifo_write+0x3e>
100068fe:	f000 fadf 	bl	10006ec0 <__mutex_exit_veneer>
10006902:	0030      	movs	r0, r6
10006904:	bdf8      	pop	{r3, r4, r5, r6, r7, pc}
10006906:	002b      	movs	r3, r5
10006908:	4295      	cmp	r5, r2
1000690a:	d31c      	bcc.n	10006946 <tu_fifo_write+0x82>
1000690c:	1a9b      	subs	r3, r3, r2
1000690e:	b29b      	uxth	r3, r3
10006910:	4293      	cmp	r3, r2
10006912:	d2fb      	bcs.n	1000690c <tu_fifo_write+0x48>
10006914:	88e2      	ldrh	r2, [r4, #6]
10006916:	6820      	ldr	r0, [r4, #0]
10006918:	0452      	lsls	r2, r2, #17
1000691a:	0c52      	lsrs	r2, r2, #17
1000691c:	4353      	muls	r3, r2
1000691e:	0039      	movs	r1, r7
10006920:	18c0      	adds	r0, r0, r3
10006922:	f7fc f987 	bl	10002c34 <__wrap___aeabi_memcpy>
10006926:	1c6b      	adds	r3, r5, #1
10006928:	b29b      	uxth	r3, r3
1000692a:	88a2      	ldrh	r2, [r4, #4]
1000692c:	429d      	cmp	r5, r3
1000692e:	d916      	bls.n	1000695e <tu_fifo_write+0x9a>
10006930:	2300      	movs	r3, #0
10006932:	0052      	lsls	r2, r2, #1
10006934:	1a9b      	subs	r3, r3, r2
10006936:	2601      	movs	r6, #1
10006938:	8123      	strh	r3, [r4, #8]
1000693a:	e7dd      	b.n	100068f8 <tu_fifo_write+0x34>
1000693c:	0051      	lsls	r1, r2, #1
1000693e:	1b89      	subs	r1, r1, r6
10006940:	185b      	adds	r3, r3, r1
10006942:	b29b      	uxth	r3, r3
10006944:	e7d3      	b.n	100068ee <tu_fifo_write+0x2a>
10006946:	88e2      	ldrh	r2, [r4, #6]
10006948:	6820      	ldr	r0, [r4, #0]
1000694a:	0452      	lsls	r2, r2, #17
1000694c:	0c52      	lsrs	r2, r2, #17
1000694e:	4353      	muls	r3, r2
10006950:	0039      	movs	r1, r7
10006952:	18c0      	adds	r0, r0, r3
10006954:	f7fc f96e 	bl	10002c34 <__wrap___aeabi_memcpy>
10006958:	3501      	adds	r5, #1
1000695a:	88a2      	ldrh	r2, [r4, #4]
1000695c:	b2ab      	uxth	r3, r5
1000695e:	0052      	lsls	r2, r2, #1
10006960:	4293      	cmp	r3, r2
10006962:	dbe8      	blt.n	10006936 <tu_fifo_write+0x72>
10006964:	e7e6      	b.n	10006934 <tu_fifo_write+0x70>
10006966:	46c0      	nop			@ (mov r8, r8)

10006968 <tu_fifo_write_n>:
10006968:	b5f0      	push	{r4, r5, r6, r7, lr}
1000696a:	464e      	mov	r6, r9
1000696c:	4645      	mov	r5, r8
1000696e:	46de      	mov	lr, fp
10006970:	4657      	mov	r7, sl
10006972:	b5e0      	push	{r5, r6, r7, lr}
10006974:	4689      	mov	r9, r1
10006976:	0005      	movs	r5, r0
10006978:	0016      	movs	r6, r2
1000697a:	b083      	sub	sp, #12
1000697c:	2a00      	cmp	r2, #0
1000697e:	d06b      	beq.n	10006a58 <tu_fifo_write_n+0xf0>
10006980:	68c0      	ldr	r0, [r0, #12]
10006982:	2800      	cmp	r0, #0
10006984:	d003      	beq.n	1000698e <tu_fifo_write_n+0x26>
10006986:	2101      	movs	r1, #1
10006988:	4249      	negs	r1, r1
1000698a:	f000 fab1 	bl	10006ef0 <__mutex_enter_timeout_ms_veneer>
1000698e:	892f      	ldrh	r7, [r5, #8]
10006990:	79ea      	ldrb	r2, [r5, #7]
10006992:	b2bb      	uxth	r3, r7
10006994:	4698      	mov	r8, r3
10006996:	896b      	ldrh	r3, [r5, #10]
10006998:	88af      	ldrh	r7, [r5, #4]
1000699a:	b29b      	uxth	r3, r3
1000699c:	09d2      	lsrs	r2, r2, #7
1000699e:	d13d      	bne.n	10006a1c <tu_fifo_write_n+0xb4>
100069a0:	4598      	cmp	r8, r3
100069a2:	d262      	bcs.n	10006a6a <tu_fifo_write_n+0x102>
100069a4:	007a      	lsls	r2, r7, #1
100069a6:	1ad3      	subs	r3, r2, r3
100069a8:	4443      	add	r3, r8
100069aa:	b29b      	uxth	r3, r3
100069ac:	42bb      	cmp	r3, r7
100069ae:	d261      	bcs.n	10006a74 <tu_fifo_write_n+0x10c>
100069b0:	1afb      	subs	r3, r7, r3
100069b2:	1c1a      	adds	r2, r3, #0
100069b4:	b29b      	uxth	r3, r3
100069b6:	42b3      	cmp	r3, r6
100069b8:	d900      	bls.n	100069bc <tu_fifo_write_n+0x54>
100069ba:	1c32      	adds	r2, r6, #0
100069bc:	b296      	uxth	r6, r2
100069be:	1bf3      	subs	r3, r6, r7
100069c0:	9301      	str	r3, [sp, #4]
100069c2:	4643      	mov	r3, r8
100069c4:	18f3      	adds	r3, r6, r3
100069c6:	b29b      	uxth	r3, r3
100069c8:	469b      	mov	fp, r3
100069ca:	88ea      	ldrh	r2, [r5, #6]
100069cc:	4644      	mov	r4, r8
100069ce:	45b8      	cmp	r8, r7
100069d0:	d303      	bcc.n	100069da <tu_fifo_write_n+0x72>
100069d2:	1be4      	subs	r4, r4, r7
100069d4:	b2a4      	uxth	r4, r4
100069d6:	42bc      	cmp	r4, r7
100069d8:	d2fb      	bcs.n	100069d2 <tu_fifo_write_n+0x6a>
100069da:	0452      	lsls	r2, r2, #17
100069dc:	1b3b      	subs	r3, r7, r4
100069de:	0c57      	lsrs	r7, r2, #17
100069e0:	003a      	movs	r2, r7
100069e2:	4362      	muls	r2, r4
100069e4:	6828      	ldr	r0, [r5, #0]
100069e6:	b29b      	uxth	r3, r3
100069e8:	1880      	adds	r0, r0, r2
100069ea:	42b3      	cmp	r3, r6
100069ec:	d356      	bcc.n	10006a9c <tu_fifo_write_n+0x134>
100069ee:	003a      	movs	r2, r7
100069f0:	4649      	mov	r1, r9
100069f2:	4372      	muls	r2, r6
100069f4:	f7fc f91e 	bl	10002c34 <__wrap___aeabi_memcpy>
100069f8:	88ab      	ldrh	r3, [r5, #4]
100069fa:	005b      	lsls	r3, r3, #1
100069fc:	45d8      	cmp	r8, fp
100069fe:	d801      	bhi.n	10006a04 <tu_fifo_write_n+0x9c>
10006a00:	459b      	cmp	fp, r3
10006a02:	db02      	blt.n	10006a0a <tu_fifo_write_n+0xa2>
10006a04:	465a      	mov	r2, fp
10006a06:	1ad3      	subs	r3, r2, r3
10006a08:	469b      	mov	fp, r3
10006a0a:	465b      	mov	r3, fp
10006a0c:	0037      	movs	r7, r6
10006a0e:	812b      	strh	r3, [r5, #8]
10006a10:	68e8      	ldr	r0, [r5, #12]
10006a12:	2800      	cmp	r0, #0
10006a14:	d021      	beq.n	10006a5a <tu_fifo_write_n+0xf2>
10006a16:	f000 fa53 	bl	10006ec0 <__mutex_exit_veneer>
10006a1a:	e01e      	b.n	10006a5a <tu_fifo_write_n+0xf2>
10006a1c:	42be      	cmp	r6, r7
10006a1e:	d22b      	bcs.n	10006a78 <tu_fifo_write_n+0x110>
10006a20:	4598      	cmp	r8, r3
10006a22:	d34c      	bcc.n	10006abe <tu_fifo_write_n+0x156>
10006a24:	4642      	mov	r2, r8
10006a26:	1ad2      	subs	r2, r2, r3
10006a28:	b292      	uxth	r2, r2
10006a2a:	0079      	lsls	r1, r7, #1
10006a2c:	1bf0      	subs	r0, r6, r7
10006a2e:	1992      	adds	r2, r2, r6
10006a30:	9001      	str	r0, [sp, #4]
10006a32:	428a      	cmp	r2, r1
10006a34:	dbc5      	blt.n	100069c2 <tu_fifo_write_n+0x5a>
10006a36:	19da      	adds	r2, r3, r7
10006a38:	b292      	uxth	r2, r2
10006a3a:	4693      	mov	fp, r2
10006a3c:	1b92      	subs	r2, r2, r6
10006a3e:	b292      	uxth	r2, r2
10006a40:	4690      	mov	r8, r2
10006a42:	4293      	cmp	r3, r2
10006a44:	d940      	bls.n	10006ac8 <tu_fifo_write_n+0x160>
10006a46:	4643      	mov	r3, r8
10006a48:	1a59      	subs	r1, r3, r1
10006a4a:	b28b      	uxth	r3, r1
10006a4c:	4698      	mov	r8, r3
10006a4e:	18f3      	adds	r3, r6, r3
10006a50:	b29b      	uxth	r3, r3
10006a52:	469b      	mov	fp, r3
10006a54:	88ea      	ldrh	r2, [r5, #6]
10006a56:	e7b9      	b.n	100069cc <tu_fifo_write_n+0x64>
10006a58:	2700      	movs	r7, #0
10006a5a:	0038      	movs	r0, r7
10006a5c:	b003      	add	sp, #12
10006a5e:	bcf0      	pop	{r4, r5, r6, r7}
10006a60:	46bb      	mov	fp, r7
10006a62:	46b2      	mov	sl, r6
10006a64:	46a9      	mov	r9, r5
10006a66:	46a0      	mov	r8, r4
10006a68:	bdf0      	pop	{r4, r5, r6, r7, pc}
10006a6a:	4642      	mov	r2, r8
10006a6c:	1ad3      	subs	r3, r2, r3
10006a6e:	b29b      	uxth	r3, r3
10006a70:	42bb      	cmp	r3, r7
10006a72:	d39d      	bcc.n	100069b0 <tu_fifo_write_n+0x48>
10006a74:	2700      	movs	r7, #0
10006a76:	e7cb      	b.n	10006a10 <tu_fifo_write_n+0xa8>
10006a78:	2f00      	cmp	r7, #0
10006a7a:	d0c9      	beq.n	10006a10 <tu_fifo_write_n+0xa8>
10006a7c:	46cc      	mov	ip, r9
10006a7e:	88ea      	ldrh	r2, [r5, #6]
10006a80:	1bf6      	subs	r6, r6, r7
10006a82:	0451      	lsls	r1, r2, #17
10006a84:	0c49      	lsrs	r1, r1, #17
10006a86:	4371      	muls	r1, r6
10006a88:	4698      	mov	r8, r3
10006a8a:	448c      	add	ip, r1
10006a8c:	19d9      	adds	r1, r3, r7
10006a8e:	2300      	movs	r3, #0
10006a90:	b289      	uxth	r1, r1
10006a92:	46e1      	mov	r9, ip
10006a94:	468b      	mov	fp, r1
10006a96:	003e      	movs	r6, r7
10006a98:	9301      	str	r3, [sp, #4]
10006a9a:	e797      	b.n	100069cc <tu_fifo_write_n+0x64>
10006a9c:	437b      	muls	r3, r7
10006a9e:	b29b      	uxth	r3, r3
10006aa0:	001a      	movs	r2, r3
10006aa2:	4649      	mov	r1, r9
10006aa4:	469a      	mov	sl, r3
10006aa6:	f7fc f8c5 	bl	10002c34 <__wrap___aeabi_memcpy>
10006aaa:	4649      	mov	r1, r9
10006aac:	9b01      	ldr	r3, [sp, #4]
10006aae:	6828      	ldr	r0, [r5, #0]
10006ab0:	18e2      	adds	r2, r4, r3
10006ab2:	437a      	muls	r2, r7
10006ab4:	4451      	add	r1, sl
10006ab6:	b292      	uxth	r2, r2
10006ab8:	f7fc f8bc 	bl	10002c34 <__wrap___aeabi_memcpy>
10006abc:	e79c      	b.n	100069f8 <tu_fifo_write_n+0x90>
10006abe:	0079      	lsls	r1, r7, #1
10006ac0:	1aca      	subs	r2, r1, r3
10006ac2:	4442      	add	r2, r8
10006ac4:	b292      	uxth	r2, r2
10006ac6:	e7b1      	b.n	10006a2c <tu_fifo_write_n+0xc4>
10006ac8:	4291      	cmp	r1, r2
10006aca:	ddbc      	ble.n	10006a46 <tu_fifo_write_n+0xde>
10006acc:	e7c2      	b.n	10006a54 <tu_fifo_write_n+0xec>
10006ace:	46c0      	nop			@ (mov r8, r8)

10006ad0 <tu_fifo_clear>:
10006ad0:	b510      	push	{r4, lr}
10006ad2:	0004      	movs	r4, r0
10006ad4:	68c0      	ldr	r0, [r0, #12]
10006ad6:	2800      	cmp	r0, #0
10006ad8:	d003      	beq.n	10006ae2 <tu_fifo_clear+0x12>
10006ada:	2101      	movs	r1, #1
10006adc:	4249      	negs	r1, r1
10006ade:	f000 fa07 	bl	10006ef0 <__mutex_enter_timeout_ms_veneer>
10006ae2:	6920      	ldr	r0, [r4, #16]
10006ae4:	2800      	cmp	r0, #0
10006ae6:	d003      	beq.n	10006af0 <tu_fifo_clear+0x20>
10006ae8:	2101      	movs	r1, #1
10006aea:	4249      	negs	r1, r1
10006aec:	f000 fa00 	bl	10006ef0 <__mutex_enter_timeout_ms_veneer>
10006af0:	2300      	movs	r3, #0
10006af2:	68e0      	ldr	r0, [r4, #12]
10006af4:	8163      	strh	r3, [r4, #10]
10006af6:	8123      	strh	r3, [r4, #8]
10006af8:	2800      	cmp	r0, #0
10006afa:	d001      	beq.n	10006b00 <tu_fifo_clear+0x30>
10006afc:	f000 f9e0 	bl	10006ec0 <__mutex_exit_veneer>
10006b00:	6920      	ldr	r0, [r4, #16]
10006b02:	2800      	cmp	r0, #0
10006b04:	d001      	beq.n	10006b0a <tu_fifo_clear+0x3a>
10006b06:	f000 f9db 	bl	10006ec0 <__mutex_exit_veneer>
10006b0a:	2001      	movs	r0, #1
10006b0c:	bd10      	pop	{r4, pc}
10006b0e:	46c0      	nop			@ (mov r8, r8)

10006b10 <tu_fifo_set_overwritable>:
10006b10:	b570      	push	{r4, r5, r6, lr}
10006b12:	0004      	movs	r4, r0
10006b14:	68c0      	ldr	r0, [r0, #12]
10006b16:	000d      	movs	r5, r1
10006b18:	2800      	cmp	r0, #0
10006b1a:	d003      	beq.n	10006b24 <tu_fifo_set_overwritable+0x14>
10006b1c:	2101      	movs	r1, #1
10006b1e:	4249      	negs	r1, r1
10006b20:	f000 f9e6 	bl	10006ef0 <__mutex_enter_timeout_ms_veneer>
10006b24:	6920      	ldr	r0, [r4, #16]
10006b26:	2800      	cmp	r0, #0
10006b28:	d003      	beq.n	10006b32 <tu_fifo_set_overwritable+0x22>
10006b2a:	2101      	movs	r1, #1
10006b2c:	4249      	negs	r1, r1
10006b2e:	f000 f9df 	bl	10006ef0 <__mutex_enter_timeout_ms_veneer>
10006b32:	217f      	movs	r1, #127	@ 0x7f
10006b34:	79e2      	ldrb	r2, [r4, #7]
10006b36:	01eb      	lsls	r3, r5, #7
10006b38:	4011      	ands	r1, r2
10006b3a:	68e0      	ldr	r0, [r4, #12]
10006b3c:	4319      	orrs	r1, r3
10006b3e:	71e1      	strb	r1, [r4, #7]
10006b40:	2800      	cmp	r0, #0
10006b42:	d001      	beq.n	10006b48 <tu_fifo_set_overwritable+0x38>
10006b44:	f000 f9bc 	bl	10006ec0 <__mutex_exit_veneer>
10006b48:	6920      	ldr	r0, [r4, #16]
10006b4a:	2800      	cmp	r0, #0
10006b4c:	d001      	beq.n	10006b52 <tu_fifo_set_overwritable+0x42>
10006b4e:	f000 f9b7 	bl	10006ec0 <__mutex_exit_veneer>
10006b52:	2001      	movs	r0, #1
10006b54:	bd70      	pop	{r4, r5, r6, pc}
10006b56:	46c0      	nop			@ (mov r8, r8)

10006b58 <dma_claim_unused_channel>:
10006b58:	b500      	push	{lr}
10006b5a:	4b05      	ldr	r3, [pc, #20]	@ (10006b70 <dma_claim_unused_channel+0x18>)
10006b5c:	b083      	sub	sp, #12
10006b5e:	0001      	movs	r1, r0
10006b60:	9300      	str	r3, [sp, #0]
10006b62:	2200      	movs	r2, #0
10006b64:	230b      	movs	r3, #11
10006b66:	4803      	ldr	r0, [pc, #12]	@ (10006b74 <dma_claim_unused_channel+0x1c>)
10006b68:	f7f9 ff72 	bl	10000a50 <hw_claim_unused_from_range>
10006b6c:	b003      	add	sp, #12
10006b6e:	bd00      	pop	{pc}
10006b70:	10007198 	.word	0x10007198
10006b74:	20002a3e 	.word	0x20002a3e

10006b78 <pio_claim_unused_sm>:
10006b78:	b510      	push	{r4, lr}
10006b7a:	4b0a      	ldr	r3, [pc, #40]	@ (10006ba4 <pio_claim_unused_sm+0x2c>)
10006b7c:	4a0a      	ldr	r2, [pc, #40]	@ (10006ba8 <pio_claim_unused_sm+0x30>)
10006b7e:	18c4      	adds	r4, r0, r3
10006b80:	0d24      	lsrs	r4, r4, #20
10006b82:	00a4      	lsls	r4, r4, #2
10006b84:	b082      	sub	sp, #8
10006b86:	9200      	str	r2, [sp, #0]
10006b88:	4808      	ldr	r0, [pc, #32]	@ (10006bac <pio_claim_unused_sm+0x34>)
10006b8a:	0022      	movs	r2, r4
10006b8c:	1ce3      	adds	r3, r4, #3
10006b8e:	f7f9 ff5f 	bl	10000a50 <hw_claim_unused_from_range>
10006b92:	4284      	cmp	r4, r0
10006b94:	dc02      	bgt.n	10006b9c <pio_claim_unused_sm+0x24>
10006b96:	1b00      	subs	r0, r0, r4
10006b98:	b002      	add	sp, #8
10006b9a:	bd10      	pop	{r4, pc}
10006b9c:	2001      	movs	r0, #1
10006b9e:	4240      	negs	r0, r0
10006ba0:	e7fa      	b.n	10006b98 <pio_claim_unused_sm+0x20>
10006ba2:	46c0      	nop			@ (mov r8, r8)
10006ba4:	afe00000 	.word	0xafe00000
10006ba8:	100071b8 	.word	0x100071b8
10006bac:	2000179c 	.word	0x2000179c

10006bb0 <pio_add_program>:
10006bb0:	b5f0      	push	{r4, r5, r6, r7, lr}
10006bb2:	464e      	mov	r6, r9
10006bb4:	4645      	mov	r5, r8
10006bb6:	46de      	mov	lr, fp
10006bb8:	4657      	mov	r7, sl
10006bba:	b5e0      	push	{r5, r6, r7, lr}
10006bbc:	0005      	movs	r5, r0
10006bbe:	b083      	sub	sp, #12
10006bc0:	000f      	movs	r7, r1
10006bc2:	f7f9 ff07 	bl	100009d4 <hw_claim_lock>
10006bc6:	4b32      	ldr	r3, [pc, #200]	@ (10006c90 <pio_add_program+0xe0>)
10006bc8:	4a32      	ldr	r2, [pc, #200]	@ (10006c94 <pio_add_program+0xe4>)
10006bca:	18eb      	adds	r3, r5, r3
10006bcc:	0d1b      	lsrs	r3, r3, #20
10006bce:	009b      	lsls	r3, r3, #2
10006bd0:	4691      	mov	r9, r2
10006bd2:	469c      	mov	ip, r3
10006bd4:	58d3      	ldr	r3, [r2, r3]
10006bd6:	2201      	movs	r2, #1
10006bd8:	793e      	ldrb	r6, [r7, #4]
10006bda:	2105      	movs	r1, #5
10006bdc:	40b2      	lsls	r2, r6
10006bde:	2420      	movs	r4, #32
10006be0:	5679      	ldrsb	r1, [r7, r1]
10006be2:	4680      	mov	r8, r0
10006be4:	3a01      	subs	r2, #1
10006be6:	1ba4      	subs	r4, r4, r6
10006be8:	2900      	cmp	r1, #0
10006bea:	db3f      	blt.n	10006c6c <pio_add_program+0xbc>
10006bec:	428c      	cmp	r4, r1
10006bee:	d33a      	bcc.n	10006c66 <pio_add_program+0xb6>
10006bf0:	0010      	movs	r0, r2
10006bf2:	4088      	lsls	r0, r1
10006bf4:	000c      	movs	r4, r1
10006bf6:	4203      	tst	r3, r0
10006bf8:	d135      	bne.n	10006c66 <pio_add_program+0xb6>
10006bfa:	79b8      	ldrb	r0, [r7, #6]
10006bfc:	2800      	cmp	r0, #0
10006bfe:	d143      	bne.n	10006c88 <pio_add_program+0xd8>
10006c00:	408a      	lsls	r2, r1
10006c02:	0010      	movs	r0, r2
10006c04:	4692      	mov	sl, r2
10006c06:	683f      	ldr	r7, [r7, #0]
10006c08:	401a      	ands	r2, r3
10006c0a:	4218      	tst	r0, r3
10006c0c:	d139      	bne.n	10006c82 <pio_add_program+0xd2>
10006c0e:	2080      	movs	r0, #128	@ 0x80
10006c10:	0180      	lsls	r0, r0, #6
10006c12:	2e00      	cmp	r6, #0
10006c14:	d017      	beq.n	10006c46 <pio_add_program+0x96>
10006c16:	46a3      	mov	fp, r4
10006c18:	002c      	movs	r4, r5
10006c1a:	4665      	mov	r5, ip
10006c1c:	469c      	mov	ip, r3
10006c1e:	0033      	movs	r3, r6
10006c20:	000e      	movs	r6, r1
10006c22:	0011      	movs	r1, r2
10006c24:	9501      	str	r5, [sp, #4]
10006c26:	004a      	lsls	r2, r1, #1
10006c28:	5abd      	ldrh	r5, [r7, r2]
10006c2a:	4285      	cmp	r5, r0
10006c2c:	d200      	bcs.n	10006c30 <pio_add_program+0x80>
10006c2e:	19ad      	adds	r5, r5, r6
10006c30:	1872      	adds	r2, r6, r1
10006c32:	3212      	adds	r2, #18
10006c34:	0092      	lsls	r2, r2, #2
10006c36:	3101      	adds	r1, #1
10006c38:	5115      	str	r5, [r2, r4]
10006c3a:	4299      	cmp	r1, r3
10006c3c:	d3f3      	bcc.n	10006c26 <pio_add_program+0x76>
10006c3e:	9a01      	ldr	r2, [sp, #4]
10006c40:	4663      	mov	r3, ip
10006c42:	465c      	mov	r4, fp
10006c44:	4694      	mov	ip, r2
10006c46:	4652      	mov	r2, sl
10006c48:	4661      	mov	r1, ip
10006c4a:	4313      	orrs	r3, r2
10006c4c:	464a      	mov	r2, r9
10006c4e:	5053      	str	r3, [r2, r1]
10006c50:	4640      	mov	r0, r8
10006c52:	f7f9 fecb 	bl	100009ec <hw_claim_unlock>
10006c56:	0020      	movs	r0, r4
10006c58:	b003      	add	sp, #12
10006c5a:	bcf0      	pop	{r4, r5, r6, r7}
10006c5c:	46bb      	mov	fp, r7
10006c5e:	46b2      	mov	sl, r6
10006c60:	46a9      	mov	r9, r5
10006c62:	46a0      	mov	r8, r4
10006c64:	bdf0      	pop	{r4, r5, r6, r7, pc}
10006c66:	2401      	movs	r4, #1
10006c68:	4264      	negs	r4, r4
10006c6a:	e7f1      	b.n	10006c50 <pio_add_program+0xa0>
10006c6c:	2c00      	cmp	r4, #0
10006c6e:	da02      	bge.n	10006c76 <pio_add_program+0xc6>
10006c70:	e007      	b.n	10006c82 <pio_add_program+0xd2>
10006c72:	3c01      	subs	r4, #1
10006c74:	d305      	bcc.n	10006c82 <pio_add_program+0xd2>
10006c76:	0010      	movs	r0, r2
10006c78:	40a0      	lsls	r0, r4
10006c7a:	0021      	movs	r1, r4
10006c7c:	4203      	tst	r3, r0
10006c7e:	d1f8      	bne.n	10006c72 <pio_add_program+0xc2>
10006c80:	e7bb      	b.n	10006bfa <pio_add_program+0x4a>
10006c82:	2409      	movs	r4, #9
10006c84:	4264      	negs	r4, r4
10006c86:	e7e3      	b.n	10006c50 <pio_add_program+0xa0>
10006c88:	2414      	movs	r4, #20
10006c8a:	4264      	negs	r4, r4
10006c8c:	e7e0      	b.n	10006c50 <pio_add_program+0xa0>
10006c8e:	46c0      	nop			@ (mov r8, r8)
10006c90:	afe00000 	.word	0xafe00000
10006c94:	20001684 	.word	0x20001684

10006c98 <pio_sm_set_consecutive_pindirs>:
10006c98:	b5f0      	push	{r4, r5, r6, r7, lr}
10006c9a:	464e      	mov	r6, r9
10006c9c:	46de      	mov	lr, fp
10006c9e:	4657      	mov	r7, sl
10006ca0:	4645      	mov	r5, r8
10006ca2:	b5e0      	push	{r5, r6, r7, lr}
10006ca4:	b083      	sub	sp, #12
10006ca6:	000c      	movs	r4, r1
10006ca8:	4689      	mov	r9, r1
10006caa:	a90c      	add	r1, sp, #48	@ 0x30
10006cac:	4684      	mov	ip, r0
10006cae:	7808      	ldrb	r0, [r1, #0]
10006cb0:	2a1f      	cmp	r2, #31
10006cb2:	d842      	bhi.n	10006d3a <pio_sm_set_consecutive_pindirs+0xa2>
10006cb4:	0061      	lsls	r1, r4, #1
10006cb6:	9101      	str	r1, [sp, #4]
10006cb8:	1909      	adds	r1, r1, r4
10006cba:	4664      	mov	r4, ip
10006cbc:	00c9      	lsls	r1, r1, #3
10006cbe:	1864      	adds	r4, r4, r1
10006cc0:	0025      	movs	r5, r4
10006cc2:	35dc      	adds	r5, #220	@ 0xdc
10006cc4:	682e      	ldr	r6, [r5, #0]
10006cc6:	46b2      	mov	sl, r6
10006cc8:	0026      	movs	r6, r4
10006cca:	36cc      	adds	r6, #204	@ 0xcc
10006ccc:	6836      	ldr	r6, [r6, #0]
10006cce:	46b3      	mov	fp, r6
10006cd0:	4e1b      	ldr	r6, [pc, #108]	@ (10006d40 <pio_sm_set_consecutive_pindirs+0xa8>)
10006cd2:	19a1      	adds	r1, r4, r6
10006cd4:	2680      	movs	r6, #128	@ 0x80
10006cd6:	02b6      	lsls	r6, r6, #10
10006cd8:	600e      	str	r6, [r1, #0]
10006cda:	1e41      	subs	r1, r0, #1
10006cdc:	4188      	sbcs	r0, r1
10006cde:	4241      	negs	r1, r0
10006ce0:	201f      	movs	r0, #31
10006ce2:	4008      	ands	r0, r1
10006ce4:	4917      	ldr	r1, [pc, #92]	@ (10006d44 <pio_sm_set_consecutive_pindirs+0xac>)
10006ce6:	1840      	adds	r0, r0, r1
10006ce8:	2b05      	cmp	r3, #5
10006cea:	d90c      	bls.n	10006d06 <pio_sm_set_consecutive_pindirs+0x6e>
10006cec:	27a0      	movs	r7, #160	@ 0xa0
10006cee:	261f      	movs	r6, #31
10006cf0:	057f      	lsls	r7, r7, #21
10006cf2:	34d8      	adds	r4, #216	@ 0xd8
10006cf4:	0151      	lsls	r1, r2, #5
10006cf6:	4339      	orrs	r1, r7
10006cf8:	3205      	adds	r2, #5
10006cfa:	3b05      	subs	r3, #5
10006cfc:	6029      	str	r1, [r5, #0]
10006cfe:	4032      	ands	r2, r6
10006d00:	6020      	str	r0, [r4, #0]
10006d02:	2b05      	cmp	r3, #5
10006d04:	d8f6      	bhi.n	10006cf4 <pio_sm_set_consecutive_pindirs+0x5c>
10006d06:	0152      	lsls	r2, r2, #5
10006d08:	069b      	lsls	r3, r3, #26
10006d0a:	4313      	orrs	r3, r2
10006d0c:	9a01      	ldr	r2, [sp, #4]
10006d0e:	444a      	add	r2, r9
10006d10:	00d2      	lsls	r2, r2, #3
10006d12:	4462      	add	r2, ip
10006d14:	0011      	movs	r1, r2
10006d16:	31dc      	adds	r1, #220	@ 0xdc
10006d18:	600b      	str	r3, [r1, #0]
10006d1a:	0013      	movs	r3, r2
10006d1c:	33d8      	adds	r3, #216	@ 0xd8
10006d1e:	6018      	str	r0, [r3, #0]
10006d20:	4653      	mov	r3, sl
10006d22:	600b      	str	r3, [r1, #0]
10006d24:	465b      	mov	r3, fp
10006d26:	2000      	movs	r0, #0
10006d28:	32cc      	adds	r2, #204	@ 0xcc
10006d2a:	6013      	str	r3, [r2, #0]
10006d2c:	b003      	add	sp, #12
10006d2e:	bcf0      	pop	{r4, r5, r6, r7}
10006d30:	46bb      	mov	fp, r7
10006d32:	46b2      	mov	sl, r6
10006d34:	46a9      	mov	r9, r5
10006d36:	46a0      	mov	r8, r4
10006d38:	bdf0      	pop	{r4, r5, r6, r7, pc}
10006d3a:	2005      	movs	r0, #5
10006d3c:	4240      	negs	r0, r0
10006d3e:	e7f5      	b.n	10006d2c <pio_sm_set_consecutive_pindirs+0x94>
10006d40:	000030cc 	.word	0x000030cc
10006d44:	0000e080 	.word	0x0000e080

10006d48 <pio_sm_init>:
10006d48:	4694      	mov	ip, r2
10006d4a:	2201      	movs	r2, #1
10006d4c:	408a      	lsls	r2, r1
10006d4e:	b570      	push	{r4, r5, r6, lr}
10006d50:	46c6      	mov	lr, r8
10006d52:	001c      	movs	r4, r3
10006d54:	6803      	ldr	r3, [r0, #0]
10006d56:	b500      	push	{lr}
10006d58:	4393      	bics	r3, r2
10006d5a:	6003      	str	r3, [r0, #0]
10006d5c:	2c00      	cmp	r4, #0
10006d5e:	d030      	beq.n	10006dc2 <pio_sm_init+0x7a>
10006d60:	004a      	lsls	r2, r1, #1
10006d62:	1853      	adds	r3, r2, r1
10006d64:	00db      	lsls	r3, r3, #3
10006d66:	18c3      	adds	r3, r0, r3
10006d68:	001d      	movs	r5, r3
10006d6a:	6826      	ldr	r6, [r4, #0]
10006d6c:	35c8      	adds	r5, #200	@ 0xc8
10006d6e:	602e      	str	r6, [r5, #0]
10006d70:	68a6      	ldr	r6, [r4, #8]
10006d72:	3504      	adds	r5, #4
10006d74:	606e      	str	r6, [r5, #4]
10006d76:	6866      	ldr	r6, [r4, #4]
10006d78:	68e4      	ldr	r4, [r4, #12]
10006d7a:	33dc      	adds	r3, #220	@ 0xdc
10006d7c:	602e      	str	r6, [r5, #0]
10006d7e:	601c      	str	r4, [r3, #0]
10006d80:	1853      	adds	r3, r2, r1
10006d82:	00db      	lsls	r3, r3, #3
10006d84:	4c18      	ldr	r4, [pc, #96]	@ (10006de8 <pio_sm_init+0xa0>)
10006d86:	18c2      	adds	r2, r0, r3
10006d88:	1912      	adds	r2, r2, r4
10006d8a:	2480      	movs	r4, #128	@ 0x80
10006d8c:	0624      	lsls	r4, r4, #24
10006d8e:	6014      	str	r4, [r2, #0]
10006d90:	6014      	str	r4, [r2, #0]
10006d92:	4a16      	ldr	r2, [pc, #88]	@ (10006dec <pio_sm_init+0xa4>)
10006d94:	1d0c      	adds	r4, r1, #4
10006d96:	408a      	lsls	r2, r1
10006d98:	6082      	str	r2, [r0, #8]
10006d9a:	2201      	movs	r2, #1
10006d9c:	0015      	movs	r5, r2
10006d9e:	40a5      	lsls	r5, r4
10006da0:	2480      	movs	r4, #128	@ 0x80
10006da2:	3108      	adds	r1, #8
10006da4:	408a      	lsls	r2, r1
10006da6:	01a4      	lsls	r4, r4, #6
10006da8:	1904      	adds	r4, r0, r4
10006daa:	6025      	str	r5, [r4, #0]
10006dac:	4661      	mov	r1, ip
10006dae:	6022      	str	r2, [r4, #0]
10006db0:	221f      	movs	r2, #31
10006db2:	18c0      	adds	r0, r0, r3
10006db4:	400a      	ands	r2, r1
10006db6:	30d8      	adds	r0, #216	@ 0xd8
10006db8:	6002      	str	r2, [r0, #0]
10006dba:	2000      	movs	r0, #0
10006dbc:	bc40      	pop	{r6}
10006dbe:	46b0      	mov	r8, r6
10006dc0:	bd70      	pop	{r4, r5, r6, pc}
10006dc2:	004a      	lsls	r2, r1, #1
10006dc4:	1853      	adds	r3, r2, r1
10006dc6:	00db      	lsls	r3, r3, #3
10006dc8:	18c3      	adds	r3, r0, r3
10006dca:	001d      	movs	r5, r3
10006dcc:	2680      	movs	r6, #128	@ 0x80
10006dce:	35c8      	adds	r5, #200	@ 0xc8
10006dd0:	0276      	lsls	r6, r6, #9
10006dd2:	602e      	str	r6, [r5, #0]
10006dd4:	26c0      	movs	r6, #192	@ 0xc0
10006dd6:	0336      	lsls	r6, r6, #12
10006dd8:	60ae      	str	r6, [r5, #8]
10006dda:	26f8      	movs	r6, #248	@ 0xf8
10006ddc:	3504      	adds	r5, #4
10006dde:	0276      	lsls	r6, r6, #9
10006de0:	33dc      	adds	r3, #220	@ 0xdc
10006de2:	602e      	str	r6, [r5, #0]
10006de4:	601c      	str	r4, [r3, #0]
10006de6:	e7cb      	b.n	10006d80 <pio_sm_init+0x38>
10006de8:	000010d0 	.word	0x000010d0
10006dec:	01010101 	.word	0x01010101

10006df0 <strlen>:
10006df0:	0003      	movs	r3, r0
10006df2:	4684      	mov	ip, r0
10006df4:	079b      	lsls	r3, r3, #30
10006df6:	d00b      	beq.n	10006e10 <strlen+0x20>
10006df8:	0003      	movs	r3, r0
10006dfa:	2103      	movs	r1, #3
10006dfc:	e002      	b.n	10006e04 <strlen+0x14>
10006dfe:	3301      	adds	r3, #1
10006e00:	420b      	tst	r3, r1
10006e02:	d006      	beq.n	10006e12 <strlen+0x22>
10006e04:	781a      	ldrb	r2, [r3, #0]
10006e06:	2a00      	cmp	r2, #0
10006e08:	d1f9      	bne.n	10006dfe <strlen+0xe>
10006e0a:	4662      	mov	r2, ip
10006e0c:	1a98      	subs	r0, r3, r2
10006e0e:	4770      	bx	lr
10006e10:	0003      	movs	r3, r0
10006e12:	6819      	ldr	r1, [r3, #0]
10006e14:	4a0c      	ldr	r2, [pc, #48]	@ (10006e48 <strlen+0x58>)
10006e16:	480d      	ldr	r0, [pc, #52]	@ (10006e4c <strlen+0x5c>)
10006e18:	188a      	adds	r2, r1, r2
10006e1a:	438a      	bics	r2, r1
10006e1c:	4202      	tst	r2, r0
10006e1e:	d10f      	bne.n	10006e40 <strlen+0x50>
10006e20:	6859      	ldr	r1, [r3, #4]
10006e22:	4a09      	ldr	r2, [pc, #36]	@ (10006e48 <strlen+0x58>)
10006e24:	3304      	adds	r3, #4
10006e26:	188a      	adds	r2, r1, r2
10006e28:	438a      	bics	r2, r1
10006e2a:	4202      	tst	r2, r0
10006e2c:	d108      	bne.n	10006e40 <strlen+0x50>
10006e2e:	6859      	ldr	r1, [r3, #4]
10006e30:	4a05      	ldr	r2, [pc, #20]	@ (10006e48 <strlen+0x58>)
10006e32:	3304      	adds	r3, #4
10006e34:	188a      	adds	r2, r1, r2
10006e36:	438a      	bics	r2, r1
10006e38:	4202      	tst	r2, r0
10006e3a:	d0f1      	beq.n	10006e20 <strlen+0x30>
10006e3c:	e000      	b.n	10006e40 <strlen+0x50>
10006e3e:	3301      	adds	r3, #1
10006e40:	781a      	ldrb	r2, [r3, #0]
10006e42:	2a00      	cmp	r2, #0
10006e44:	d1fb      	bne.n	10006e3e <strlen+0x4e>
10006e46:	e7e0      	b.n	10006e0a <strlen+0x1a>
10006e48:	fefefeff 	.word	0xfefefeff
10006e4c:	80808080 	.word	0x80808080

10006e50 <____aeabi_ldiv0_veneer>:
10006e50:	b401      	push	{r0}
10006e52:	4802      	ldr	r0, [pc, #8]	@ (10006e5c <____aeabi_ldiv0_veneer+0xc>)
10006e54:	4684      	mov	ip, r0
10006e56:	bc01      	pop	{r0}
10006e58:	4760      	bx	ip
10006e5a:	bf00      	nop
10006e5c:	20000eb9 	.word	0x20000eb9

10006e60 <__e15_is_bulkin_ep_veneer>:
10006e60:	b401      	push	{r0}
10006e62:	4802      	ldr	r0, [pc, #8]	@ (10006e6c <__e15_is_bulkin_ep_veneer+0xc>)
10006e64:	4684      	mov	ip, r0
10006e66:	bc01      	pop	{r0}
10006e68:	4760      	bx	ip
10006e6a:	bf00      	nop
10006e6c:	20000b89 	.word	0x20000b89

10006e70 <__e15_is_critical_frame_period_veneer>:
10006e70:	b401      	push	{r0}
10006e72:	4802      	ldr	r0, [pc, #8]	@ (10006e7c <__e15_is_critical_frame_period_veneer+0xc>)
10006e74:	4684      	mov	ip, r0
10006e76:	bc01      	pop	{r0}
10006e78:	4760      	bx	ip
10006e7a:	bf00      	nop
10006e7c:	20000bb1 	.word	0x20000bb1

10006e80 <____aeabi_idiv0_veneer>:
10006e80:	b401      	push	{r0}
10006e82:	4802      	ldr	r0, [pc, #8]	@ (10006e8c <____aeabi_idiv0_veneer+0xc>)
10006e84:	4684      	mov	ip, r0
10006e86:	bc01      	pop	{r0}
10006e88:	4760      	bx	ip
10006e8a:	bf00      	nop
10006e8c:	20000eb9 	.word	0x20000eb9

10006e90 <__mutex_try_enter_block_until_veneer>:
10006e90:	b401      	push	{r0}
10006e92:	4802      	ldr	r0, [pc, #8]	@ (10006e9c <__mutex_try_enter_block_until_veneer+0xc>)
10006e94:	4684      	mov	ip, r0
10006e96:	bc01      	pop	{r0}
10006e98:	4760      	bx	ip
10006e9a:	bf00      	nop
10006e9c:	20000165 	.word	0x20000165

10006ea0 <__hw_endpoint_start_next_buffer_veneer>:
10006ea0:	b401      	push	{r0}
10006ea2:	4802      	ldr	r0, [pc, #8]	@ (10006eac <__hw_endpoint_start_next_buffer_veneer+0xc>)
10006ea4:	4684      	mov	ip, r0
10006ea6:	bc01      	pop	{r0}
10006ea8:	4760      	bx	ip
10006eaa:	bf00      	nop
10006eac:	20000c3d 	.word	0x20000c3d

10006eb0 <__mutex_try_enter_veneer>:
10006eb0:	b401      	push	{r0}
10006eb2:	4802      	ldr	r0, [pc, #8]	@ (10006ebc <__mutex_try_enter_veneer+0xc>)
10006eb4:	4684      	mov	ip, r0
10006eb6:	bc01      	pop	{r0}
10006eb8:	4760      	bx	ip
10006eba:	bf00      	nop
10006ebc:	200000c1 	.word	0x200000c1

10006ec0 <__mutex_exit_veneer>:
10006ec0:	b401      	push	{r0}
10006ec2:	4802      	ldr	r0, [pc, #8]	@ (10006ecc <__mutex_exit_veneer+0xc>)
10006ec4:	4684      	mov	ip, r0
10006ec6:	bc01      	pop	{r0}
10006ec8:	4760      	bx	ip
10006eca:	bf00      	nop
10006ecc:	200001d5 	.word	0x200001d5

10006ed0 <__flash_do_cmd_cs_veneer>:
10006ed0:	b401      	push	{r0}
10006ed2:	4802      	ldr	r0, [pc, #8]	@ (10006edc <__flash_do_cmd_cs_veneer+0xc>)
10006ed4:	4684      	mov	ip, r0
10006ed6:	bc01      	pop	{r0}
10006ed8:	4760      	bx	ip
10006eda:	bf00      	nop
10006edc:	20000289 	.word	0x20000289

10006ee0 <__reset_non_control_endpoints_veneer>:
10006ee0:	b401      	push	{r0}
10006ee2:	4802      	ldr	r0, [pc, #8]	@ (10006eec <__reset_non_control_endpoints_veneer+0xc>)
10006ee4:	4684      	mov	ip, r0
10006ee6:	bc01      	pop	{r0}
10006ee8:	4760      	bx	ip
10006eea:	bf00      	nop
10006eec:	200003d1 	.word	0x200003d1

10006ef0 <__mutex_enter_timeout_ms_veneer>:
10006ef0:	b401      	push	{r0}
10006ef2:	4802      	ldr	r0, [pc, #8]	@ (10006efc <__mutex_enter_timeout_ms_veneer+0xc>)
10006ef4:	4684      	mov	ip, r0
10006ef6:	bc01      	pop	{r0}
10006ef8:	4760      	bx	ip
10006efa:	bf00      	nop
10006efc:	20000199 	.word	0x20000199

10006f00 <___hw_endpoint_buffer_control_update32_veneer>:
10006f00:	b401      	push	{r0}
10006f02:	4802      	ldr	r0, [pc, #8]	@ (10006f0c <___hw_endpoint_buffer_control_update32_veneer+0xc>)
10006f04:	4684      	mov	ip, r0
10006f06:	bc01      	pop	{r0}
10006f08:	4760      	bx	ip
10006f0a:	bf00      	nop
10006f0c:	20000bed 	.word	0x20000bed

10006f10 <__pre_init_runtime_init_early_resets>:
10006f10:	10001c99                                ....

10006f14 <__pre_init_runtime_init_usb_power_down>:
10006f14:	10001cc5 10001ea9 10002c19 1000254d     .........,..M%..
10006f24:	10002b85                                .+..

10006f28 <__pre_init_runtime_init_clocks>:
10006f28:	10001dd1                                ....

10006f2c <__pre_init_runtime_init_post_clock_resets>:
10006f2c:	10001ce1                                ....

10006f30 <__pre_init_runtime_init_rp2040_gpio_ie_disable>:
10006f30:	10001d01                                ....

10006f34 <__pre_init_runtime_init_spin_locks_reset>:
10006f34:	10001d15                                ....

10006f38 <__pre_init_runtime_init_mutex>:
10006f38:	10000ef1                                ....

10006f3c <__pre_init_runtime_init_install_ram_vector_table>:
10006f3c:	10001d1d                                ....

10006f40 <__pre_init_runtime_init_default_alarm_pool>:
10006f40:	100012b1                                ....

10006f44 <__pre_init_first_per_core_initializer>:
10006f44:	10001c61                                a...

10006f48 <__pre_init_runtime_init_per_core_irq_priorities>:
10006f48:	10000b2d                                -...

10006f4c <__init_array_start>:
10006f4c:	10004cdd 	.word	0x10004cdd

Disassembly of section .data:

200000c0 <mutex_try_enter>:
200000c0:	0003      	movs	r3, r0
200000c2:	6800      	ldr	r0, [r0, #0]
200000c4:	f3ef 8c10 	mrs	ip, PRIMASK
200000c8:	b672      	cpsid	i
200000ca:	6802      	ldr	r2, [r0, #0]
200000cc:	2a00      	cmp	r2, #0
200000ce:	d0fc      	beq.n	200000ca <mutex_try_enter+0xa>
200000d0:	f3bf 8f5f 	dmb	sy
200000d4:	2204      	movs	r2, #4
200000d6:	569a      	ldrsb	r2, [r3, r2]
200000d8:	2a00      	cmp	r2, #0
200000da:	db0b      	blt.n	200000f4 <mutex_try_enter+0x34>
200000dc:	2900      	cmp	r1, #0
200000de:	d000      	beq.n	200000e2 <mutex_try_enter+0x22>
200000e0:	600a      	str	r2, [r1, #0]
200000e2:	2000      	movs	r0, #0
200000e4:	681b      	ldr	r3, [r3, #0]
200000e6:	f3bf 8f5f 	dmb	sy
200000ea:	2200      	movs	r2, #0
200000ec:	601a      	str	r2, [r3, #0]
200000ee:	f38c 8810 	msr	PRIMASK, ip
200000f2:	4770      	bx	lr
200000f4:	22d0      	movs	r2, #208	@ 0xd0
200000f6:	0612      	lsls	r2, r2, #24
200000f8:	6812      	ldr	r2, [r2, #0]
200000fa:	2001      	movs	r0, #1
200000fc:	711a      	strb	r2, [r3, #4]
200000fe:	e7f1      	b.n	200000e4 <mutex_try_enter+0x24>

20000100 <mutex_enter_block_until>:
20000100:	b5f0      	push	{r4, r5, r6, r7, lr}
20000102:	001f      	movs	r7, r3
20000104:	23d0      	movs	r3, #208	@ 0xd0
20000106:	46c6      	mov	lr, r8
20000108:	061b      	lsls	r3, r3, #24
2000010a:	681b      	ldr	r3, [r3, #0]
2000010c:	0004      	movs	r4, r0
2000010e:	0016      	movs	r6, r2
20000110:	4698      	mov	r8, r3
20000112:	2500      	movs	r5, #0
20000114:	b500      	push	{lr}
20000116:	e00a      	b.n	2000012e <mutex_enter_block_until+0x2e>
20000118:	f3bf 8f5f 	dmb	sy
2000011c:	6015      	str	r5, [r2, #0]
2000011e:	f381 8810 	msr	PRIMASK, r1
20000122:	0030      	movs	r0, r6
20000124:	0039      	movs	r1, r7
20000126:	f000 fecb 	bl	20000ec0 <__best_effort_wfe_or_timeout_veneer>
2000012a:	2800      	cmp	r0, #0
2000012c:	d118      	bne.n	20000160 <mutex_enter_block_until+0x60>
2000012e:	6822      	ldr	r2, [r4, #0]
20000130:	f3ef 8110 	mrs	r1, PRIMASK
20000134:	b672      	cpsid	i
20000136:	6813      	ldr	r3, [r2, #0]
20000138:	2b00      	cmp	r3, #0
2000013a:	d0fc      	beq.n	20000136 <mutex_enter_block_until+0x36>
2000013c:	f3bf 8f5f 	dmb	sy
20000140:	7923      	ldrb	r3, [r4, #4]
20000142:	6822      	ldr	r2, [r4, #0]
20000144:	2b7f      	cmp	r3, #127	@ 0x7f
20000146:	d9e7      	bls.n	20000118 <mutex_enter_block_until+0x18>
20000148:	4643      	mov	r3, r8
2000014a:	7123      	strb	r3, [r4, #4]
2000014c:	f3bf 8f5f 	dmb	sy
20000150:	2300      	movs	r3, #0
20000152:	6013      	str	r3, [r2, #0]
20000154:	f381 8810 	msr	PRIMASK, r1
20000158:	2001      	movs	r0, #1
2000015a:	bc80      	pop	{r7}
2000015c:	46b8      	mov	r8, r7
2000015e:	bdf0      	pop	{r4, r5, r6, r7, pc}
20000160:	2000      	movs	r0, #0
20000162:	e7fa      	b.n	2000015a <mutex_enter_block_until+0x5a>

20000164 <mutex_try_enter_block_until>:
20000164:	b570      	push	{r4, r5, r6, lr}
20000166:	b082      	sub	sp, #8
20000168:	a901      	add	r1, sp, #4
2000016a:	0006      	movs	r6, r0
2000016c:	0014      	movs	r4, r2
2000016e:	001d      	movs	r5, r3
20000170:	f7ff ffa6 	bl	200000c0 <mutex_try_enter>
20000174:	2800      	cmp	r0, #0
20000176:	d107      	bne.n	20000188 <mutex_try_enter_block_until+0x24>
20000178:	22d0      	movs	r2, #208	@ 0xd0
2000017a:	0612      	lsls	r2, r2, #24
2000017c:	9b01      	ldr	r3, [sp, #4]
2000017e:	7812      	ldrb	r2, [r2, #0]
20000180:	b25b      	sxtb	r3, r3
20000182:	b252      	sxtb	r2, r2
20000184:	4293      	cmp	r3, r2
20000186:	d101      	bne.n	2000018c <mutex_try_enter_block_until+0x28>
20000188:	b002      	add	sp, #8
2000018a:	bd70      	pop	{r4, r5, r6, pc}
2000018c:	0022      	movs	r2, r4
2000018e:	002b      	movs	r3, r5
20000190:	0030      	movs	r0, r6
20000192:	f7ff ffb5 	bl	20000100 <mutex_enter_block_until>
20000196:	e7f7      	b.n	20000188 <mutex_try_enter_block_until+0x24>

20000198 <mutex_enter_timeout_ms>:
20000198:	b5f8      	push	{r3, r4, r5, r6, r7, lr}
2000019a:	000e      	movs	r6, r1
2000019c:	0007      	movs	r7, r0
2000019e:	f000 fe9f 	bl	20000ee0 <__time_us_64_veneer>
200001a2:	22fa      	movs	r2, #250	@ 0xfa
200001a4:	0004      	movs	r4, r0
200001a6:	000d      	movs	r5, r1
200001a8:	2300      	movs	r3, #0
200001aa:	0092      	lsls	r2, r2, #2
200001ac:	0030      	movs	r0, r6
200001ae:	2100      	movs	r1, #0
200001b0:	f000 fe9e 	bl	20000ef0 <____wrap___aeabi_lmul_veneer>
200001b4:	0022      	movs	r2, r4
200001b6:	002b      	movs	r3, r5
200001b8:	1812      	adds	r2, r2, r0
200001ba:	414b      	adcs	r3, r1
200001bc:	2b00      	cmp	r3, #0
200001be:	da02      	bge.n	200001c6 <mutex_enter_timeout_ms+0x2e>
200001c0:	2201      	movs	r2, #1
200001c2:	4b03      	ldr	r3, [pc, #12]	@ (200001d0 <mutex_enter_timeout_ms+0x38>)
200001c4:	4252      	negs	r2, r2
200001c6:	0038      	movs	r0, r7
200001c8:	f7ff ff9a 	bl	20000100 <mutex_enter_block_until>
200001cc:	bdf8      	pop	{r3, r4, r5, r6, r7, pc}
200001ce:	46c0      	nop			@ (mov r8, r8)
200001d0:	7fffffff 	.word	0x7fffffff

200001d4 <mutex_exit>:
200001d4:	6802      	ldr	r2, [r0, #0]
200001d6:	f3ef 8110 	mrs	r1, PRIMASK
200001da:	b672      	cpsid	i
200001dc:	6813      	ldr	r3, [r2, #0]
200001de:	2b00      	cmp	r3, #0
200001e0:	d0fc      	beq.n	200001dc <mutex_exit+0x8>
200001e2:	f3bf 8f5f 	dmb	sy
200001e6:	23ff      	movs	r3, #255	@ 0xff
200001e8:	7103      	strb	r3, [r0, #4]
200001ea:	6803      	ldr	r3, [r0, #0]
200001ec:	f3bf 8f5f 	dmb	sy
200001f0:	2200      	movs	r2, #0
200001f2:	601a      	str	r2, [r3, #0]
200001f4:	f381 8810 	msr	PRIMASK, r1
200001f8:	bf40      	sev
200001fa:	4770      	bx	lr

200001fc <flash_init_boot2_copyout>:
200001fc:	4b08      	ldr	r3, [pc, #32]	@ (20000220 <flash_init_boot2_copyout+0x24>)
200001fe:	469c      	mov	ip, r3
20000200:	781b      	ldrb	r3, [r3, #0]
20000202:	2b00      	cmp	r3, #0
20000204:	d10b      	bne.n	2000021e <flash_init_boot2_copyout+0x22>
20000206:	2380      	movs	r3, #128	@ 0x80
20000208:	4806      	ldr	r0, [pc, #24]	@ (20000224 <flash_init_boot2_copyout+0x28>)
2000020a:	4907      	ldr	r1, [pc, #28]	@ (20000228 <flash_init_boot2_copyout+0x2c>)
2000020c:	055b      	lsls	r3, r3, #21
2000020e:	681a      	ldr	r2, [r3, #0]
20000210:	50c2      	str	r2, [r0, r3]
20000212:	3304      	adds	r3, #4
20000214:	428b      	cmp	r3, r1
20000216:	d1fa      	bne.n	2000020e <flash_init_boot2_copyout+0x12>
20000218:	2301      	movs	r3, #1
2000021a:	4662      	mov	r2, ip
2000021c:	7013      	strb	r3, [r2, #0]
2000021e:	4770      	bx	lr
20000220:	20002a49 	.word	0x20002a49
20000224:	1000168c 	.word	0x1000168c
20000228:	10000100 	.word	0x10000100

2000022c <flash_enable_xip_via_boot2>:
2000022c:	b510      	push	{r4, lr}
2000022e:	4b01      	ldr	r3, [pc, #4]	@ (20000234 <flash_enable_xip_via_boot2+0x8>)
20000230:	4798      	blx	r3
20000232:	bd10      	pop	{r4, pc}
20000234:	2000168d 	.word	0x2000168d

20000238 <flash_save_hardware_state>:
20000238:	4b08      	ldr	r3, [pc, #32]	@ (2000025c <flash_save_hardware_state+0x24>)
2000023a:	685a      	ldr	r2, [r3, #4]
2000023c:	6042      	str	r2, [r0, #4]
2000023e:	689a      	ldr	r2, [r3, #8]
20000240:	6082      	str	r2, [r0, #8]
20000242:	68da      	ldr	r2, [r3, #12]
20000244:	60c2      	str	r2, [r0, #12]
20000246:	691a      	ldr	r2, [r3, #16]
20000248:	6102      	str	r2, [r0, #16]
2000024a:	695a      	ldr	r2, [r3, #20]
2000024c:	6142      	str	r2, [r0, #20]
2000024e:	699b      	ldr	r3, [r3, #24]
20000250:	6183      	str	r3, [r0, #24]
20000252:	23a0      	movs	r3, #160	@ 0xa0
20000254:	055b      	lsls	r3, r3, #21
20000256:	681b      	ldr	r3, [r3, #0]
20000258:	6003      	str	r3, [r0, #0]
2000025a:	4770      	bx	lr
2000025c:	40020000 	.word	0x40020000

20000260 <flash_restore_hardware_state>:
20000260:	6842      	ldr	r2, [r0, #4]
20000262:	4b08      	ldr	r3, [pc, #32]	@ (20000284 <flash_restore_hardware_state+0x24>)
20000264:	605a      	str	r2, [r3, #4]
20000266:	6882      	ldr	r2, [r0, #8]
20000268:	609a      	str	r2, [r3, #8]
2000026a:	68c2      	ldr	r2, [r0, #12]
2000026c:	60da      	str	r2, [r3, #12]
2000026e:	6902      	ldr	r2, [r0, #16]
20000270:	611a      	str	r2, [r3, #16]
20000272:	6942      	ldr	r2, [r0, #20]
20000274:	615a      	str	r2, [r3, #20]
20000276:	6982      	ldr	r2, [r0, #24]
20000278:	619a      	str	r2, [r3, #24]
2000027a:	23a0      	movs	r3, #160	@ 0xa0
2000027c:	6802      	ldr	r2, [r0, #0]
2000027e:	055b      	lsls	r3, r3, #21
20000280:	601a      	str	r2, [r3, #0]
20000282:	4770      	bx	lr
20000284:	40020000 	.word	0x40020000

20000288 <flash_do_cmd_cs>:
20000288:	b5f0      	push	{r4, r5, r6, r7, lr}
2000028a:	46d6      	mov	lr, sl
2000028c:	464f      	mov	r7, r9
2000028e:	4646      	mov	r6, r8
20000290:	2300      	movs	r3, #0
20000292:	b5c0      	push	{r6, r7, lr}
20000294:	2718      	movs	r7, #24
20000296:	b088      	sub	sp, #32
20000298:	001e      	movs	r6, r3
2000029a:	4681      	mov	r9, r0
2000029c:	000d      	movs	r5, r1
2000029e:	8a98      	ldrh	r0, [r3, #20]
200002a0:	4946      	ldr	r1, [pc, #280]	@ (200003bc <flash_do_cmd_cs+0x134>)
200002a2:	883b      	ldrh	r3, [r7, #0]
200002a4:	0014      	movs	r4, r2
200002a6:	4798      	blx	r3
200002a8:	883b      	ldrh	r3, [r7, #0]
200002aa:	4680      	mov	r8, r0
200002ac:	4944      	ldr	r1, [pc, #272]	@ (200003c0 <flash_do_cmd_cs+0x138>)
200002ae:	8ab0      	ldrh	r0, [r6, #20]
200002b0:	4798      	blx	r3
200002b2:	2300      	movs	r3, #0
200002b4:	4943      	ldr	r1, [pc, #268]	@ (200003c4 <flash_do_cmd_cs+0x13c>)
200002b6:	0006      	movs	r6, r0
200002b8:	8a98      	ldrh	r0, [r3, #20]
200002ba:	883b      	ldrh	r3, [r7, #0]
200002bc:	4798      	blx	r3
200002be:	4682      	mov	sl, r0
200002c0:	f7ff ff9c 	bl	200001fc <flash_init_boot2_copyout>
200002c4:	a801      	add	r0, sp, #4
200002c6:	f7ff ffb7 	bl	20000238 <flash_save_hardware_state>
200002ca:	47c0      	blx	r8
200002cc:	47b0      	blx	r6
200002ce:	4b3e      	ldr	r3, [pc, #248]	@ (200003c8 <flash_do_cmd_cs+0x140>)
200002d0:	0021      	movs	r1, r4
200002d2:	681a      	ldr	r2, [r3, #0]
200002d4:	2380      	movs	r3, #128	@ 0x80
200002d6:	009b      	lsls	r3, r3, #2
200002d8:	4053      	eors	r3, r2
200002da:	22c0      	movs	r2, #192	@ 0xc0
200002dc:	0092      	lsls	r2, r2, #2
200002de:	4013      	ands	r3, r2
200002e0:	4a3a      	ldr	r2, [pc, #232]	@ (200003cc <flash_do_cmd_cs+0x144>)
200002e2:	6013      	str	r3, [r2, #0]
200002e4:	2c00      	cmp	r4, #0
200002e6:	d01c      	beq.n	20000322 <flash_do_cmd_cs+0x9a>
200002e8:	2308      	movs	r3, #8
200002ea:	20c0      	movs	r0, #192	@ 0xc0
200002ec:	469c      	mov	ip, r3
200002ee:	0540      	lsls	r0, r0, #21
200002f0:	3f16      	subs	r7, #22
200002f2:	4662      	mov	r2, ip
200002f4:	6a83      	ldr	r3, [r0, #40]	@ 0x28
200002f6:	401a      	ands	r2, r3
200002f8:	421f      	tst	r7, r3
200002fa:	d039      	beq.n	20000370 <flash_do_cmd_cs+0xe8>
200002fc:	1a63      	subs	r3, r4, r1
200002fe:	2900      	cmp	r1, #0
20000300:	d12b      	bne.n	2000035a <flash_do_cmd_cs+0xd2>
20000302:	2a00      	cmp	r2, #0
20000304:	d10b      	bne.n	2000031e <flash_do_cmd_cs+0x96>
20000306:	2c00      	cmp	r4, #0
20000308:	d00b      	beq.n	20000322 <flash_do_cmd_cs+0x9a>
2000030a:	23c0      	movs	r3, #192	@ 0xc0
2000030c:	2208      	movs	r2, #8
2000030e:	2602      	movs	r6, #2
20000310:	055b      	lsls	r3, r3, #21
20000312:	6a9b      	ldr	r3, [r3, #40]	@ 0x28
20000314:	401a      	ands	r2, r3
20000316:	421e      	tst	r6, r3
20000318:	d042      	beq.n	200003a0 <flash_do_cmd_cs+0x118>
2000031a:	2a00      	cmp	r2, #0
2000031c:	d0f5      	beq.n	2000030a <flash_do_cmd_cs+0x82>
2000031e:	2c00      	cmp	r4, #0
20000320:	d130      	bne.n	20000384 <flash_do_cmd_cs+0xfc>
20000322:	4b29      	ldr	r3, [pc, #164]	@ (200003c8 <flash_do_cmd_cs+0x140>)
20000324:	681a      	ldr	r2, [r3, #0]
20000326:	23c0      	movs	r3, #192	@ 0xc0
20000328:	009b      	lsls	r3, r3, #2
2000032a:	4393      	bics	r3, r2
2000032c:	4a27      	ldr	r2, [pc, #156]	@ (200003cc <flash_do_cmd_cs+0x144>)
2000032e:	6013      	str	r3, [r2, #0]
20000330:	47d0      	blx	sl
20000332:	f7ff ff7b 	bl	2000022c <flash_enable_xip_via_boot2>
20000336:	a801      	add	r0, sp, #4
20000338:	f7ff ff92 	bl	20000260 <flash_restore_hardware_state>
2000033c:	b008      	add	sp, #32
2000033e:	bce0      	pop	{r5, r6, r7}
20000340:	46ba      	mov	sl, r7
20000342:	46b1      	mov	r9, r6
20000344:	46a8      	mov	r8, r5
20000346:	bdf0      	pop	{r4, r5, r6, r7, pc}
20000348:	2c00      	cmp	r4, #0
2000034a:	d12b      	bne.n	200003a4 <flash_do_cmd_cs+0x11c>
2000034c:	22c0      	movs	r2, #192	@ 0xc0
2000034e:	0552      	lsls	r2, r2, #21
20000350:	6a96      	ldr	r6, [r2, #40]	@ 0x28
20000352:	2208      	movs	r2, #8
20000354:	4032      	ands	r2, r6
20000356:	07b6      	lsls	r6, r6, #30
20000358:	d52b      	bpl.n	200003b2 <flash_do_cmd_cs+0x12a>
2000035a:	2b0d      	cmp	r3, #13
2000035c:	d919      	bls.n	20000392 <flash_do_cmd_cs+0x10a>
2000035e:	2a00      	cmp	r2, #0
20000360:	d1f2      	bne.n	20000348 <flash_do_cmd_cs+0xc0>
20000362:	22c0      	movs	r2, #192	@ 0xc0
20000364:	0552      	lsls	r2, r2, #21
20000366:	6a96      	ldr	r6, [r2, #40]	@ 0x28
20000368:	2208      	movs	r2, #8
2000036a:	4032      	ands	r2, r6
2000036c:	07b6      	lsls	r6, r6, #30
2000036e:	d4f4      	bmi.n	2000035a <flash_do_cmd_cs+0xd2>
20000370:	2a00      	cmp	r2, #0
20000372:	d104      	bne.n	2000037e <flash_do_cmd_cs+0xf6>
20000374:	000b      	movs	r3, r1
20000376:	4323      	orrs	r3, r4
20000378:	2b00      	cmp	r3, #0
2000037a:	d1ba      	bne.n	200002f2 <flash_do_cmd_cs+0x6a>
2000037c:	e7d1      	b.n	20000322 <flash_do_cmd_cs+0x9a>
2000037e:	000b      	movs	r3, r1
20000380:	2c00      	cmp	r4, #0
20000382:	d0f9      	beq.n	20000378 <flash_do_cmd_cs+0xf0>
20000384:	6e03      	ldr	r3, [r0, #96]	@ 0x60
20000386:	3c01      	subs	r4, #1
20000388:	702b      	strb	r3, [r5, #0]
2000038a:	0023      	movs	r3, r4
2000038c:	3501      	adds	r5, #1
2000038e:	430b      	orrs	r3, r1
20000390:	e7f2      	b.n	20000378 <flash_do_cmd_cs+0xf0>
20000392:	464b      	mov	r3, r9
20000394:	781b      	ldrb	r3, [r3, #0]
20000396:	3901      	subs	r1, #1
20000398:	6603      	str	r3, [r0, #96]	@ 0x60
2000039a:	2301      	movs	r3, #1
2000039c:	4499      	add	r9, r3
2000039e:	e7e7      	b.n	20000370 <flash_do_cmd_cs+0xe8>
200003a0:	2100      	movs	r1, #0
200003a2:	e7e5      	b.n	20000370 <flash_do_cmd_cs+0xe8>
200003a4:	23c0      	movs	r3, #192	@ 0xc0
200003a6:	055b      	lsls	r3, r3, #21
200003a8:	6e1b      	ldr	r3, [r3, #96]	@ 0x60
200003aa:	3c01      	subs	r4, #1
200003ac:	702b      	strb	r3, [r5, #0]
200003ae:	3501      	adds	r5, #1
200003b0:	e79f      	b.n	200002f2 <flash_do_cmd_cs+0x6a>
200003b2:	000b      	movs	r3, r1
200003b4:	42a2      	cmp	r2, r4
200003b6:	d1df      	bne.n	20000378 <flash_do_cmd_cs+0xf0>
200003b8:	e7dc      	b.n	20000374 <flash_do_cmd_cs+0xec>
200003ba:	46c0      	nop			@ (mov r8, r8)
200003bc:	00004649 	.word	0x00004649
200003c0:	00005845 	.word	0x00005845
200003c4:	00004346 	.word	0x00004346
200003c8:	4001800c 	.word	0x4001800c
200003cc:	4001900c 	.word	0x4001900c

200003d0 <reset_non_control_endpoints>:
200003d0:	2200      	movs	r2, #0
200003d2:	4b15      	ldr	r3, [pc, #84]	@ (20000428 <reset_non_control_endpoints+0x58>)
200003d4:	b510      	push	{r4, lr}
200003d6:	609a      	str	r2, [r3, #8]
200003d8:	60da      	str	r2, [r3, #12]
200003da:	611a      	str	r2, [r3, #16]
200003dc:	615a      	str	r2, [r3, #20]
200003de:	619a      	str	r2, [r3, #24]
200003e0:	61da      	str	r2, [r3, #28]
200003e2:	621a      	str	r2, [r3, #32]
200003e4:	625a      	str	r2, [r3, #36]	@ 0x24
200003e6:	629a      	str	r2, [r3, #40]	@ 0x28
200003e8:	62da      	str	r2, [r3, #44]	@ 0x2c
200003ea:	631a      	str	r2, [r3, #48]	@ 0x30
200003ec:	635a      	str	r2, [r3, #52]	@ 0x34
200003ee:	639a      	str	r2, [r3, #56]	@ 0x38
200003f0:	63da      	str	r2, [r3, #60]	@ 0x3c
200003f2:	641a      	str	r2, [r3, #64]	@ 0x40
200003f4:	645a      	str	r2, [r3, #68]	@ 0x44
200003f6:	649a      	str	r2, [r3, #72]	@ 0x48
200003f8:	64da      	str	r2, [r3, #76]	@ 0x4c
200003fa:	651a      	str	r2, [r3, #80]	@ 0x50
200003fc:	655a      	str	r2, [r3, #84]	@ 0x54
200003fe:	659a      	str	r2, [r3, #88]	@ 0x58
20000400:	65da      	str	r2, [r3, #92]	@ 0x5c
20000402:	661a      	str	r2, [r3, #96]	@ 0x60
20000404:	665a      	str	r2, [r3, #100]	@ 0x64
20000406:	669a      	str	r2, [r3, #104]	@ 0x68
20000408:	66da      	str	r2, [r3, #108]	@ 0x6c
2000040a:	671a      	str	r2, [r3, #112]	@ 0x70
2000040c:	675a      	str	r2, [r3, #116]	@ 0x74
2000040e:	679a      	str	r2, [r3, #120]	@ 0x78
20000410:	67da      	str	r2, [r3, #124]	@ 0x7c
20000412:	32f0      	adds	r2, #240	@ 0xf0
20000414:	0092      	lsls	r2, r2, #2
20000416:	2100      	movs	r1, #0
20000418:	4804      	ldr	r0, [pc, #16]	@ (2000042c <reset_non_control_endpoints+0x5c>)
2000041a:	f000 fd89 	bl	20000f30 <____wrap_memset_veneer>
2000041e:	4b04      	ldr	r3, [pc, #16]	@ (20000430 <reset_non_control_endpoints+0x60>)
20000420:	4a04      	ldr	r2, [pc, #16]	@ (20000434 <reset_non_control_endpoints+0x64>)
20000422:	601a      	str	r2, [r3, #0]
20000424:	bd10      	pop	{r4, pc}
20000426:	46c0      	nop			@ (mov r8, r8)
20000428:	50100000 	.word	0x50100000
2000042c:	20001840 	.word	0x20001840
20000430:	20001ccc 	.word	0x20001ccc
20000434:	50100180 	.word	0x50100180

20000438 <hw_handle_buff_status>:
20000438:	b5f0      	push	{r4, r5, r6, r7, lr}
2000043a:	4647      	mov	r7, r8
2000043c:	46ce      	mov	lr, r9
2000043e:	b580      	push	{r7, lr}
20000440:	4b1c      	ldr	r3, [pc, #112]	@ (200004b4 <hw_handle_buff_status+0x7c>)
20000442:	2400      	movs	r4, #0
20000444:	6d9f      	ldr	r7, [r3, #88]	@ 0x58
20000446:	2601      	movs	r6, #1
20000448:	b085      	sub	sp, #20
2000044a:	2f00      	cmp	r7, #0
2000044c:	d01b      	beq.n	20000486 <hw_handle_buff_status+0x4e>
2000044e:	4b1a      	ldr	r3, [pc, #104]	@ (200004b8 <hw_handle_buff_status+0x80>)
20000450:	4698      	mov	r8, r3
20000452:	4b1a      	ldr	r3, [pc, #104]	@ (200004bc <hw_handle_buff_status+0x84>)
20000454:	4699      	mov	r9, r3
20000456:	e004      	b.n	20000462 <hw_handle_buff_status+0x2a>
20000458:	3401      	adds	r4, #1
2000045a:	b2e4      	uxtb	r4, r4
2000045c:	0076      	lsls	r6, r6, #1
2000045e:	2c20      	cmp	r4, #32
20000460:	d011      	beq.n	20000486 <hw_handle_buff_status+0x4e>
20000462:	423e      	tst	r6, r7
20000464:	d0f8      	beq.n	20000458 <hw_handle_buff_status+0x20>
20000466:	4643      	mov	r3, r8
20000468:	659e      	str	r6, [r3, #88]	@ 0x58
2000046a:	2301      	movs	r3, #1
2000046c:	0865      	lsrs	r5, r4, #1
2000046e:	006d      	lsls	r5, r5, #1
20000470:	43a3      	bics	r3, r4
20000472:	18ed      	adds	r5, r5, r3
20000474:	016d      	lsls	r5, r5, #5
20000476:	444d      	add	r5, r9
20000478:	0028      	movs	r0, r5
2000047a:	f000 fc13 	bl	20000ca4 <hw_endpoint_xfer_continue>
2000047e:	2800      	cmp	r0, #0
20000480:	d106      	bne.n	20000490 <hw_handle_buff_status+0x58>
20000482:	43b7      	bics	r7, r6
20000484:	d1e8      	bne.n	20000458 <hw_handle_buff_status+0x20>
20000486:	b005      	add	sp, #20
20000488:	bcc0      	pop	{r6, r7}
2000048a:	46b9      	mov	r9, r7
2000048c:	46b0      	mov	r8, r6
2000048e:	bdf0      	pop	{r4, r5, r6, r7, pc}
20000490:	8aeb      	ldrh	r3, [r5, #22]
20000492:	21e0      	movs	r1, #224	@ 0xe0
20000494:	9303      	str	r3, [sp, #12]
20000496:	2300      	movs	r3, #0
20000498:	a801      	add	r0, sp, #4
2000049a:	78aa      	ldrb	r2, [r5, #2]
2000049c:	00c9      	lsls	r1, r1, #3
2000049e:	8001      	strh	r1, [r0, #0]
200004a0:	2101      	movs	r1, #1
200004a2:	7102      	strb	r2, [r0, #4]
200004a4:	7143      	strb	r3, [r0, #5]
200004a6:	f000 fc1d 	bl	20000ce4 <dcd_event_handler>
200004aa:	0028      	movs	r0, r5
200004ac:	f000 fb98 	bl	20000be0 <hw_endpoint_reset_transfer>
200004b0:	e7e7      	b.n	20000482 <hw_handle_buff_status+0x4a>
200004b2:	46c0      	nop			@ (mov r8, r8)
200004b4:	50110000 	.word	0x50110000
200004b8:	50113000 	.word	0x50113000
200004bc:	20001800 	.word	0x20001800

200004c0 <dcd_rp2040_irq>:
200004c0:	2398      	movs	r3, #152	@ 0x98
200004c2:	4ac6      	ldr	r2, [pc, #792]	@ (200007dc <dcd_rp2040_irq+0x31c>)
200004c4:	b5f0      	push	{r4, r5, r6, r7, lr}
200004c6:	58d5      	ldr	r5, [r2, r3]
200004c8:	2380      	movs	r3, #128	@ 0x80
200004ca:	002e      	movs	r6, r5
200004cc:	029b      	lsls	r3, r3, #10
200004ce:	2410      	movs	r4, #16
200004d0:	b085      	sub	sp, #20
200004d2:	401e      	ands	r6, r3
200004d4:	421d      	tst	r5, r3
200004d6:	d074      	beq.n	200005c2 <dcd_rp2040_irq+0x102>
200004d8:	4bc1      	ldr	r3, [pc, #772]	@ (200007e0 <dcd_rp2040_irq+0x320>)
200004da:	4cc2      	ldr	r4, [pc, #776]	@ (200007e4 <dcd_rp2040_irq+0x324>)
200004dc:	6a9a      	ldr	r2, [r3, #40]	@ 0x28
200004de:	4bc2      	ldr	r3, [pc, #776]	@ (200007e8 <dcd_rp2040_irq+0x328>)
200004e0:	2600      	movs	r6, #0
200004e2:	601a      	str	r2, [r3, #0]
200004e4:	233b      	movs	r3, #59	@ 0x3b
200004e6:	5ce3      	ldrb	r3, [r4, r3]
200004e8:	2b02      	cmp	r3, #2
200004ea:	d100      	bne.n	200004ee <dcd_rp2040_irq+0x2e>
200004ec:	e14b      	b.n	20000786 <dcd_rp2040_irq+0x2c6>
200004ee:	237b      	movs	r3, #123	@ 0x7b
200004f0:	5ce3      	ldrb	r3, [r4, r3]
200004f2:	2b02      	cmp	r3, #2
200004f4:	d100      	bne.n	200004f8 <dcd_rp2040_irq+0x38>
200004f6:	e0ef      	b.n	200006d8 <dcd_rp2040_irq+0x218>
200004f8:	23bb      	movs	r3, #187	@ 0xbb
200004fa:	5ce3      	ldrb	r3, [r4, r3]
200004fc:	2b02      	cmp	r3, #2
200004fe:	d100      	bne.n	20000502 <dcd_rp2040_irq+0x42>
20000500:	e0f6      	b.n	200006f0 <dcd_rp2040_irq+0x230>
20000502:	23fb      	movs	r3, #251	@ 0xfb
20000504:	5ce3      	ldrb	r3, [r4, r3]
20000506:	2b02      	cmp	r3, #2
20000508:	d100      	bne.n	2000050c <dcd_rp2040_irq+0x4c>
2000050a:	e0fd      	b.n	20000708 <dcd_rp2040_irq+0x248>
2000050c:	233c      	movs	r3, #60	@ 0x3c
2000050e:	33ff      	adds	r3, #255	@ 0xff
20000510:	5ce3      	ldrb	r3, [r4, r3]
20000512:	2b02      	cmp	r3, #2
20000514:	d100      	bne.n	20000518 <dcd_rp2040_irq+0x58>
20000516:	e129      	b.n	2000076c <dcd_rp2040_irq+0x2ac>
20000518:	237c      	movs	r3, #124	@ 0x7c
2000051a:	33ff      	adds	r3, #255	@ 0xff
2000051c:	5ce3      	ldrb	r3, [r4, r3]
2000051e:	2b02      	cmp	r3, #2
20000520:	d100      	bne.n	20000524 <dcd_rp2040_irq+0x64>
20000522:	e10a      	b.n	2000073a <dcd_rp2040_irq+0x27a>
20000524:	23bc      	movs	r3, #188	@ 0xbc
20000526:	33ff      	adds	r3, #255	@ 0xff
20000528:	5ce3      	ldrb	r3, [r4, r3]
2000052a:	2b02      	cmp	r3, #2
2000052c:	d100      	bne.n	20000530 <dcd_rp2040_irq+0x70>
2000052e:	e13b      	b.n	200007a8 <dcd_rp2040_irq+0x2e8>
20000530:	23fc      	movs	r3, #252	@ 0xfc
20000532:	33ff      	adds	r3, #255	@ 0xff
20000534:	5ce3      	ldrb	r3, [r4, r3]
20000536:	2b02      	cmp	r3, #2
20000538:	d100      	bne.n	2000053c <dcd_rp2040_irq+0x7c>
2000053a:	e0f1      	b.n	20000720 <dcd_rp2040_irq+0x260>
2000053c:	4bab      	ldr	r3, [pc, #684]	@ (200007ec <dcd_rp2040_irq+0x32c>)
2000053e:	5ce3      	ldrb	r3, [r4, r3]
20000540:	2b02      	cmp	r3, #2
20000542:	d100      	bne.n	20000546 <dcd_rp2040_irq+0x86>
20000544:	e170      	b.n	20000828 <dcd_rp2040_irq+0x368>
20000546:	4baa      	ldr	r3, [pc, #680]	@ (200007f0 <dcd_rp2040_irq+0x330>)
20000548:	5ce3      	ldrb	r3, [r4, r3]
2000054a:	2b02      	cmp	r3, #2
2000054c:	d100      	bne.n	20000550 <dcd_rp2040_irq+0x90>
2000054e:	e101      	b.n	20000754 <dcd_rp2040_irq+0x294>
20000550:	4ba8      	ldr	r3, [pc, #672]	@ (200007f4 <dcd_rp2040_irq+0x334>)
20000552:	5ce3      	ldrb	r3, [r4, r3]
20000554:	2b02      	cmp	r3, #2
20000556:	d100      	bne.n	2000055a <dcd_rp2040_irq+0x9a>
20000558:	e171      	b.n	2000083e <dcd_rp2040_irq+0x37e>
2000055a:	4ba7      	ldr	r3, [pc, #668]	@ (200007f8 <dcd_rp2040_irq+0x338>)
2000055c:	5ce3      	ldrb	r3, [r4, r3]
2000055e:	2b02      	cmp	r3, #2
20000560:	d100      	bne.n	20000564 <dcd_rp2040_irq+0xa4>
20000562:	e12e      	b.n	200007c2 <dcd_rp2040_irq+0x302>
20000564:	4ba5      	ldr	r3, [pc, #660]	@ (200007fc <dcd_rp2040_irq+0x33c>)
20000566:	5ce3      	ldrb	r3, [r4, r3]
20000568:	2b02      	cmp	r3, #2
2000056a:	d100      	bne.n	2000056e <dcd_rp2040_irq+0xae>
2000056c:	e19c      	b.n	200008a8 <dcd_rp2040_irq+0x3e8>
2000056e:	4ba4      	ldr	r3, [pc, #656]	@ (20000800 <dcd_rp2040_irq+0x340>)
20000570:	5ce3      	ldrb	r3, [r4, r3]
20000572:	2b02      	cmp	r3, #2
20000574:	d100      	bne.n	20000578 <dcd_rp2040_irq+0xb8>
20000576:	e16d      	b.n	20000854 <dcd_rp2040_irq+0x394>
20000578:	4ba2      	ldr	r3, [pc, #648]	@ (20000804 <dcd_rp2040_irq+0x344>)
2000057a:	5ce3      	ldrb	r3, [r4, r3]
2000057c:	2b02      	cmp	r3, #2
2000057e:	d100      	bne.n	20000582 <dcd_rp2040_irq+0xc2>
20000580:	e19d      	b.n	200008be <dcd_rp2040_irq+0x3fe>
20000582:	4ba1      	ldr	r3, [pc, #644]	@ (20000808 <dcd_rp2040_irq+0x348>)
20000584:	5ce3      	ldrb	r3, [r4, r3]
20000586:	2b02      	cmp	r3, #2
20000588:	d100      	bne.n	2000058c <dcd_rp2040_irq+0xcc>
2000058a:	e17b      	b.n	20000884 <dcd_rp2040_irq+0x3c4>
2000058c:	2e00      	cmp	r6, #0
2000058e:	d108      	bne.n	200005a2 <dcd_rp2040_irq+0xe2>
20000590:	4b9e      	ldr	r3, [pc, #632]	@ (2000080c <dcd_rp2040_irq+0x34c>)
20000592:	781b      	ldrb	r3, [r3, #0]
20000594:	2b00      	cmp	r3, #0
20000596:	d104      	bne.n	200005a2 <dcd_rp2040_irq+0xe2>
20000598:	2180      	movs	r1, #128	@ 0x80
2000059a:	4a9d      	ldr	r2, [pc, #628]	@ (20000810 <dcd_rp2040_irq+0x350>)
2000059c:	3390      	adds	r3, #144	@ 0x90
2000059e:	0289      	lsls	r1, r1, #10
200005a0:	50d1      	str	r1, [r2, r3]
200005a2:	22c0      	movs	r2, #192	@ 0xc0
200005a4:	4669      	mov	r1, sp
200005a6:	4b8d      	ldr	r3, [pc, #564]	@ (200007dc <dcd_rp2040_irq+0x31c>)
200005a8:	0092      	lsls	r2, r2, #2
200005aa:	6c9b      	ldr	r3, [r3, #72]	@ 0x48
200005ac:	2680      	movs	r6, #128	@ 0x80
200005ae:	055b      	lsls	r3, r3, #21
200005b0:	808a      	strh	r2, [r1, #4]
200005b2:	0d5b      	lsrs	r3, r3, #21
200005b4:	2101      	movs	r1, #1
200005b6:	a801      	add	r0, sp, #4
200005b8:	9302      	str	r3, [sp, #8]
200005ba:	f000 fb93 	bl	20000ce4 <dcd_event_handler>
200005be:	4c95      	ldr	r4, [pc, #596]	@ (20000814 <dcd_rp2040_irq+0x354>)
200005c0:	02b6      	lsls	r6, r6, #10
200005c2:	06eb      	lsls	r3, r5, #27
200005c4:	d500      	bpl.n	200005c8 <dcd_rp2040_irq+0x108>
200005c6:	e07b      	b.n	200006c0 <dcd_rp2040_irq+0x200>
200005c8:	2380      	movs	r3, #128	@ 0x80
200005ca:	025b      	lsls	r3, r3, #9
200005cc:	421d      	tst	r5, r3
200005ce:	d02f      	beq.n	20000630 <dcd_rp2040_irq+0x170>
200005d0:	2402      	movs	r4, #2
200005d2:	4f84      	ldr	r7, [pc, #528]	@ (200007e4 <dcd_rp2040_irq+0x324>)
200005d4:	431e      	orrs	r6, r3
200005d6:	7ebb      	ldrb	r3, [r7, #26]
200005d8:	2b00      	cmp	r3, #0
200005da:	d014      	beq.n	20000606 <dcd_rp2040_irq+0x146>
200005dc:	f000 fca0 	bl	20000f20 <__rp2040_chip_version_veneer>
200005e0:	2801      	cmp	r0, #1
200005e2:	d900      	bls.n	200005e6 <dcd_rp2040_irq+0x126>
200005e4:	e070      	b.n	200006c8 <dcd_rp2040_irq+0x208>
200005e6:	22c0      	movs	r2, #192	@ 0xc0
200005e8:	2100      	movs	r1, #0
200005ea:	0038      	movs	r0, r7
200005ec:	0192      	lsls	r2, r2, #6
200005ee:	f000 fafd 	bl	20000bec <_hw_endpoint_buffer_control_update32>
200005f2:	0038      	movs	r0, r7
200005f4:	f000 faf4 	bl	20000be0 <hw_endpoint_reset_transfer>
200005f8:	f000 fc92 	bl	20000f20 <__rp2040_chip_version_veneer>
200005fc:	2801      	cmp	r0, #1
200005fe:	d902      	bls.n	20000606 <dcd_rp2040_irq+0x146>
20000600:	4b83      	ldr	r3, [pc, #524]	@ (20000810 <dcd_rp2040_irq+0x350>)
20000602:	665c      	str	r4, [r3, #100]	@ 0x64
20000604:	661c      	str	r4, [r3, #96]	@ 0x60
20000606:	2301      	movs	r3, #1
20000608:	70fb      	strb	r3, [r7, #3]
2000060a:	3720      	adds	r7, #32
2000060c:	2c01      	cmp	r4, #1
2000060e:	d120      	bne.n	20000652 <dcd_rp2040_irq+0x192>
20000610:	23c0      	movs	r3, #192	@ 0xc0
20000612:	466a      	mov	r2, sp
20000614:	00db      	lsls	r3, r3, #3
20000616:	8093      	strh	r3, [r2, #4]
20000618:	4a7f      	ldr	r2, [pc, #508]	@ (20000818 <dcd_rp2040_irq+0x358>)
2000061a:	ab02      	add	r3, sp, #8
2000061c:	ca03      	ldmia	r2!, {r0, r1}
2000061e:	c303      	stmia	r3!, {r0, r1}
20000620:	2101      	movs	r1, #1
20000622:	a801      	add	r0, sp, #4
20000624:	f000 fb5e 	bl	20000ce4 <dcd_event_handler>
20000628:	2280      	movs	r2, #128	@ 0x80
2000062a:	4b79      	ldr	r3, [pc, #484]	@ (20000810 <dcd_rp2040_irq+0x350>)
2000062c:	0292      	lsls	r2, r2, #10
2000062e:	651a      	str	r2, [r3, #80]	@ 0x50
20000630:	2380      	movs	r3, #128	@ 0x80
20000632:	015b      	lsls	r3, r3, #5
20000634:	421d      	tst	r5, r3
20000636:	d10e      	bne.n	20000656 <dcd_rp2040_irq+0x196>
20000638:	2380      	movs	r3, #128	@ 0x80
2000063a:	01db      	lsls	r3, r3, #7
2000063c:	421d      	tst	r5, r3
2000063e:	d121      	bne.n	20000684 <dcd_rp2040_irq+0x1c4>
20000640:	2380      	movs	r3, #128	@ 0x80
20000642:	021b      	lsls	r3, r3, #8
20000644:	421d      	tst	r5, r3
20000646:	d12d      	bne.n	200006a4 <dcd_rp2040_irq+0x1e4>
20000648:	42ae      	cmp	r6, r5
2000064a:	d000      	beq.n	2000064e <dcd_rp2040_irq+0x18e>
2000064c:	e1be      	b.n	200009cc <dcd_rp2040_irq+0x50c>
2000064e:	b005      	add	sp, #20
20000650:	bdf0      	pop	{r4, r5, r6, r7, pc}
20000652:	2401      	movs	r4, #1
20000654:	e7bf      	b.n	200005d6 <dcd_rp2040_irq+0x116>
20000656:	2400      	movs	r4, #0
20000658:	431e      	orrs	r6, r3
2000065a:	4b60      	ldr	r3, [pc, #384]	@ (200007dc <dcd_rp2040_irq+0x31c>)
2000065c:	601c      	str	r4, [r3, #0]
2000065e:	f7ff feb7 	bl	200003d0 <reset_non_control_endpoints>
20000662:	2380      	movs	r3, #128	@ 0x80
20000664:	466a      	mov	r2, sp
20000666:	005b      	lsls	r3, r3, #1
20000668:	8093      	strh	r3, [r2, #4]
2000066a:	7214      	strb	r4, [r2, #8]
2000066c:	2101      	movs	r1, #1
2000066e:	a801      	add	r0, sp, #4
20000670:	f000 fb38 	bl	20000ce4 <dcd_event_handler>
20000674:	2280      	movs	r2, #128	@ 0x80
20000676:	4b66      	ldr	r3, [pc, #408]	@ (20000810 <dcd_rp2040_irq+0x350>)
20000678:	0312      	lsls	r2, r2, #12
2000067a:	651a      	str	r2, [r3, #80]	@ 0x50
2000067c:	2380      	movs	r3, #128	@ 0x80
2000067e:	01db      	lsls	r3, r3, #7
20000680:	421d      	tst	r5, r3
20000682:	d0dd      	beq.n	20000640 <dcd_rp2040_irq+0x180>
20000684:	431e      	orrs	r6, r3
20000686:	2380      	movs	r3, #128	@ 0x80
20000688:	466a      	mov	r2, sp
2000068a:	00db      	lsls	r3, r3, #3
2000068c:	8093      	strh	r3, [r2, #4]
2000068e:	2101      	movs	r1, #1
20000690:	a801      	add	r0, sp, #4
20000692:	f000 fb27 	bl	20000ce4 <dcd_event_handler>
20000696:	2210      	movs	r2, #16
20000698:	4b5d      	ldr	r3, [pc, #372]	@ (20000810 <dcd_rp2040_irq+0x350>)
2000069a:	651a      	str	r2, [r3, #80]	@ 0x50
2000069c:	2380      	movs	r3, #128	@ 0x80
2000069e:	021b      	lsls	r3, r3, #8
200006a0:	421d      	tst	r5, r3
200006a2:	d0d1      	beq.n	20000648 <dcd_rp2040_irq+0x188>
200006a4:	431e      	orrs	r6, r3
200006a6:	23a0      	movs	r3, #160	@ 0xa0
200006a8:	466a      	mov	r2, sp
200006aa:	00db      	lsls	r3, r3, #3
200006ac:	8093      	strh	r3, [r2, #4]
200006ae:	2101      	movs	r1, #1
200006b0:	a801      	add	r0, sp, #4
200006b2:	f000 fb17 	bl	20000ce4 <dcd_event_handler>
200006b6:	2280      	movs	r2, #128	@ 0x80
200006b8:	4b55      	ldr	r3, [pc, #340]	@ (20000810 <dcd_rp2040_irq+0x350>)
200006ba:	0112      	lsls	r2, r2, #4
200006bc:	651a      	str	r2, [r3, #80]	@ 0x50
200006be:	e7c3      	b.n	20000648 <dcd_rp2040_irq+0x188>
200006c0:	f7ff feba 	bl	20000438 <hw_handle_buff_status>
200006c4:	0026      	movs	r6, r4
200006c6:	e77f      	b.n	200005c8 <dcd_rp2040_irq+0x108>
200006c8:	4b54      	ldr	r3, [pc, #336]	@ (2000081c <dcd_rp2040_irq+0x35c>)
200006ca:	4a44      	ldr	r2, [pc, #272]	@ (200007dc <dcd_rp2040_irq+0x31c>)
200006cc:	661c      	str	r4, [r3, #96]	@ 0x60
200006ce:	6e53      	ldr	r3, [r2, #100]	@ 0x64
200006d0:	4023      	ands	r3, r4
200006d2:	42a3      	cmp	r3, r4
200006d4:	d1fb      	bne.n	200006ce <dcd_rp2040_irq+0x20e>
200006d6:	e786      	b.n	200005e6 <dcd_rp2040_irq+0x126>
200006d8:	3378      	adds	r3, #120	@ 0x78
200006da:	5ce7      	ldrb	r7, [r4, r3]
200006dc:	2f00      	cmp	r7, #0
200006de:	d100      	bne.n	200006e2 <dcd_rp2040_irq+0x222>
200006e0:	e70a      	b.n	200004f8 <dcd_rp2040_irq+0x38>
200006e2:	3302      	adds	r3, #2
200006e4:	5ce2      	ldrb	r2, [r4, r3]
200006e6:	2a00      	cmp	r2, #0
200006e8:	d000      	beq.n	200006ec <dcd_rp2040_irq+0x22c>
200006ea:	e10d      	b.n	20000908 <dcd_rp2040_irq+0x448>
200006ec:	003e      	movs	r6, r7
200006ee:	e703      	b.n	200004f8 <dcd_rp2040_irq+0x38>
200006f0:	33b8      	adds	r3, #184	@ 0xb8
200006f2:	5ce7      	ldrb	r7, [r4, r3]
200006f4:	2f00      	cmp	r7, #0
200006f6:	d100      	bne.n	200006fa <dcd_rp2040_irq+0x23a>
200006f8:	e703      	b.n	20000502 <dcd_rp2040_irq+0x42>
200006fa:	3302      	adds	r3, #2
200006fc:	5ce2      	ldrb	r2, [r4, r3]
200006fe:	2a00      	cmp	r2, #0
20000700:	d000      	beq.n	20000704 <dcd_rp2040_irq+0x244>
20000702:	e0f9      	b.n	200008f8 <dcd_rp2040_irq+0x438>
20000704:	003e      	movs	r6, r7
20000706:	e6fc      	b.n	20000502 <dcd_rp2040_irq+0x42>
20000708:	33f8      	adds	r3, #248	@ 0xf8
2000070a:	5ce7      	ldrb	r7, [r4, r3]
2000070c:	2f00      	cmp	r7, #0
2000070e:	d100      	bne.n	20000712 <dcd_rp2040_irq+0x252>
20000710:	e6fc      	b.n	2000050c <dcd_rp2040_irq+0x4c>
20000712:	3302      	adds	r3, #2
20000714:	5ce2      	ldrb	r2, [r4, r3]
20000716:	2a00      	cmp	r2, #0
20000718:	d000      	beq.n	2000071c <dcd_rp2040_irq+0x25c>
2000071a:	e141      	b.n	200009a0 <dcd_rp2040_irq+0x4e0>
2000071c:	003e      	movs	r6, r7
2000071e:	e6f5      	b.n	2000050c <dcd_rp2040_irq+0x4c>
20000720:	33f9      	adds	r3, #249	@ 0xf9
20000722:	33ff      	adds	r3, #255	@ 0xff
20000724:	5ce7      	ldrb	r7, [r4, r3]
20000726:	2f00      	cmp	r7, #0
20000728:	d100      	bne.n	2000072c <dcd_rp2040_irq+0x26c>
2000072a:	e707      	b.n	2000053c <dcd_rp2040_irq+0x7c>
2000072c:	3302      	adds	r3, #2
2000072e:	5ce2      	ldrb	r2, [r4, r3]
20000730:	2a00      	cmp	r2, #0
20000732:	d000      	beq.n	20000736 <dcd_rp2040_irq+0x276>
20000734:	e12b      	b.n	2000098e <dcd_rp2040_irq+0x4ce>
20000736:	003e      	movs	r6, r7
20000738:	e700      	b.n	2000053c <dcd_rp2040_irq+0x7c>
2000073a:	3379      	adds	r3, #121	@ 0x79
2000073c:	33ff      	adds	r3, #255	@ 0xff
2000073e:	5ce7      	ldrb	r7, [r4, r3]
20000740:	2f00      	cmp	r7, #0
20000742:	d100      	bne.n	20000746 <dcd_rp2040_irq+0x286>
20000744:	e6ee      	b.n	20000524 <dcd_rp2040_irq+0x64>
20000746:	3302      	adds	r3, #2
20000748:	5ce2      	ldrb	r2, [r4, r3]
2000074a:	2a00      	cmp	r2, #0
2000074c:	d000      	beq.n	20000750 <dcd_rp2040_irq+0x290>
2000074e:	e115      	b.n	2000097c <dcd_rp2040_irq+0x4bc>
20000750:	003e      	movs	r6, r7
20000752:	e6e7      	b.n	20000524 <dcd_rp2040_irq+0x64>
20000754:	4b32      	ldr	r3, [pc, #200]	@ (20000820 <dcd_rp2040_irq+0x360>)
20000756:	5ce7      	ldrb	r7, [r4, r3]
20000758:	2f00      	cmp	r7, #0
2000075a:	d100      	bne.n	2000075e <dcd_rp2040_irq+0x29e>
2000075c:	e6f8      	b.n	20000550 <dcd_rp2040_irq+0x90>
2000075e:	3302      	adds	r3, #2
20000760:	5ce2      	ldrb	r2, [r4, r3]
20000762:	2a00      	cmp	r2, #0
20000764:	d000      	beq.n	20000768 <dcd_rp2040_irq+0x2a8>
20000766:	e101      	b.n	2000096c <dcd_rp2040_irq+0x4ac>
20000768:	003e      	movs	r6, r7
2000076a:	e6f1      	b.n	20000550 <dcd_rp2040_irq+0x90>
2000076c:	3339      	adds	r3, #57	@ 0x39
2000076e:	33ff      	adds	r3, #255	@ 0xff
20000770:	5ce7      	ldrb	r7, [r4, r3]
20000772:	2f00      	cmp	r7, #0
20000774:	d100      	bne.n	20000778 <dcd_rp2040_irq+0x2b8>
20000776:	e6cf      	b.n	20000518 <dcd_rp2040_irq+0x58>
20000778:	3302      	adds	r3, #2
2000077a:	5ce2      	ldrb	r2, [r4, r3]
2000077c:	2a00      	cmp	r2, #0
2000077e:	d000      	beq.n	20000782 <dcd_rp2040_irq+0x2c2>
20000780:	e0eb      	b.n	2000095a <dcd_rp2040_irq+0x49a>
20000782:	003e      	movs	r6, r7
20000784:	e6c8      	b.n	20000518 <dcd_rp2040_irq+0x58>
20000786:	3338      	adds	r3, #56	@ 0x38
20000788:	5ce6      	ldrb	r6, [r4, r3]
2000078a:	2e00      	cmp	r6, #0
2000078c:	d100      	bne.n	20000790 <dcd_rp2040_irq+0x2d0>
2000078e:	e6ae      	b.n	200004ee <dcd_rp2040_irq+0x2e>
20000790:	3302      	adds	r3, #2
20000792:	5ce2      	ldrb	r2, [r4, r3]
20000794:	2a00      	cmp	r2, #0
20000796:	d100      	bne.n	2000079a <dcd_rp2040_irq+0x2da>
20000798:	e6a9      	b.n	200004ee <dcd_rp2040_irq+0x2e>
2000079a:	0020      	movs	r0, r4
2000079c:	2200      	movs	r2, #0
2000079e:	3020      	adds	r0, #32
200007a0:	54e2      	strb	r2, [r4, r3]
200007a2:	f000 fa4b 	bl	20000c3c <hw_endpoint_start_next_buffer>
200007a6:	e6a2      	b.n	200004ee <dcd_rp2040_irq+0x2e>
200007a8:	33b9      	adds	r3, #185	@ 0xb9
200007aa:	33ff      	adds	r3, #255	@ 0xff
200007ac:	5ce7      	ldrb	r7, [r4, r3]
200007ae:	2f00      	cmp	r7, #0
200007b0:	d100      	bne.n	200007b4 <dcd_rp2040_irq+0x2f4>
200007b2:	e6bd      	b.n	20000530 <dcd_rp2040_irq+0x70>
200007b4:	3302      	adds	r3, #2
200007b6:	5ce2      	ldrb	r2, [r4, r3]
200007b8:	2a00      	cmp	r2, #0
200007ba:	d000      	beq.n	200007be <dcd_rp2040_irq+0x2fe>
200007bc:	e0c4      	b.n	20000948 <dcd_rp2040_irq+0x488>
200007be:	003e      	movs	r6, r7
200007c0:	e6b6      	b.n	20000530 <dcd_rp2040_irq+0x70>
200007c2:	4b18      	ldr	r3, [pc, #96]	@ (20000824 <dcd_rp2040_irq+0x364>)
200007c4:	5ce7      	ldrb	r7, [r4, r3]
200007c6:	2f00      	cmp	r7, #0
200007c8:	d100      	bne.n	200007cc <dcd_rp2040_irq+0x30c>
200007ca:	e6cb      	b.n	20000564 <dcd_rp2040_irq+0xa4>
200007cc:	3302      	adds	r3, #2
200007ce:	5ce2      	ldrb	r2, [r4, r3]
200007d0:	2a00      	cmp	r2, #0
200007d2:	d000      	beq.n	200007d6 <dcd_rp2040_irq+0x316>
200007d4:	e0b0      	b.n	20000938 <dcd_rp2040_irq+0x478>
200007d6:	003e      	movs	r6, r7
200007d8:	e6c4      	b.n	20000564 <dcd_rp2040_irq+0xa4>
200007da:	46c0      	nop			@ (mov r8, r8)
200007dc:	50110000 	.word	0x50110000
200007e0:	40054000 	.word	0x40054000
200007e4:	20001800 	.word	0x20001800
200007e8:	200017f8 	.word	0x200017f8
200007ec:	0000023b 	.word	0x0000023b
200007f0:	0000027b 	.word	0x0000027b
200007f4:	000002bb 	.word	0x000002bb
200007f8:	000002fb 	.word	0x000002fb
200007fc:	0000033b 	.word	0x0000033b
20000800:	0000037b 	.word	0x0000037b
20000804:	000003bb 	.word	0x000003bb
20000808:	000003fb 	.word	0x000003fb
2000080c:	20002a47 	.word	0x20002a47
20000810:	50113000 	.word	0x50113000
20000814:	00020010 	.word	0x00020010
20000818:	50100000 	.word	0x50100000
2000081c:	50112000 	.word	0x50112000
20000820:	0000027a 	.word	0x0000027a
20000824:	000002fa 	.word	0x000002fa
20000828:	4b6b      	ldr	r3, [pc, #428]	@ (200009d8 <dcd_rp2040_irq+0x518>)
2000082a:	5ce7      	ldrb	r7, [r4, r3]
2000082c:	2f00      	cmp	r7, #0
2000082e:	d100      	bne.n	20000832 <dcd_rp2040_irq+0x372>
20000830:	e689      	b.n	20000546 <dcd_rp2040_irq+0x86>
20000832:	3302      	adds	r3, #2
20000834:	5ce2      	ldrb	r2, [r4, r3]
20000836:	2a00      	cmp	r2, #0
20000838:	d176      	bne.n	20000928 <dcd_rp2040_irq+0x468>
2000083a:	003e      	movs	r6, r7
2000083c:	e683      	b.n	20000546 <dcd_rp2040_irq+0x86>
2000083e:	4b67      	ldr	r3, [pc, #412]	@ (200009dc <dcd_rp2040_irq+0x51c>)
20000840:	5ce7      	ldrb	r7, [r4, r3]
20000842:	2f00      	cmp	r7, #0
20000844:	d100      	bne.n	20000848 <dcd_rp2040_irq+0x388>
20000846:	e688      	b.n	2000055a <dcd_rp2040_irq+0x9a>
20000848:	3302      	adds	r3, #2
2000084a:	5ce2      	ldrb	r2, [r4, r3]
2000084c:	2a00      	cmp	r2, #0
2000084e:	d163      	bne.n	20000918 <dcd_rp2040_irq+0x458>
20000850:	003e      	movs	r6, r7
20000852:	e682      	b.n	2000055a <dcd_rp2040_irq+0x9a>
20000854:	4b62      	ldr	r3, [pc, #392]	@ (200009e0 <dcd_rp2040_irq+0x520>)
20000856:	5ce7      	ldrb	r7, [r4, r3]
20000858:	2f00      	cmp	r7, #0
2000085a:	d100      	bne.n	2000085e <dcd_rp2040_irq+0x39e>
2000085c:	e68c      	b.n	20000578 <dcd_rp2040_irq+0xb8>
2000085e:	3302      	adds	r3, #2
20000860:	5ce2      	ldrb	r2, [r4, r3]
20000862:	2a00      	cmp	r2, #0
20000864:	d000      	beq.n	20000868 <dcd_rp2040_irq+0x3a8>
20000866:	e0a3      	b.n	200009b0 <dcd_rp2040_irq+0x4f0>
20000868:	4b5e      	ldr	r3, [pc, #376]	@ (200009e4 <dcd_rp2040_irq+0x524>)
2000086a:	5ce3      	ldrb	r3, [r4, r3]
2000086c:	2b02      	cmp	r3, #2
2000086e:	d130      	bne.n	200008d2 <dcd_rp2040_irq+0x412>
20000870:	4b5d      	ldr	r3, [pc, #372]	@ (200009e8 <dcd_rp2040_irq+0x528>)
20000872:	5ce3      	ldrb	r3, [r4, r3]
20000874:	2b00      	cmp	r3, #0
20000876:	d127      	bne.n	200008c8 <dcd_rp2040_irq+0x408>
20000878:	4b5c      	ldr	r3, [pc, #368]	@ (200009ec <dcd_rp2040_irq+0x52c>)
2000087a:	5ce3      	ldrb	r3, [r4, r3]
2000087c:	2b02      	cmp	r3, #2
2000087e:	d000      	beq.n	20000882 <dcd_rp2040_irq+0x3c2>
20000880:	e68f      	b.n	200005a2 <dcd_rp2040_irq+0xe2>
20000882:	003e      	movs	r6, r7
20000884:	4b5a      	ldr	r3, [pc, #360]	@ (200009f0 <dcd_rp2040_irq+0x530>)
20000886:	5ce3      	ldrb	r3, [r4, r3]
20000888:	2b00      	cmp	r3, #0
2000088a:	d100      	bne.n	2000088e <dcd_rp2040_irq+0x3ce>
2000088c:	e67e      	b.n	2000058c <dcd_rp2040_irq+0xcc>
2000088e:	23ff      	movs	r3, #255	@ 0xff
20000890:	009b      	lsls	r3, r3, #2
20000892:	5ce2      	ldrb	r2, [r4, r3]
20000894:	2a00      	cmp	r2, #0
20000896:	d100      	bne.n	2000089a <dcd_rp2040_irq+0x3da>
20000898:	e683      	b.n	200005a2 <dcd_rp2040_irq+0xe2>
2000089a:	2200      	movs	r2, #0
2000089c:	54e2      	strb	r2, [r4, r3]
2000089e:	3b1c      	subs	r3, #28
200008a0:	18e0      	adds	r0, r4, r3
200008a2:	f000 f9cb 	bl	20000c3c <hw_endpoint_start_next_buffer>
200008a6:	e67c      	b.n	200005a2 <dcd_rp2040_irq+0xe2>
200008a8:	4b52      	ldr	r3, [pc, #328]	@ (200009f4 <dcd_rp2040_irq+0x534>)
200008aa:	5ce7      	ldrb	r7, [r4, r3]
200008ac:	2f00      	cmp	r7, #0
200008ae:	d100      	bne.n	200008b2 <dcd_rp2040_irq+0x3f2>
200008b0:	e65d      	b.n	2000056e <dcd_rp2040_irq+0xae>
200008b2:	3302      	adds	r3, #2
200008b4:	5ce2      	ldrb	r2, [r4, r3]
200008b6:	2a00      	cmp	r2, #0
200008b8:	d116      	bne.n	200008e8 <dcd_rp2040_irq+0x428>
200008ba:	003e      	movs	r6, r7
200008bc:	e657      	b.n	2000056e <dcd_rp2040_irq+0xae>
200008be:	4b4a      	ldr	r3, [pc, #296]	@ (200009e8 <dcd_rp2040_irq+0x528>)
200008c0:	5ce3      	ldrb	r3, [r4, r3]
200008c2:	2b00      	cmp	r3, #0
200008c4:	d100      	bne.n	200008c8 <dcd_rp2040_irq+0x408>
200008c6:	e65c      	b.n	20000582 <dcd_rp2040_irq+0xc2>
200008c8:	23ef      	movs	r3, #239	@ 0xef
200008ca:	009b      	lsls	r3, r3, #2
200008cc:	5ce2      	ldrb	r2, [r4, r3]
200008ce:	2a00      	cmp	r2, #0
200008d0:	d175      	bne.n	200009be <dcd_rp2040_irq+0x4fe>
200008d2:	4b46      	ldr	r3, [pc, #280]	@ (200009ec <dcd_rp2040_irq+0x52c>)
200008d4:	5ce3      	ldrb	r3, [r4, r3]
200008d6:	2b02      	cmp	r3, #2
200008d8:	d000      	beq.n	200008dc <dcd_rp2040_irq+0x41c>
200008da:	e662      	b.n	200005a2 <dcd_rp2040_irq+0xe2>
200008dc:	4b44      	ldr	r3, [pc, #272]	@ (200009f0 <dcd_rp2040_irq+0x530>)
200008de:	5ce3      	ldrb	r3, [r4, r3]
200008e0:	2b00      	cmp	r3, #0
200008e2:	d100      	bne.n	200008e6 <dcd_rp2040_irq+0x426>
200008e4:	e65d      	b.n	200005a2 <dcd_rp2040_irq+0xe2>
200008e6:	e7d2      	b.n	2000088e <dcd_rp2040_irq+0x3ce>
200008e8:	2200      	movs	r2, #0
200008ea:	54e2      	strb	r2, [r4, r3]
200008ec:	3b1c      	subs	r3, #28
200008ee:	18e0      	adds	r0, r4, r3
200008f0:	f000 f9a4 	bl	20000c3c <hw_endpoint_start_next_buffer>
200008f4:	003e      	movs	r6, r7
200008f6:	e63a      	b.n	2000056e <dcd_rp2040_irq+0xae>
200008f8:	0020      	movs	r0, r4
200008fa:	2200      	movs	r2, #0
200008fc:	30a0      	adds	r0, #160	@ 0xa0
200008fe:	54e2      	strb	r2, [r4, r3]
20000900:	003e      	movs	r6, r7
20000902:	f000 f99b 	bl	20000c3c <hw_endpoint_start_next_buffer>
20000906:	e5fc      	b.n	20000502 <dcd_rp2040_irq+0x42>
20000908:	0020      	movs	r0, r4
2000090a:	2200      	movs	r2, #0
2000090c:	3060      	adds	r0, #96	@ 0x60
2000090e:	54e2      	strb	r2, [r4, r3]
20000910:	003e      	movs	r6, r7
20000912:	f000 f993 	bl	20000c3c <hw_endpoint_start_next_buffer>
20000916:	e5ef      	b.n	200004f8 <dcd_rp2040_irq+0x38>
20000918:	2200      	movs	r2, #0
2000091a:	54e2      	strb	r2, [r4, r3]
2000091c:	3b1c      	subs	r3, #28
2000091e:	18e0      	adds	r0, r4, r3
20000920:	f000 f98c 	bl	20000c3c <hw_endpoint_start_next_buffer>
20000924:	003e      	movs	r6, r7
20000926:	e618      	b.n	2000055a <dcd_rp2040_irq+0x9a>
20000928:	2200      	movs	r2, #0
2000092a:	54e2      	strb	r2, [r4, r3]
2000092c:	3b1c      	subs	r3, #28
2000092e:	18e0      	adds	r0, r4, r3
20000930:	f000 f984 	bl	20000c3c <hw_endpoint_start_next_buffer>
20000934:	003e      	movs	r6, r7
20000936:	e606      	b.n	20000546 <dcd_rp2040_irq+0x86>
20000938:	2200      	movs	r2, #0
2000093a:	54e2      	strb	r2, [r4, r3]
2000093c:	3b1c      	subs	r3, #28
2000093e:	18e0      	adds	r0, r4, r3
20000940:	f000 f97c 	bl	20000c3c <hw_endpoint_start_next_buffer>
20000944:	003e      	movs	r6, r7
20000946:	e60d      	b.n	20000564 <dcd_rp2040_irq+0xa4>
20000948:	0020      	movs	r0, r4
2000094a:	2200      	movs	r2, #0
2000094c:	30a1      	adds	r0, #161	@ 0xa1
2000094e:	30ff      	adds	r0, #255	@ 0xff
20000950:	54e2      	strb	r2, [r4, r3]
20000952:	003e      	movs	r6, r7
20000954:	f000 f972 	bl	20000c3c <hw_endpoint_start_next_buffer>
20000958:	e5ea      	b.n	20000530 <dcd_rp2040_irq+0x70>
2000095a:	0020      	movs	r0, r4
2000095c:	2200      	movs	r2, #0
2000095e:	3021      	adds	r0, #33	@ 0x21
20000960:	30ff      	adds	r0, #255	@ 0xff
20000962:	54e2      	strb	r2, [r4, r3]
20000964:	003e      	movs	r6, r7
20000966:	f000 f969 	bl	20000c3c <hw_endpoint_start_next_buffer>
2000096a:	e5d5      	b.n	20000518 <dcd_rp2040_irq+0x58>
2000096c:	2200      	movs	r2, #0
2000096e:	54e2      	strb	r2, [r4, r3]
20000970:	3b1c      	subs	r3, #28
20000972:	18e0      	adds	r0, r4, r3
20000974:	f000 f962 	bl	20000c3c <hw_endpoint_start_next_buffer>
20000978:	003e      	movs	r6, r7
2000097a:	e5e9      	b.n	20000550 <dcd_rp2040_irq+0x90>
2000097c:	0020      	movs	r0, r4
2000097e:	2200      	movs	r2, #0
20000980:	3061      	adds	r0, #97	@ 0x61
20000982:	30ff      	adds	r0, #255	@ 0xff
20000984:	54e2      	strb	r2, [r4, r3]
20000986:	003e      	movs	r6, r7
20000988:	f000 f958 	bl	20000c3c <hw_endpoint_start_next_buffer>
2000098c:	e5ca      	b.n	20000524 <dcd_rp2040_irq+0x64>
2000098e:	0020      	movs	r0, r4
20000990:	2200      	movs	r2, #0
20000992:	30e1      	adds	r0, #225	@ 0xe1
20000994:	30ff      	adds	r0, #255	@ 0xff
20000996:	54e2      	strb	r2, [r4, r3]
20000998:	003e      	movs	r6, r7
2000099a:	f000 f94f 	bl	20000c3c <hw_endpoint_start_next_buffer>
2000099e:	e5cd      	b.n	2000053c <dcd_rp2040_irq+0x7c>
200009a0:	0020      	movs	r0, r4
200009a2:	2200      	movs	r2, #0
200009a4:	30e0      	adds	r0, #224	@ 0xe0
200009a6:	54e2      	strb	r2, [r4, r3]
200009a8:	003e      	movs	r6, r7
200009aa:	f000 f947 	bl	20000c3c <hw_endpoint_start_next_buffer>
200009ae:	e5ad      	b.n	2000050c <dcd_rp2040_irq+0x4c>
200009b0:	2200      	movs	r2, #0
200009b2:	54e2      	strb	r2, [r4, r3]
200009b4:	3b1c      	subs	r3, #28
200009b6:	18e0      	adds	r0, r4, r3
200009b8:	f000 f940 	bl	20000c3c <hw_endpoint_start_next_buffer>
200009bc:	e754      	b.n	20000868 <dcd_rp2040_irq+0x3a8>
200009be:	2200      	movs	r2, #0
200009c0:	54e2      	strb	r2, [r4, r3]
200009c2:	3b1c      	subs	r3, #28
200009c4:	18e0      	adds	r0, r4, r3
200009c6:	f000 f939 	bl	20000c3c <hw_endpoint_start_next_buffer>
200009ca:	e782      	b.n	200008d2 <dcd_rp2040_irq+0x412>
200009cc:	0031      	movs	r1, r6
200009ce:	480a      	ldr	r0, [pc, #40]	@ (200009f8 <dcd_rp2040_irq+0x538>)
200009d0:	4069      	eors	r1, r5
200009d2:	f000 fa7d 	bl	20000ed0 <__panic_veneer>
200009d6:	46c0      	nop			@ (mov r8, r8)
200009d8:	0000023a 	.word	0x0000023a
200009dc:	000002ba 	.word	0x000002ba
200009e0:	0000037a 	.word	0x0000037a
200009e4:	000003bb 	.word	0x000003bb
200009e8:	000003ba 	.word	0x000003ba
200009ec:	000003fb 	.word	0x000003fb
200009f0:	000003fa 	.word	0x000003fa
200009f4:	0000033a 	.word	0x0000033a
200009f8:	1000713c 	.word	0x1000713c

200009fc <prepare_ep_buffer>:
200009fc:	b5f0      	push	{r4, r5, r6, r7, lr}
200009fe:	468c      	mov	ip, r1
20000a00:	8a83      	ldrh	r3, [r0, #20]
20000a02:	8b01      	ldrh	r1, [r0, #24]
20000a04:	0002      	movs	r2, r0
20000a06:	b083      	sub	sp, #12
20000a08:	1c0e      	adds	r6, r1, #0
20000a0a:	4299      	cmp	r1, r3
20000a0c:	d900      	bls.n	20000a10 <prepare_ep_buffer+0x14>
20000a0e:	1c1e      	adds	r6, r3, #0
20000a10:	b2b6      	uxth	r6, r6
20000a12:	1b9b      	subs	r3, r3, r6
20000a14:	b29c      	uxth	r4, r3
20000a16:	78d3      	ldrb	r3, [r2, #3]
20000a18:	2180      	movs	r1, #128	@ 0x80
20000a1a:	0018      	movs	r0, r3
20000a1c:	1e45      	subs	r5, r0, #1
20000a1e:	41a8      	sbcs	r0, r5
20000a20:	00c9      	lsls	r1, r1, #3
20000a22:	4331      	orrs	r1, r6
20000a24:	0340      	lsls	r0, r0, #13
20000a26:	4308      	orrs	r0, r1
20000a28:	2101      	movs	r1, #1
20000a2a:	404b      	eors	r3, r1
20000a2c:	70d3      	strb	r3, [r2, #3]
20000a2e:	7853      	ldrb	r3, [r2, #1]
20000a30:	8294      	strh	r4, [r2, #20]
20000a32:	2b00      	cmp	r3, #0
20000a34:	d132      	bne.n	20000a9c <prepare_ep_buffer+0xa0>
20000a36:	6911      	ldr	r1, [r2, #16]
20000a38:	2e00      	cmp	r6, #0
20000a3a:	d02a      	beq.n	20000a92 <prepare_ep_buffer+0x96>
20000a3c:	4663      	mov	r3, ip
20000a3e:	68d4      	ldr	r4, [r2, #12]
20000a40:	019b      	lsls	r3, r3, #6
20000a42:	18e4      	adds	r4, r4, r3
20000a44:	1e73      	subs	r3, r6, #1
20000a46:	9301      	str	r3, [sp, #4]
20000a48:	2b06      	cmp	r3, #6
20000a4a:	d932      	bls.n	20000ab2 <prepare_ep_buffer+0xb6>
20000a4c:	0023      	movs	r3, r4
20000a4e:	430b      	orrs	r3, r1
20000a50:	079b      	lsls	r3, r3, #30
20000a52:	d12e      	bne.n	20000ab2 <prepare_ep_buffer+0xb6>
20000a54:	1a63      	subs	r3, r4, r1
20000a56:	3b01      	subs	r3, #1
20000a58:	2b02      	cmp	r3, #2
20000a5a:	d92a      	bls.n	20000ab2 <prepare_ep_buffer+0xb6>
20000a5c:	2300      	movs	r3, #0
20000a5e:	08b7      	lsrs	r7, r6, #2
20000a60:	00bf      	lsls	r7, r7, #2
20000a62:	58cd      	ldr	r5, [r1, r3]
20000a64:	50e5      	str	r5, [r4, r3]
20000a66:	3304      	adds	r3, #4
20000a68:	42bb      	cmp	r3, r7
20000a6a:	d1fa      	bne.n	20000a62 <prepare_ep_buffer+0x66>
20000a6c:	429e      	cmp	r6, r3
20000a6e:	d00e      	beq.n	20000a8e <prepare_ep_buffer+0x92>
20000a70:	9d01      	ldr	r5, [sp, #4]
20000a72:	18e4      	adds	r4, r4, r3
20000a74:	1aef      	subs	r7, r5, r3
20000a76:	18cd      	adds	r5, r1, r3
20000a78:	5cc9      	ldrb	r1, [r1, r3]
20000a7a:	7021      	strb	r1, [r4, #0]
20000a7c:	9901      	ldr	r1, [sp, #4]
20000a7e:	4299      	cmp	r1, r3
20000a80:	d005      	beq.n	20000a8e <prepare_ep_buffer+0x92>
20000a82:	786b      	ldrb	r3, [r5, #1]
20000a84:	7063      	strb	r3, [r4, #1]
20000a86:	2f01      	cmp	r7, #1
20000a88:	d001      	beq.n	20000a8e <prepare_ep_buffer+0x92>
20000a8a:	78ab      	ldrb	r3, [r5, #2]
20000a8c:	70a3      	strb	r3, [r4, #2]
20000a8e:	6911      	ldr	r1, [r2, #16]
20000a90:	8a94      	ldrh	r4, [r2, #20]
20000a92:	2380      	movs	r3, #128	@ 0x80
20000a94:	1989      	adds	r1, r1, r6
20000a96:	021b      	lsls	r3, r3, #8
20000a98:	6111      	str	r1, [r2, #16]
20000a9a:	4318      	orrs	r0, r3
20000a9c:	2c00      	cmp	r4, #0
20000a9e:	d102      	bne.n	20000aa6 <prepare_ep_buffer+0xaa>
20000aa0:	2380      	movs	r3, #128	@ 0x80
20000aa2:	01db      	lsls	r3, r3, #7
20000aa4:	4318      	orrs	r0, r3
20000aa6:	4663      	mov	r3, ip
20000aa8:	2b00      	cmp	r3, #0
20000aaa:	d000      	beq.n	20000aae <prepare_ep_buffer+0xb2>
20000aac:	0400      	lsls	r0, r0, #16
20000aae:	b003      	add	sp, #12
20000ab0:	bdf0      	pop	{r4, r5, r6, r7, pc}
20000ab2:	2300      	movs	r3, #0
20000ab4:	5ccd      	ldrb	r5, [r1, r3]
20000ab6:	54e5      	strb	r5, [r4, r3]
20000ab8:	3301      	adds	r3, #1
20000aba:	429e      	cmp	r6, r3
20000abc:	d1fa      	bne.n	20000ab4 <prepare_ep_buffer+0xb8>
20000abe:	e7e6      	b.n	20000a8e <prepare_ep_buffer+0x92>

20000ac0 <sync_ep_buffer>:
20000ac0:	6883      	ldr	r3, [r0, #8]
20000ac2:	b5f0      	push	{r4, r5, r6, r7, lr}
20000ac4:	681a      	ldr	r2, [r3, #0]
20000ac6:	2900      	cmp	r1, #0
20000ac8:	d000      	beq.n	20000acc <sync_ep_buffer+0xc>
20000aca:	0c12      	lsrs	r2, r2, #16
20000acc:	7843      	ldrb	r3, [r0, #1]
20000ace:	0592      	lsls	r2, r2, #22
20000ad0:	0d95      	lsrs	r5, r2, #22
20000ad2:	2b00      	cmp	r3, #0
20000ad4:	d109      	bne.n	20000aea <sync_ep_buffer+0x2a>
20000ad6:	8ac3      	ldrh	r3, [r0, #22]
20000ad8:	18eb      	adds	r3, r5, r3
20000ada:	82c3      	strh	r3, [r0, #22]
20000adc:	8b03      	ldrh	r3, [r0, #24]
20000ade:	42ab      	cmp	r3, r5
20000ae0:	d901      	bls.n	20000ae6 <sync_ep_buffer+0x26>
20000ae2:	2300      	movs	r3, #0
20000ae4:	8283      	strh	r3, [r0, #20]
20000ae6:	0028      	movs	r0, r5
20000ae8:	bdf0      	pop	{r4, r5, r6, r7, pc}
20000aea:	6904      	ldr	r4, [r0, #16]
20000aec:	2d00      	cmp	r5, #0
20000aee:	d028      	beq.n	20000b42 <sync_ep_buffer+0x82>
20000af0:	68c3      	ldr	r3, [r0, #12]
20000af2:	0189      	lsls	r1, r1, #6
20000af4:	1e6f      	subs	r7, r5, #1
20000af6:	46bc      	mov	ip, r7
20000af8:	185e      	adds	r6, r3, r1
20000afa:	2f06      	cmp	r7, #6
20000afc:	d927      	bls.n	20000b4e <sync_ep_buffer+0x8e>
20000afe:	3101      	adds	r1, #1
20000b00:	185b      	adds	r3, r3, r1
20000b02:	1ae3      	subs	r3, r4, r3
20000b04:	2b02      	cmp	r3, #2
20000b06:	d922      	bls.n	20000b4e <sync_ep_buffer+0x8e>
20000b08:	0023      	movs	r3, r4
20000b0a:	4333      	orrs	r3, r6
20000b0c:	079b      	lsls	r3, r3, #30
20000b0e:	d11e      	bne.n	20000b4e <sync_ep_buffer+0x8e>
20000b10:	2300      	movs	r3, #0
20000b12:	0e12      	lsrs	r2, r2, #24
20000b14:	0092      	lsls	r2, r2, #2
20000b16:	58f1      	ldr	r1, [r6, r3]
20000b18:	50e1      	str	r1, [r4, r3]
20000b1a:	3304      	adds	r3, #4
20000b1c:	429a      	cmp	r2, r3
20000b1e:	d1fa      	bne.n	20000b16 <sync_ep_buffer+0x56>
20000b20:	4295      	cmp	r5, r2
20000b22:	d00d      	beq.n	20000b40 <sync_ep_buffer+0x80>
20000b24:	4663      	mov	r3, ip
20000b26:	1a9f      	subs	r7, r3, r2
20000b28:	18a3      	adds	r3, r4, r2
20000b2a:	5cb4      	ldrb	r4, [r6, r2]
20000b2c:	18b1      	adds	r1, r6, r2
20000b2e:	701c      	strb	r4, [r3, #0]
20000b30:	4594      	cmp	ip, r2
20000b32:	d005      	beq.n	20000b40 <sync_ep_buffer+0x80>
20000b34:	784a      	ldrb	r2, [r1, #1]
20000b36:	705a      	strb	r2, [r3, #1]
20000b38:	2f01      	cmp	r7, #1
20000b3a:	d001      	beq.n	20000b40 <sync_ep_buffer+0x80>
20000b3c:	788a      	ldrb	r2, [r1, #2]
20000b3e:	709a      	strb	r2, [r3, #2]
20000b40:	6904      	ldr	r4, [r0, #16]
20000b42:	8ac3      	ldrh	r3, [r0, #22]
20000b44:	1964      	adds	r4, r4, r5
20000b46:	18eb      	adds	r3, r5, r3
20000b48:	82c3      	strh	r3, [r0, #22]
20000b4a:	6104      	str	r4, [r0, #16]
20000b4c:	e7c6      	b.n	20000adc <sync_ep_buffer+0x1c>
20000b4e:	2200      	movs	r2, #0
20000b50:	5cb3      	ldrb	r3, [r6, r2]
20000b52:	54a3      	strb	r3, [r4, r2]
20000b54:	3201      	adds	r2, #1
20000b56:	4295      	cmp	r5, r2
20000b58:	d1fa      	bne.n	20000b50 <sync_ep_buffer+0x90>
20000b5a:	6904      	ldr	r4, [r0, #16]
20000b5c:	e7f1      	b.n	20000b42 <sync_ep_buffer+0x82>
20000b5e:	46c0      	nop			@ (mov r8, r8)

20000b60 <_hw_endpoint_xfer_sync>:
20000b60:	b510      	push	{r4, lr}
20000b62:	0004      	movs	r4, r0
20000b64:	6883      	ldr	r3, [r0, #8]
20000b66:	2100      	movs	r1, #0
20000b68:	681b      	ldr	r3, [r3, #0]
20000b6a:	f7ff ffa9 	bl	20000ac0 <sync_ep_buffer>
20000b6e:	6863      	ldr	r3, [r4, #4]
20000b70:	681b      	ldr	r3, [r3, #0]
20000b72:	005b      	lsls	r3, r3, #1
20000b74:	d502      	bpl.n	20000b7c <_hw_endpoint_xfer_sync+0x1c>
20000b76:	8b23      	ldrh	r3, [r4, #24]
20000b78:	4283      	cmp	r3, r0
20000b7a:	d000      	beq.n	20000b7e <_hw_endpoint_xfer_sync+0x1e>
20000b7c:	bd10      	pop	{r4, pc}
20000b7e:	2101      	movs	r1, #1
20000b80:	0020      	movs	r0, r4
20000b82:	f7ff ff9d 	bl	20000ac0 <sync_ep_buffer>
20000b86:	e7f9      	b.n	20000b7c <_hw_endpoint_xfer_sync+0x1c>

20000b88 <e15_is_bulkin_ep>:
20000b88:	4b08      	ldr	r3, [pc, #32]	@ (20000bac <e15_is_bulkin_ep+0x24>)
20000b8a:	6c1a      	ldr	r2, [r3, #64]	@ 0x40
20000b8c:	2300      	movs	r3, #0
20000b8e:	0792      	lsls	r2, r2, #30
20000b90:	d403      	bmi.n	20000b9a <e15_is_bulkin_ep+0x12>
20000b92:	7882      	ldrb	r2, [r0, #2]
20000b94:	09d2      	lsrs	r2, r2, #7
20000b96:	2a01      	cmp	r2, #1
20000b98:	d001      	beq.n	20000b9e <e15_is_bulkin_ep+0x16>
20000b9a:	0018      	movs	r0, r3
20000b9c:	4770      	bx	lr
20000b9e:	7ec3      	ldrb	r3, [r0, #27]
20000ba0:	3b02      	subs	r3, #2
20000ba2:	425a      	negs	r2, r3
20000ba4:	4153      	adcs	r3, r2
20000ba6:	b2db      	uxtb	r3, r3
20000ba8:	e7f7      	b.n	20000b9a <e15_is_bulkin_ep+0x12>
20000baa:	46c0      	nop			@ (mov r8, r8)
20000bac:	50110000 	.word	0x50110000

20000bb0 <e15_is_critical_frame_period>:
20000bb0:	b510      	push	{r4, lr}
20000bb2:	f7ff ffe9 	bl	20000b88 <e15_is_bulkin_ep>
20000bb6:	2800      	cmp	r0, #0
20000bb8:	d00a      	beq.n	20000bd0 <e15_is_critical_frame_period+0x20>
20000bba:	4b06      	ldr	r3, [pc, #24]	@ (20000bd4 <e15_is_critical_frame_period+0x24>)
20000bbc:	4a06      	ldr	r2, [pc, #24]	@ (20000bd8 <e15_is_critical_frame_period+0x28>)
20000bbe:	6a9b      	ldr	r3, [r3, #40]	@ 0x28
20000bc0:	4906      	ldr	r1, [pc, #24]	@ (20000bdc <e15_is_critical_frame_period+0x2c>)
20000bc2:	6812      	ldr	r2, [r2, #0]
20000bc4:	185b      	adds	r3, r3, r1
20000bc6:	1a9b      	subs	r3, r3, r2
20000bc8:	2000      	movs	r0, #0
20000bca:	22c6      	movs	r2, #198	@ 0xc6
20000bcc:	429a      	cmp	r2, r3
20000bce:	4140      	adcs	r0, r0
20000bd0:	bd10      	pop	{r4, pc}
20000bd2:	46c0      	nop			@ (mov r8, r8)
20000bd4:	40054000 	.word	0x40054000
20000bd8:	200017f8 	.word	0x200017f8
20000bdc:	fffffce0 	.word	0xfffffce0

20000be0 <hw_endpoint_reset_transfer>:
20000be0:	2300      	movs	r3, #0
20000be2:	7683      	strb	r3, [r0, #26]
20000be4:	6143      	str	r3, [r0, #20]
20000be6:	6103      	str	r3, [r0, #16]
20000be8:	4770      	bx	lr
20000bea:	46c0      	nop			@ (mov r8, r8)

20000bec <_hw_endpoint_buffer_control_update32>:
20000bec:	b510      	push	{r4, lr}
20000bee:	6883      	ldr	r3, [r0, #8]
20000bf0:	2900      	cmp	r1, #0
20000bf2:	d001      	beq.n	20000bf8 <_hw_endpoint_buffer_control_update32+0xc>
20000bf4:	681c      	ldr	r4, [r3, #0]
20000bf6:	4021      	ands	r1, r4
20000bf8:	2a00      	cmp	r2, #0
20000bfa:	d012      	beq.n	20000c22 <_hw_endpoint_buffer_control_update32+0x36>
20000bfc:	2480      	movs	r4, #128	@ 0x80
20000bfe:	00e4      	lsls	r4, r4, #3
20000c00:	4311      	orrs	r1, r2
20000c02:	4222      	tst	r2, r4
20000c04:	d00d      	beq.n	20000c22 <_hw_endpoint_buffer_control_update32+0x36>
20000c06:	681a      	ldr	r2, [r3, #0]
20000c08:	4222      	tst	r2, r4
20000c0a:	d10c      	bne.n	20000c26 <_hw_endpoint_buffer_control_update32+0x3a>
20000c0c:	4a08      	ldr	r2, [pc, #32]	@ (20000c30 <_hw_endpoint_buffer_control_update32+0x44>)
20000c0e:	400a      	ands	r2, r1
20000c10:	601a      	str	r2, [r3, #0]
20000c12:	4a08      	ldr	r2, [pc, #32]	@ (20000c34 <_hw_endpoint_buffer_control_update32+0x48>)
20000c14:	6c12      	ldr	r2, [r2, #64]	@ 0x40
20000c16:	0792      	lsls	r2, r2, #30
20000c18:	d403      	bmi.n	20000c22 <_hw_endpoint_buffer_control_update32+0x36>
20000c1a:	230c      	movs	r3, #12
20000c1c:	3b03      	subs	r3, #3
20000c1e:	d2fd      	bcs.n	20000c1c <_hw_endpoint_buffer_control_update32+0x30>
20000c20:	6883      	ldr	r3, [r0, #8]
20000c22:	6019      	str	r1, [r3, #0]
20000c24:	bd10      	pop	{r4, pc}
20000c26:	7881      	ldrb	r1, [r0, #2]
20000c28:	4803      	ldr	r0, [pc, #12]	@ (20000c38 <_hw_endpoint_buffer_control_update32+0x4c>)
20000c2a:	f000 f951 	bl	20000ed0 <__panic_veneer>
20000c2e:	46c0      	nop			@ (mov r8, r8)
20000c30:	fffffbff 	.word	0xfffffbff
20000c34:	50110000 	.word	0x50110000
20000c38:	10007150 	.word	0x10007150

20000c3c <hw_endpoint_start_next_buffer>:
20000c3c:	6843      	ldr	r3, [r0, #4]
20000c3e:	b570      	push	{r4, r5, r6, lr}
20000c40:	2100      	movs	r1, #0
20000c42:	2580      	movs	r5, #128	@ 0x80
20000c44:	0004      	movs	r4, r0
20000c46:	681e      	ldr	r6, [r3, #0]
20000c48:	f7ff fed8 	bl	200009fc <prepare_ep_buffer>
20000c4c:	4b12      	ldr	r3, [pc, #72]	@ (20000c98 <hw_endpoint_start_next_buffer+0x5c>)
20000c4e:	016d      	lsls	r5, r5, #5
20000c50:	6c1a      	ldr	r2, [r3, #64]	@ 0x40
20000c52:	4305      	orrs	r5, r0
20000c54:	78a3      	ldrb	r3, [r4, #2]
20000c56:	0792      	lsls	r2, r2, #30
20000c58:	d50e      	bpl.n	20000c78 <hw_endpoint_start_next_buffer+0x3c>
20000c5a:	065b      	lsls	r3, r3, #25
20000c5c:	d00e      	beq.n	20000c7c <hw_endpoint_start_next_buffer+0x40>
20000c5e:	4b0f      	ldr	r3, [pc, #60]	@ (20000c9c <hw_endpoint_start_next_buffer+0x60>)
20000c60:	401e      	ands	r6, r3
20000c62:	2380      	movs	r3, #128	@ 0x80
20000c64:	059b      	lsls	r3, r3, #22
20000c66:	4333      	orrs	r3, r6
20000c68:	6862      	ldr	r2, [r4, #4]
20000c6a:	2100      	movs	r1, #0
20000c6c:	6013      	str	r3, [r2, #0]
20000c6e:	0020      	movs	r0, r4
20000c70:	002a      	movs	r2, r5
20000c72:	f7ff ffbb 	bl	20000bec <_hw_endpoint_buffer_control_update32>
20000c76:	bd70      	pop	{r4, r5, r6, pc}
20000c78:	09db      	lsrs	r3, r3, #7
20000c7a:	d0f0      	beq.n	20000c5e <hw_endpoint_start_next_buffer+0x22>
20000c7c:	8aa3      	ldrh	r3, [r4, #20]
20000c7e:	2b00      	cmp	r3, #0
20000c80:	d0ed      	beq.n	20000c5e <hw_endpoint_start_next_buffer+0x22>
20000c82:	2101      	movs	r1, #1
20000c84:	0020      	movs	r0, r4
20000c86:	f7ff feb9 	bl	200009fc <prepare_ep_buffer>
20000c8a:	23a0      	movs	r3, #160	@ 0xa0
20000c8c:	4a04      	ldr	r2, [pc, #16]	@ (20000ca0 <hw_endpoint_start_next_buffer+0x64>)
20000c8e:	05db      	lsls	r3, r3, #23
20000c90:	4032      	ands	r2, r6
20000c92:	4305      	orrs	r5, r0
20000c94:	4313      	orrs	r3, r2
20000c96:	e7e7      	b.n	20000c68 <hw_endpoint_start_next_buffer+0x2c>
20000c98:	50110000 	.word	0x50110000
20000c9c:	afffffff 	.word	0xafffffff
20000ca0:	dfffffff 	.word	0xdfffffff

20000ca4 <hw_endpoint_xfer_continue>:
20000ca4:	b570      	push	{r4, r5, r6, lr}
20000ca6:	7e85      	ldrb	r5, [r0, #26]
20000ca8:	0004      	movs	r4, r0
20000caa:	2d00      	cmp	r5, #0
20000cac:	d014      	beq.n	20000cd8 <hw_endpoint_xfer_continue+0x34>
20000cae:	f7ff ff57 	bl	20000b60 <_hw_endpoint_xfer_sync>
20000cb2:	8aa3      	ldrh	r3, [r4, #20]
20000cb4:	2b00      	cmp	r3, #0
20000cb6:	d101      	bne.n	20000cbc <hw_endpoint_xfer_continue+0x18>
20000cb8:	0028      	movs	r0, r5
20000cba:	bd70      	pop	{r4, r5, r6, pc}
20000cbc:	0020      	movs	r0, r4
20000cbe:	f7ff ff77 	bl	20000bb0 <e15_is_critical_frame_period>
20000cc2:	2800      	cmp	r0, #0
20000cc4:	d003      	beq.n	20000cce <hw_endpoint_xfer_continue+0x2a>
20000cc6:	2301      	movs	r3, #1
20000cc8:	2500      	movs	r5, #0
20000cca:	7723      	strb	r3, [r4, #28]
20000ccc:	e7f4      	b.n	20000cb8 <hw_endpoint_xfer_continue+0x14>
20000cce:	0020      	movs	r0, r4
20000cd0:	f7ff ffb4 	bl	20000c3c <hw_endpoint_start_next_buffer>
20000cd4:	2500      	movs	r5, #0
20000cd6:	e7ef      	b.n	20000cb8 <hw_endpoint_xfer_continue+0x14>
20000cd8:	7881      	ldrb	r1, [r0, #2]
20000cda:	4801      	ldr	r0, [pc, #4]	@ (20000ce0 <hw_endpoint_xfer_continue+0x3c>)
20000cdc:	f000 f8f8 	bl	20000ed0 <__panic_veneer>
20000ce0:	10007170 	.word	0x10007170

20000ce4 <dcd_event_handler>:
20000ce4:	b5f0      	push	{r4, r5, r6, r7, lr}
20000ce6:	4647      	mov	r7, r8
20000ce8:	46ce      	mov	lr, r9
20000cea:	b580      	push	{r7, lr}
20000cec:	7843      	ldrb	r3, [r0, #1]
20000cee:	0005      	movs	r5, r0
20000cf0:	000f      	movs	r7, r1
20000cf2:	b085      	sub	sp, #20
20000cf4:	2b06      	cmp	r3, #6
20000cf6:	d807      	bhi.n	20000d08 <dcd_event_handler+0x24>
20000cf8:	4a68      	ldr	r2, [pc, #416]	@ (20000e9c <dcd_event_handler+0x1b8>)
20000cfa:	009b      	lsls	r3, r3, #2
20000cfc:	58d3      	ldr	r3, [r2, r3]
20000cfe:	469f      	mov	pc, r3
20000d00:	4a67      	ldr	r2, [pc, #412]	@ (20000ea0 <dcd_event_handler+0x1bc>)
20000d02:	7813      	ldrb	r3, [r2, #0]
20000d04:	3301      	adds	r3, #1
20000d06:	7013      	strb	r3, [r2, #0]
20000d08:	4b66      	ldr	r3, [pc, #408]	@ (20000ea4 <dcd_event_handler+0x1c0>)
20000d0a:	681c      	ldr	r4, [r3, #0]
20000d0c:	6962      	ldr	r2, [r4, #20]
20000d0e:	f3ef 8110 	mrs	r1, PRIMASK
20000d12:	b672      	cpsid	i
20000d14:	6813      	ldr	r3, [r2, #0]
20000d16:	2b00      	cmp	r3, #0
20000d18:	d0fc      	beq.n	20000d14 <dcd_event_handler+0x30>
20000d1a:	f3bf 8f5f 	dmb	sy
20000d1e:	61a1      	str	r1, [r4, #24]
20000d20:	0020      	movs	r0, r4
20000d22:	0029      	movs	r1, r5
20000d24:	f000 f8f4 	bl	20000f10 <__tu_fifo_write_veneer>
20000d28:	6962      	ldr	r2, [r4, #20]
20000d2a:	69a3      	ldr	r3, [r4, #24]
20000d2c:	f3bf 8f5f 	dmb	sy
20000d30:	2100      	movs	r1, #0
20000d32:	6011      	str	r1, [r2, #0]
20000d34:	f383 8810 	msr	PRIMASK, r3
20000d38:	2800      	cmp	r0, #0
20000d3a:	d104      	bne.n	20000d46 <dcd_event_handler+0x62>
20000d3c:	b005      	add	sp, #20
20000d3e:	bcc0      	pop	{r6, r7}
20000d40:	46b9      	mov	r9, r7
20000d42:	46b0      	mov	r8, r6
20000d44:	bdf0      	pop	{r4, r5, r6, r7, pc}
20000d46:	003a      	movs	r2, r7
20000d48:	7869      	ldrb	r1, [r5, #1]
20000d4a:	7828      	ldrb	r0, [r5, #0]
20000d4c:	f000 f8d8 	bl	20000f00 <__tud_event_hook_cb_veneer>
20000d50:	e7f4      	b.n	20000d3c <dcd_event_handler+0x58>
20000d52:	2101      	movs	r1, #1
20000d54:	4b54      	ldr	r3, [pc, #336]	@ (20000ea8 <dcd_event_handler+0x1c4>)
20000d56:	781a      	ldrb	r2, [r3, #0]
20000d58:	438a      	bics	r2, r1
20000d5a:	701a      	strb	r2, [r3, #0]
20000d5c:	781a      	ldrb	r2, [r3, #0]
20000d5e:	3101      	adds	r1, #1
20000d60:	438a      	bics	r2, r1
20000d62:	701a      	strb	r2, [r3, #0]
20000d64:	2200      	movs	r2, #0
20000d66:	705a      	strb	r2, [r3, #1]
20000d68:	781a      	ldrb	r2, [r3, #0]
20000d6a:	3102      	adds	r1, #2
20000d6c:	438a      	bics	r2, r1
20000d6e:	701a      	strb	r2, [r3, #0]
20000d70:	e7ca      	b.n	20000d08 <dcd_event_handler+0x24>
20000d72:	4b4e      	ldr	r3, [pc, #312]	@ (20000eac <dcd_event_handler+0x1c8>)
20000d74:	2400      	movs	r4, #0
20000d76:	001e      	movs	r6, r3
20000d78:	781a      	ldrb	r2, [r3, #0]
20000d7a:	4b4d      	ldr	r3, [pc, #308]	@ (20000eb0 <dcd_event_handler+0x1cc>)
20000d7c:	4698      	mov	r8, r3
20000d7e:	4b4d      	ldr	r3, [pc, #308]	@ (20000eb4 <dcd_event_handler+0x1d0>)
20000d80:	4699      	mov	r9, r3
20000d82:	e010      	b.n	20000da6 <dcd_event_handler+0xc2>
20000d84:	464b      	mov	r3, r9
20000d86:	681b      	ldr	r3, [r3, #0]
20000d88:	0161      	lsls	r1, r4, #5
20000d8a:	185b      	adds	r3, r3, r1
20000d8c:	2b00      	cmp	r3, #0
20000d8e:	d006      	beq.n	20000d9e <dcd_event_handler+0xba>
20000d90:	69db      	ldr	r3, [r3, #28]
20000d92:	2b00      	cmp	r3, #0
20000d94:	d003      	beq.n	20000d9e <dcd_event_handler+0xba>
20000d96:	6869      	ldr	r1, [r5, #4]
20000d98:	7828      	ldrb	r0, [r5, #0]
20000d9a:	4798      	blx	r3
20000d9c:	7832      	ldrb	r2, [r6, #0]
20000d9e:	3401      	adds	r4, #1
20000da0:	b2e4      	uxtb	r4, r4
20000da2:	4294      	cmp	r4, r2
20000da4:	d817      	bhi.n	20000dd6 <dcd_event_handler+0xf2>
20000da6:	42a2      	cmp	r2, r4
20000da8:	d8ec      	bhi.n	20000d84 <dcd_event_handler+0xa0>
20000daa:	1aa3      	subs	r3, r4, r2
20000dac:	015b      	lsls	r3, r3, #5
20000dae:	4443      	add	r3, r8
20000db0:	e7ee      	b.n	20000d90 <dcd_event_handler+0xac>
20000db2:	4b3d      	ldr	r3, [pc, #244]	@ (20000ea8 <dcd_event_handler+0x1c4>)
20000db4:	781a      	ldrb	r2, [r3, #0]
20000db6:	07d2      	lsls	r2, r2, #31
20000db8:	d5c0      	bpl.n	20000d3c <dcd_event_handler+0x58>
20000dba:	2104      	movs	r1, #4
20000dbc:	781a      	ldrb	r2, [r3, #0]
20000dbe:	430a      	orrs	r2, r1
20000dc0:	701a      	strb	r2, [r3, #0]
20000dc2:	e7a1      	b.n	20000d08 <dcd_event_handler+0x24>
20000dc4:	4b38      	ldr	r3, [pc, #224]	@ (20000ea8 <dcd_event_handler+0x1c4>)
20000dc6:	781a      	ldrb	r2, [r3, #0]
20000dc8:	07d2      	lsls	r2, r2, #31
20000dca:	d5b7      	bpl.n	20000d3c <dcd_event_handler+0x58>
20000dcc:	2104      	movs	r1, #4
20000dce:	781a      	ldrb	r2, [r3, #0]
20000dd0:	438a      	bics	r2, r1
20000dd2:	701a      	strb	r2, [r3, #0]
20000dd4:	e798      	b.n	20000d08 <dcd_event_handler+0x24>
20000dd6:	4a34      	ldr	r2, [pc, #208]	@ (20000ea8 <dcd_event_handler+0x1c4>)
20000dd8:	7813      	ldrb	r3, [r2, #0]
20000dda:	4690      	mov	r8, r2
20000ddc:	0011      	movs	r1, r2
20000dde:	075b      	lsls	r3, r3, #29
20000de0:	d528      	bpl.n	20000e34 <dcd_event_handler+0x150>
20000de2:	7813      	ldrb	r3, [r2, #0]
20000de4:	2204      	movs	r2, #4
20000de6:	ac01      	add	r4, sp, #4
20000de8:	4393      	bics	r3, r2
20000dea:	700b      	strb	r3, [r1, #0]
20000dec:	0020      	movs	r0, r4
20000dee:	2100      	movs	r1, #0
20000df0:	3208      	adds	r2, #8
20000df2:	f000 f89d 	bl	20000f30 <____wrap_memset_veneer>
20000df6:	782b      	ldrb	r3, [r5, #0]
20000df8:	7023      	strb	r3, [r4, #0]
20000dfa:	2305      	movs	r3, #5
20000dfc:	7063      	strb	r3, [r4, #1]
20000dfe:	4b29      	ldr	r3, [pc, #164]	@ (20000ea4 <dcd_event_handler+0x1c0>)
20000e00:	681b      	ldr	r3, [r3, #0]
20000e02:	0018      	movs	r0, r3
20000e04:	695a      	ldr	r2, [r3, #20]
20000e06:	f3ef 8110 	mrs	r1, PRIMASK
20000e0a:	b672      	cpsid	i
20000e0c:	6813      	ldr	r3, [r2, #0]
20000e0e:	2b00      	cmp	r3, #0
20000e10:	d0fc      	beq.n	20000e0c <dcd_event_handler+0x128>
20000e12:	f3bf 8f5f 	dmb	sy
20000e16:	0006      	movs	r6, r0
20000e18:	6181      	str	r1, [r0, #24]
20000e1a:	0021      	movs	r1, r4
20000e1c:	f000 f878 	bl	20000f10 <__tu_fifo_write_veneer>
20000e20:	6972      	ldr	r2, [r6, #20]
20000e22:	69b3      	ldr	r3, [r6, #24]
20000e24:	f3bf 8f5f 	dmb	sy
20000e28:	2100      	movs	r1, #0
20000e2a:	6011      	str	r1, [r2, #0]
20000e2c:	f383 8810 	msr	PRIMASK, r3
20000e30:	2800      	cmp	r0, #0
20000e32:	d12c      	bne.n	20000e8e <dcd_event_handler+0x1aa>
20000e34:	4643      	mov	r3, r8
20000e36:	78db      	ldrb	r3, [r3, #3]
20000e38:	07db      	lsls	r3, r3, #31
20000e3a:	d400      	bmi.n	20000e3e <dcd_event_handler+0x15a>
20000e3c:	e77e      	b.n	20000d3c <dcd_event_handler+0x58>
20000e3e:	782b      	ldrb	r3, [r5, #0]
20000e40:	ac01      	add	r4, sp, #4
20000e42:	7023      	strb	r3, [r4, #0]
20000e44:	2303      	movs	r3, #3
20000e46:	7063      	strb	r3, [r4, #1]
20000e48:	686b      	ldr	r3, [r5, #4]
20000e4a:	6063      	str	r3, [r4, #4]
20000e4c:	4b15      	ldr	r3, [pc, #84]	@ (20000ea4 <dcd_event_handler+0x1c0>)
20000e4e:	681d      	ldr	r5, [r3, #0]
20000e50:	696a      	ldr	r2, [r5, #20]
20000e52:	f3ef 8110 	mrs	r1, PRIMASK
20000e56:	b672      	cpsid	i
20000e58:	6813      	ldr	r3, [r2, #0]
20000e5a:	2b00      	cmp	r3, #0
20000e5c:	d0fc      	beq.n	20000e58 <dcd_event_handler+0x174>
20000e5e:	f3bf 8f5f 	dmb	sy
20000e62:	61a9      	str	r1, [r5, #24]
20000e64:	0028      	movs	r0, r5
20000e66:	0021      	movs	r1, r4
20000e68:	f000 f852 	bl	20000f10 <__tu_fifo_write_veneer>
20000e6c:	696a      	ldr	r2, [r5, #20]
20000e6e:	69ab      	ldr	r3, [r5, #24]
20000e70:	f3bf 8f5f 	dmb	sy
20000e74:	2100      	movs	r1, #0
20000e76:	6011      	str	r1, [r2, #0]
20000e78:	f383 8810 	msr	PRIMASK, r3
20000e7c:	2800      	cmp	r0, #0
20000e7e:	d100      	bne.n	20000e82 <dcd_event_handler+0x19e>
20000e80:	e75c      	b.n	20000d3c <dcd_event_handler+0x58>
20000e82:	003a      	movs	r2, r7
20000e84:	7861      	ldrb	r1, [r4, #1]
20000e86:	7820      	ldrb	r0, [r4, #0]
20000e88:	f000 f83a 	bl	20000f00 <__tud_event_hook_cb_veneer>
20000e8c:	e756      	b.n	20000d3c <dcd_event_handler+0x58>
20000e8e:	003a      	movs	r2, r7
20000e90:	7861      	ldrb	r1, [r4, #1]
20000e92:	7820      	ldrb	r0, [r4, #0]
20000e94:	f000 f834 	bl	20000f00 <__tud_event_hook_cb_veneer>
20000e98:	e7cc      	b.n	20000e34 <dcd_event_handler+0x150>
20000e9a:	46c0      	nop			@ (mov r8, r8)
20000e9c:	10008350 	.word	0x10008350
20000ea0:	20002a48 	.word	0x20002a48
20000ea4:	200015c0 	.word	0x200015c0
20000ea8:	20001568 	.word	0x20001568
20000eac:	20002a46 	.word	0x20002a46
20000eb0:	1000836c 	.word	0x1000836c
20000eb4:	20001480 	.word	0x20001480

20000eb8 <__aeabi_idiv0>:
20000eb8:	4770      	bx	lr
20000eba:	46c0      	nop			@ (mov r8, r8)
20000ebc:	0000      	movs	r0, r0
	...

20000ec0 <__best_effort_wfe_or_timeout_veneer>:
20000ec0:	b401      	push	{r0}
20000ec2:	4802      	ldr	r0, [pc, #8]	@ (20000ecc <__best_effort_wfe_or_timeout_veneer+0xc>)
20000ec4:	4684      	mov	ip, r0
20000ec6:	bc01      	pop	{r0}
20000ec8:	4760      	bx	ip
20000eca:	bf00      	nop
20000ecc:	1000168d 	.word	0x1000168d

20000ed0 <__panic_veneer>:
20000ed0:	b401      	push	{r0}
20000ed2:	4802      	ldr	r0, [pc, #8]	@ (20000edc <__panic_veneer+0xc>)
20000ed4:	4684      	mov	ip, r0
20000ed6:	bc01      	pop	{r0}
20000ed8:	4760      	bx	ip
20000eda:	bf00      	nop
20000edc:	100009a5 	.word	0x100009a5

20000ee0 <__time_us_64_veneer>:
20000ee0:	b401      	push	{r0}
20000ee2:	4802      	ldr	r0, [pc, #8]	@ (20000eec <__time_us_64_veneer+0xc>)
20000ee4:	4684      	mov	ip, r0
20000ee6:	bc01      	pop	{r0}
20000ee8:	4760      	bx	ip
20000eea:	bf00      	nop
20000eec:	100017dd 	.word	0x100017dd

20000ef0 <____wrap___aeabi_lmul_veneer>:
20000ef0:	b401      	push	{r0}
20000ef2:	4802      	ldr	r0, [pc, #8]	@ (20000efc <____wrap___aeabi_lmul_veneer+0xc>)
20000ef4:	4684      	mov	ip, r0
20000ef6:	bc01      	pop	{r0}
20000ef8:	4760      	bx	ip
20000efa:	bf00      	nop
20000efc:	10002b51 	.word	0x10002b51

20000f00 <__tud_event_hook_cb_veneer>:
20000f00:	b401      	push	{r0}
20000f02:	4802      	ldr	r0, [pc, #8]	@ (20000f0c <__tud_event_hook_cb_veneer+0xc>)
20000f04:	4684      	mov	ip, r0
20000f06:	bc01      	pop	{r0}
20000f08:	4760      	bx	ip
20000f0a:	bf00      	nop
20000f0c:	10005319 	.word	0x10005319

20000f10 <__tu_fifo_write_veneer>:
20000f10:	b401      	push	{r0}
20000f12:	4802      	ldr	r0, [pc, #8]	@ (20000f1c <__tu_fifo_write_veneer+0xc>)
20000f14:	4684      	mov	ip, r0
20000f16:	bc01      	pop	{r0}
20000f18:	4760      	bx	ip
20000f1a:	bf00      	nop
20000f1c:	100068c5 	.word	0x100068c5

20000f20 <__rp2040_chip_version_veneer>:
20000f20:	b401      	push	{r0}
20000f22:	4802      	ldr	r0, [pc, #8]	@ (20000f2c <__rp2040_chip_version_veneer+0xc>)
20000f24:	4684      	mov	ip, r0
20000f26:	bc01      	pop	{r0}
20000f28:	4760      	bx	ip
20000f2a:	bf00      	nop
20000f2c:	10000999 	.word	0x10000999

20000f30 <____wrap_memset_veneer>:
20000f30:	b401      	push	{r0}
20000f32:	4802      	ldr	r0, [pc, #8]	@ (20000f3c <____wrap_memset_veneer+0xc>)
20000f34:	4684      	mov	ip, r0
20000f36:	bc01      	pop	{r0}
20000f38:	4760      	bx	ip
20000f3a:	bf00      	nop
20000f3c:	10002c29 	.word	0x10002c29

20000f40 <striped_spin_lock_num>:
20000f40:	00000010                                ....

20000f44 <irq_handler_chain_slots>:
20000f44:	00000000 	.word	0x00000000
20000f48:	00010000 	.word	0x00010000
	...
20000f54:	00020000 	.word	0x00020000
	...
20000f60:	00030000 	.word	0x00030000
	...
20000f6c:	00040000 	.word	0x00040000
	...
20000f78:	00050000 	.word	0x00050000
	...
20000f84:	00ff0000 	.word	0x00ff0000
20000f88:	00000000 	.word	0x00000000

20000f8c <irq_handler_chain_first_slot>:
20000f8c:	b501      	push	{r0, lr}
20000f8e:	6848      	ldr	r0, [r1, #4]
20000f90:	3101      	adds	r1, #1
20000f92:	468e      	mov	lr, r1
20000f94:	4700      	bx	r0

20000f96 <irq_handler_chain_remove_tail>:
20000f96:	4670      	mov	r0, lr
20000f98:	3809      	subs	r0, #9
20000f9a:	4901      	ldr	r1, [pc, #4]	@ (20000fa0 <irq_handler_chain_remove_tail+0xa>)
20000f9c:	4788      	blx	r1
20000f9e:	bd01      	pop	{r0, pc}
20000fa0:	10000ded 	.word	0x10000ded
20000fa4:	00000000 	.word	0x00000000

20000fa8 <last_added.0>:
20000fa8:	ffffffff 7fffffff                       ........

20000fb0 <default_alarm_pool>:
	...
20000fc4:	200010f8 00000000 00000000              ... ........

20000fd0 <aeabi_bits_funcs>:
20000fd0:	00003350 	.word	0x00003350
20000fd4:	0000334c 	.word	0x0000334c
20000fd8:	00003354 	.word	0x00003354
20000fdc:	00003352 	.word	0x00003352

20000fe0 <aeabi_bits_funcs_end>:
20000fe0:	0000534d 	.word	0x0000534d
20000fe4:	0000434d 	.word	0x0000434d
20000fe8:	00003453 	.word	0x00003453
20000fec:	00003443 	.word	0x00003443

20000ff0 <stdio_usb>:
20000ff0:	100049b1 10004965 100048d9 10004851     .I..eI...H..QH..
20001000:	00000000 00000100                       ........

20001008 <_usbd_qdef>:
20001008:	200015c4 000c0010 00000000 00000000     ... ............
	...

20001024 <_usbd_rhport>:
20001024:	000000ff                                ....

20001028 <print_mutex>:
	...
