:020000041000EA
:1000000000B5324B212058609868022188439860DF
:10001000D860186158612E4B002199600221596106
:100020000121F02299502B49196001219960352056
:1000300000F044F80222904214D00621196600F024
:1000400034F8196E01211966002018661A6600F04E
:100050002CF8196E196E196E052000F02FF8012189
:100060000842F9D1002199601B49196000215960AB
:100070001A491B48016001219960EB211966A021F2
:10008000196600F012F800219960164914480160C1
:100090000121996001BC002800D000471248134993
:1000A000086003C880F30888084703B5996A0420EC
:1000B0000142FBD001200142F8D103BD02B5186610
:1000C0001866FFF7F2FF186E186E02BD00000240BE
:1000D000000000180000070000035F00212200005C
:1000E000F4000018222000A00001001008ED00E03C
:1000F00000000000000000000000000074B24E7A12
:1001000000200420F7010010CB010010CD010010E9
:10011000C9010010C9010010C9010010C901001077
:10012000C9010010C9010010C9010010CF01001061
:10013000C9010010C9010010D1010010D301001045
:10014000C1010010C1010010C1010010C101001067
:10015000C1010010C1010010C1010010C101001057
:10016000C1010010C1010010C1010010C101001047
:10017000C1010010C1010010C1010010C101001037
:10018000C1010010C1010010C1010010C101001027
:10019000C1010010C1010010C1010010C101001017
:1001A000C1010010C1010010C1010010C101001007
:1001B000C1010010C1010010C1010010C1010010F7
:1001C000EFF30580103800BE00BE00BE00BE00BECA
:1001D00000BE00BEF2EB88718C830010AC8300106F
:1001E0003802001090A31AE700201E49086006C8D4
:1001F00081F3088810471C480068002801D00020BF
:10020000F3E70DA40ECC002902D000F012F8F9E7B4
:100210001649174A002000E001C19142FCD115495E
:100220008847154988471549884700BEFDE701C939
:1002300001C29A42FBD37047AC830010C00000207B
:10024000301000201C930010000004200000042047
:100250001C93001000100420001004200000000077
:100260007047000008ED00E0000000D030100020D2
:10027000502A0020D143001081020010C943001011
:10028000F0B5DE464E4657464546E0B587B004F029
:10029000C3F900F00FFB00F05DF9404B404D0393B4
:1002A000404B414F9946414B414E0193414B049382
:1002B000414B0593414B0293039800F0B5FA00F0CF
:1002C0002BF93F4BBB469846012300933D4B37002B
:1002D0009A462B004546B0461E004B463C00198806
:1002E000002000F077F833681BBA08C4019B012096
:1002F000198800F06FF833681BBA08C4AC42F5D116
:10030000C5239B00FF18E518009BC5330093534598
:10031000E3D1C523350046461B019A462A4B5F466A
:10032000F418D2239B002E009B462500C2444B4666
:100330000020198800F04EF82C0052463368403CEB
:100340001BBA13600220398800F044F833681BBAE6
:1003500008C4A542F6D144239A44009B4435113386
:1003600000935B45E3D135004646184A1849049886
:1003700004F062FA1649300000F062F900F0B0FAB9
:1003800000F0BAFA00F0B2FA059804F0D3F9104878
:1003900000F086F9029804F0CDF98DE7001C0020EA
:1003A000002A0020402A0020442A0020422A00205F
:1003B000E41C0020506F0010746F0010886F001054
:1003C000F81F002015030000940C00001C0D000015
:1003D0004703000070B50C0000280DD18B009BB2C4
:1003E000454A192B1CD91070507000239370434B51
:1003F0000134D0701C8070BD012824D18B009AB2CA
:10040000C42315001B019A423DD3002300213A4A20
:100410001370537093703A4B0134D1701C80EAE72B
:1004200038498C466546C95C1170591C89B2695CB3
:100430005170991C89B21A29D7D0695C03339BB2D9
:10044000E85C9170D3E70228D5D10F230A090B404D
:100450001F2946D9022294465B0080332A49264848
:10046000CA5C120102705A1C92B28A5C120142707C
:100470006246022A28D10021023002F0D5FB234B2C
:1004800001341C80B7E7C421200001F03DFD204B62
:1004900089B25B5C0F211F481940435D164A1B015E
:1004A0000B4313706B1C9BB2C35C1B010B4353705B
:1004B000AB1C9BB2C35C1B010B439370EB1C9BB248
:1004C000C35C1B011943A6E79A1C92B2A02A0FD065
:1004D00003339BB28A5CCB5C12011B018270C37038
:1004E000CDE792019B00D31804229BB29446B5E756
:1004F00000238370C370C2E7002A0020402A002036
:10050000422A0020DC710010F8710010442A0020FB
:10051000001C0020987200100023034A1380034A35
:100520001380034A13807047402A0020422A00208B
:10053000442A00200122054B196B0A4204D01A6399
:10054000034A1368013313607047C046000020500F
:10055000A0170020F0B5314987B0314806F028FBDC
:10056000304B0700186001212D4806F005FB0224DE
:1005700006002D4B186020000621013400F0C4F95C
:100580000A2CF8D1264D06210A2000F0BDF9093CBD
:1005900006210B2000F0B8F9310000940823022254
:1005A000280006F079FB3100009401230A2228007C
:1005B00006F072FB3100009401230B22280006F0A4
:1005C0006BFB3B000A33FA011B031343174AB44089
:1005D00013400393164B3A0005938023DB020493E8
:1005E00080235B0231000293280002AB06F0ACFBD3
:1005F0002B6807201C430F492C6000F0F1FA802281
:100600000D4B52001A600121072000F0B3FA0120BF
:1006100006F0A2FA094B186007B0F0BDD87E0010B2
:1006200000002050DC1C0020E01C0020FFFFFF9F8A
:1006300002A88640350500102C212050D81C00202F
:10064000114B124A1B6830B58446114C1068DA020F
:100650002240C40322431924C646002522430D4CE0
:1006600000B525600C4C01352563A024E4059B01F1
:100670001B1964461C60094C800000195860996081
:10068000DA6020BCA84630BDD81C0020E01C002049
:10069000FF7F00FFA0170020000020501000205016
:1006A000F0B5DE46454657464E468046E0B58FB02B
:1006B00001F094F8514C2368984500D89BE000273E
:1006C0004F4E36184F41002F00DA90E03225A946F0
:1006D00025004C4B9A464C4B0B934C4B0C934C4B7C
:1006E0000D932C684C451BD201F078F832003B008A
:1006F000121A8B41002B21DD2B684345F1D3534661
:1007000080211A68434B9201D218490413680B42A6
:10071000FCD10FB0F0BCBB46B246A946A046F0BD26
:1007200049460B9804F088F83223994401F056F8B2
:1007300032003B00121A8B41002BDDDC002B01D173
:10074000002AD9D15346A0221B68D2059B019A18D2
:100750009268314E94462F4A9B180C9A1B68116878
:100760002E4ADB015068DB0F0A9050684A0052188D
:10077000D200921912680992D02212065668576860
:1007800052683F055205D20FB6040692FF0F244A65
:10079000F60F059704961268099E0392FF223240D5
:1007A000029201220E0017001036B7403840461E54
:1007B000B04118318A4001900A980240511E8A4186
:1007C0000D9821000092624604F036F801F006F818
:1007D0002B68434500D392E70027094E36184F4156
:1007E000002F00DB7DE701260E4F764279E70126D8
:1007F0000C4F76426AE7034B9A4680E7A017002029
:1008000080841E00D81C0020946F0010E01C002083
:10081000A46F001010000050D400205000002050A1
:10082000DC1C0020FFFFFF7F70B5040002E00A20FF
:1008300000F0AEFE04F00CFA0028F8D000261A48AA
:1008400003F078FF194D03F0EBFEAB5DC0B28342BD
:1008500017D0493843425841C6B203F0E1FEAB5DC0
:10086000C0B28342F5D103F0DBFE731CEB5CC0B277
:100870008342EED103F0D4FE0236AB5DC0B28342B8
:10088000E7D10136B6B2042EDDD126000F25C436DD
:1008900003F0C6FE284020700134B442F8D1044869
:1008A00003F048FF70BDC04614700010F87E0010C1
:1008B0001C70001010B50C2000F050F8D0248023DC
:1008C00024065B0163620D20A36100F047F88023DA
:1008D0009B01012200210D20A36200F02DF810BD24
:1008E000D02380221B0652015A617047D0238022F8
:1008F0001B0652019A617047D0218022090692019D
:100900004B681342FCD0704710B54024074A83005F
:100910009A181268C0005440C0222240044C1B198F
:100920001A60044BC018416010BDC04604C00140AD
:1009300004D0014000400140064B8000C3181B68F2
:10094000C90092000A435A400C231340024A8018FF
:100950000360704704C0014004D001400123D0224D
:100960008340120693629361084A83009A181168C3
:100970004022514080320A400549C0005B181A608D
:10098000044BC018052343607047C04604C00140B3
:1009900004D00140004001408023DB051868000FAF
:1009A0007047C0460FB400B5084883B003F0C2FEDC
:1009B000049B002B07D005A91800019103F0E8FC67
:1009C000034803F0B7FE012003F0FAFC2870001082
:1009D00010700010EFF3108072B6034A1368002BFA
:1009E000FCD0BFF35F8F70472C0100D0BFF35F8F47
:1009F0000022024B1A6080F3108870472C0100D04F
:100A000070B58C461600EFF3108472B60F490B6870
:100A1000002BFCD0BFF35F8F6346DB08C5180722AD
:100A2000C05C63461A40012393401A00024003420F
:100A300007D118432870BFF35F8F0A6084F31088D2
:100A400070BD61463000FFF7ADFFC0462C0100D0FD
:100A5000F8B5CE4647468C4680B51C00EFF31088AB
:100A600072B61C490B68002BFCD0BFF35F8FA2420B
:100A700021D80723994602E00132944218D349460F
:100A8000012611408E40D308C718C35C1E42F3D123
:100A9000100033433B70BFF35F8F00220D4B1A6091
:100AA00088F3108800280EDBC0BCB946B046F8BDFC
:100AB00001204042EFE7BFF35F8F00230B6088F314
:100AC0001088012040426346002BEDD00898FFF7C4
:100AD00069FFC0462C0100D0044A1078431CDBB2E9
:100AE000172B00D9102313707047C046400F002009
:100AF00000B5054B83B00100009318221F23034863
:100B0000FFF7A6FF03B000BD387000109417002057
:100B10000021044B044ABFF35F8F02C39342FAD112
:100B20007047C046000100D0800100D0084B094A40
:100B30001360094A1360094A1360094A1360094A9D
:100B40001360094A1360094A1360094A1360704729
:100B50008080808000E400E004E400E008E400E03D
:100B60000CE400E010E400E014E400E018E400E02D
:100B70001CE400E01F2318401E3B8340002905D0E1
:100B8000C021044A49005350136070478022014934
:100B90008B50FAE700E100E001228240034B1B6822
:100BA00013405A1E9341D8B27047C04600E100E09E
:100BB00001238340014A13607047C04600E200E011
:100BC000054B10309B688000C358044A00209B1AD4
:100BD00047229A424041704700ED00E0440F002058
:100BE00010B5EFF3108C72B60F4A1368002BFCD0CF
:100BF000BFF35F8F0D4B10309B6880001B580C4A71
:100C0000934201D099420CD1084B9B681950BFF315
:100C10005F8FBFF35F8F0022034B1A608CF3108845
:100C200010BD01F01FF8C046240100D000ED00E027
:100C3000C1010010F0B5DE4657464E464546E0B5C8
:100C40008B4685B0EFF3108872B616005B4A1368C6
:100C5000002BFCD0B246BFF35F8F002558494D579B
:100C6000002D00DAA8E06B00564A01935B199B0047
:100C7000D418A77910300F705349800089688446D2
:100C80000F58B91A472933D8012039008143CE794A
:100C9000564500D86AE0A1465646039307E058003F
:100CA000C01880001018C479B4424DD90100062341
:100CB000CB56002BF3DA081D4C46B2468146029310
:100CC000424B4E46043CA41B2405414E640D344364
:100CD0008C808D7101994919890052189380029B6B
:100CE0003C4993715346D3715B461160936017E0A2
:100CF00039498F4260D139490127D15238490233ED
:100D0000D3180439CB1A324A1B055B0D1343638099
:100D1000344BE671A380FF23A3715B462743A36096
:100D20006246294B9B689F50BFF35F8FBFF35F8F75
:100D30000022224B1A6088F3108805B0F0BCBB4635
:100D4000B246A946A046F0BDB2460E1D4C46B1467D
:100D500088880293039B4005001504334844D31848
:100D6000C31A1B051A485B0D0343AAE79E1CB14634
:100D700091444E460F001C4DBF1A7F417D432D0DFF
:100D8000164FA571D752164F0433043FD318BF1B1B
:100D9000CB1A3F05043B7E0D1B050D4F5B0D3E43FB
:100DA0001F435346E3715B46A3600A4BA7806680EE
:100DB000044327000B60B3E700F054FF240100D088
:100DC0004A2A0020440F002000ED00E001BD000091
:100DD00000E0FFFF01488047C101001000A1FFFFB4
:100DE0008C0F002001BDFFFFAAAA000001230343CE
:100DF00070B59C46EFF30581EFF3108572B6274A74
:100E00001368002BFCD0BFF35F8F254A0400254BED
:100E1000A41A644163431B0D234C8900A6685BB28E
:100E20007658664524D006215156994224D0122185
:100E3000515699422AD01E215156994228D02A2132
:100E40005156994226D036215156994224D04221FA
:100E500051560524994210D0144A117813708171AB
:100E6000BFF35F8F00220D4B1A6085F3108870BDB1
:100E7000A2680F4C5450EFE7002461000919890063
:100E80005218FF2191710B499180E5E70124F4E7A5
:100E90000224F2E70324F0E70424EEE7240100D063
:100EA000440F0020AAAA000000ED00E04A2A00201A
:100EB000C101001001BDFFFF00B5074B83B0010069
:100EC0000093002205230548FFF7C2FD002801DB3F
:100ED0001F23181A03B000BD547000104E2A0020C2
:100EE000024BC918890001607047C04640000034B9
:100EF00070B5114C114DAC420FD2FF262368002B68
:100F00000CD0FFF7E9FD01002000FFF7E9FFA68004
:100F1000BFF35F8F0834AC42F0D370BDFFF7DCFD48
:100F200001002000FFF7DCFF2671BFF35F8F08345C
:100F3000AC42E3D3F1E7C046281000203010002077
:100F400010B50400FFF7C8FD01002000FFF7C8FF3F
:100F5000FF232371BFF35F8F10BDC04610B504009F
:100F60000120FFF7C5FD034BC01880002060BFF3D0
:100F70005F8F10BD40000034034BC9188900016029
:100F8000BFF35F8F7047C046400000340A4B1968BA
:100F9000EFF3108072B60A68002AFCD0BFF35F8FAF
:100FA0001B68BFF35F8F00221A6080F3108840BF78
:100FB000002000217047C046202A0020F0B5DE4600
:100FC00057464E464546E0B585B0EFF3058303220C
:100FD0001A40B34B91005F58012393409B46029205
:100FE0005A468846AF4B1A60AF4B03935B46AF48F7
:100FF00043630823FE5E002E37DABB881BB2002B4A
:1010000000DBA4E0BB79002B00D0E5E00823F95E0B
:10101000002920DB4B007A695B18DB00D3189D6840
:10102000DC686B1C00D104E1A04801004144826AE5
:101030000B69AE1A9B1A9E4215D30123026A0298CD
:1010400083401A420FD0994800F0C0FB8C4202DC6A
:10105000CCD18542CAD940BF05B0F0BCBB46B24630
:10106000A946A046F0BD0D61EDE77A69730091468F
:101070009B19DB0099444B469C68DD6800F0A6FB99
:101080008D42BADC00D1F6E0002D00DADBE04A4602
:101090004B4652691B699246039A934200D1CCE0B9
:1010A0004A460821785E528800045146104398470A
:1010B000009001910099019A0B00134300D1C2E006
:1010C00013000A00002B00DBD9E020002900801A61
:1010D00099414B469860D96000229B5E002B00DA54
:1010E0008BE75D007C69EA18D200A218009494682E
:1010F000D268A2468A4200DD7FE702D1844200D94D
:101100007BE70824A4463B81BC44009C00972F0049
:101110006546B4463E0006E05E00F218D200A21812
:101120009768D268BA468A4207DC00D1B4E0F31867
:10113000DB00E518E35E002BEEDA66464A46009FC8
:1011400013802E80BB881BB2002B00DA5AE73A6965
:10115000EFF3108172B61368002BFCD0BFF35F8FE2
:101160000123BE885B42BB8036B23B69BFF35F8F11
:1011700000221A6081F31088002E00DA42E73B005B
:1011800008333A0099467D6973009B190824115F62
:10119000DB004846EB18002913DB9C680093A4464B
:1011A000DC6806E0A34240D00023F95E3800002945
:1011B00006DB4F007F18FF00EF19FB68A342F1DD4B
:1011C000009B068000201E5E1980002EDCDA1700CE
:1011D000BB79002B00D119E70023BB710823F95E0E
:1011E0004B1C00D137E73D000835AC467C6903E075
:1011F00084464B1C00D109E74B005B18DB00E0186C
:101200000A00E15E43881BB2002BF1DA01256D4232
:10121000EE178560C66008257B5F9342E9D0634680
:1012200019803B8903803A81E3E7BB686345BBD9FA
:10123000C6E7631C00D0F7E605E7534650461B6936
:101240009847002823D14B461B883A693B81EFF32E
:10125000108372B611680029FCD0BFF35F8F494636
:101260007A880A803A697E80BFF35F8F002111601F
:1012700083F31088C1E6844200D805E7BDE60B4839
:1012800000F0A4FA009B019CC018614121E753467D
:101290000CCB009201930DE7824500D847E74CE75D
:1012A000042A00203C700540BD0F0010004005409E
:1012B00070B52D4C2569002D04D00A212B48FFF76D
:1012C0000FFE70BD2A4E0321294800F075FAE66032
:1012D000FFF702FC274B0322C018D02322701B0605
:1012E0001B6801216370244B8000A3600F232061E1
:1012F0000220638063694942A18019800231198606
:1013000047311D83585218315A5275325C399952FF
:101310001832013199521832013199521832013183
:101320009952083518329D520231183299521832AA
:1013300001319952183201319952183201319952C2
:101340001832013199521832013199520B4B0C4924
:10135000DC6001303562FFF743FC01210320FFF719
:1013600009FC084B1D60A8E7B00F0020202A0020D0
:101370000040054040000034FFFF1000042A002018
:10138000BD0F00103860054000487047B00F0020C6
:10139000F8B51F0008AB1B7804001600002B07D11E
:1013A00000F01CFA32003B00121A8B41002B51DB7B
:1013B0002269EFF3108C72B61368002BFCD0BFF3D8
:1013C0005F8F0223E15E256900293ADB4B006069EB
:1013D0005B18DB00C218C35A6380BFF35F8F002322
:1013E0002B608CF31088069B9660D7601361079B77
:1013F0005361538801335B045B0C181C002B1ED017
:1014000083B25080080418432569EFF3108672B642
:101410002B68002BFCD0BFF35F8FA3881380A180C3
:101420002369BFF35F8F00221A6086F31088237848
:1014300001329A400849E3685B181A60F8BD012040
:10144000DEE7BFF35F8F00232B608CF31088012051
:101450004042F3E70020F1E73C20000070B582B085
:101460000092019301000269EFF3108472B61368D1
:10147000002BFCD0BFF35F8F0223C85E0D690028EC
:101480003FDB4A69430016001B18DB00D218F35AF1
:101490004B80BFF35F8F00232B6084F31088069B83
:1014A0001361079B5361009B019C9360D460538838
:1014B00001335B045B0C1D1C002B20D0ACB2030479
:1014C000558023430D69EFF3108C72B62C68002C05
:1014D000FCD0BFF35F8F8C88148088800A69BFF3CB
:1014E0005F8F002010608CF310880A7801309040E4
:1014F000CA68084952181060180002B070BD012572
:10150000DCE7BFF35F8F00232B6084F31088013B7F
:10151000F2E7C0463C20000010B543890A1493420C
:101520001ADD53009B184269DB00D3180469EFF3FE
:10153000108C72B62268002AFCD0BFF35F8F5A88E5
:10154000090494B2090C8A4208D00369BFF35F8F83
:1015500000221A608CF31088002010BD094A224333
:101560005A80012302698371BFF35F8F00211160EC
:101570008CF31088027804499340C2680120521805
:101580001360EAE70080FFFF3C20000040787047CE
:10159000F0B5C64600B582B0040000F01FF9FA228B
:1015A00006000F00200000230021920001F0D0FA75
:1015B0008019794104000D1E02DA01242E4D644287
:1015C00006267642F71736196F41AF4214D811D06C
:1015D00000F004F932003B00121A8B41002B15DC9D
:1015E000002B46D02000290000F038F902B080BC62
:1015F000B846F0BDA642EBD90026002700F0EEF871
:1016000032003B00121A8B41002BE9DD00F0E6F8B6
:1016100032003B00121A8B41002B0ADB002301939E
:10162000164B3200009316483B00FFF717FF0130BE
:10163000D8D000233900B0469C46124A1248536A5B
:10164000994204D8966A4645CCD29942CAD10668D6
:10165000EFF3108772B63368002BFCD0BFF35F8FB7
:101660000368BFF35F8F66461E6087F3108820BF54
:10167000E5E7002AB6D0C9E7FFFFFF7F8D0F001016
:10168000B00F002000400540202A0020F0B5CE46D3
:10169000474680B504000D0085B0EFF30583894609
:1016A000002B32D1404E336883422AD03F4FFB6833
:1016B0003A7898461800039200F088F8039A131DB0
:1016C00042469B009B5822001B1A9C462B00121A74
:1016D0008B411900002310008B4225DC22D020BF53
:1016E000334B586A48452BD3401B9A6A431E984196
:1016F0000023A2425B41184305B0C0BCB946B046C6
:10170000F0BD73688B42D1D1E9E7294900204B6ACB
:10171000AB42F1D38A6A5B1B591E8B41A242404106
:101720001843E9E78445DAD900F058F822002B0085
:10173000121A8B41002B05DA1D4A536A4B4529D2F8
:101740000020D9E7002301931A4B220000933800B0
:101750002B00FFF783FE0028EEDD154B30C65A6ADA
:101760004A4515D39B6AA34210D301003800FFF706
:10177000D3FE0F4A0020536A4B45BDD3926A5B1BD0
:10178000591E8B41A24240411843B5E74A45ECD16E
:1017900020BFEAE70020926A5B1BA24240415A1E2A
:1017A00093411843A8E7C046A80F0020B00F0020BF
:1017B000004005408D0F001010B5024A0248FFF7A7
:1017C0001FF910BD70700010981700200300416AC7
:1017D0000A00986A596A8A42FAD17047034B596ADB
:1017E0000A00986A596A9142FAD170470040054050
:1017F00070B505000E00184A536A1900946A536ABE
:101800008B42FAD1200019002C00350024184D41DC
:10181000AB4216D813D0104B2A005B6A9D4203D905
:101820000D494B6A9342FCD3934207D10A4A02E026
:10183000516A994202D1916AA142F9D370BDA04286
:10184000E9D9054B5B6A1C005A1CEFD00122012428
:101850006442E5175242E3E700400540064A536AF6
:101860009942FCD807D1044B02E05A6A914202D156
:101870009A6A9042F9D8704700400540F8B5DE46B4
:101880004E4645465746E0B505008B4618000A9976
:10189000914600F039FB0A9B6C001E026419304B24
:1018A000A400E418636880469E4200D966602F1F3A
:1018B000FBB29A46012B2FD9C0238022294FAD00BD
:1018C0009B0179591201E3181A6000291BD14B467C
:1018D00022685B015340E022134080225201A2188B
:1018E00013605346012B2FD9802380229B01E318DC
:1018F00012011A60434666607B51F0BCBB46B2469B
:10190000A946A046F8BD786900F0FEFA0130430010
:101910001B18033BFDD2DAE75B46012BCCD1C02379
:1019200003229B01E3181A60023AA3681A42FCD012
:101930004A46236852015A40E02313408022520154
:10194000A218084F1360AD00584603232168414098
:101950000B40136001228240A3681A42FCD0C3E707
:1019600000800040A4170020F0B5D6464F464646FA
:10197000440098462418324BA400E41863688A4651
:101980009146C0B5FF2B02D880235B006360061F21
:10199000F6B2012E2FD9C02380222A4F85009B0149
:1019A00079591201E3181A6000291BD14B462268AD
:1019B0005B015340E022134080225201A2181360C1
:1019C000012E30D9802380229B01E31812011A6076
:1019D00080235B00636043467B51E0BCBA46B1465E
:1019E000A846F0BD786900F08FFA013043001B185B
:1019F000033BFDD2DAE75346012BCCD1C0230322AF
:101A00009B01E3181A60023AA3681A42FCD04A46C6
:101A1000236852015A40E023134080225201A21849
:101A2000084F1360850050460323216841400B4056
:101A3000136001228240A3681A42FCD0C2E7C0466C
:101A400000800040A4170020014B8000C058704760
:101A5000A4170020F0B5C646040000B523481600C0
:101A600098460D0000F050FA0100300000F04CFAEA
:101A70004346069A1B04120313439C462368060040
:101A8000002B22DB1A4B1B48E218531E9A4180237D
:101A90005242120B9B011203D218174B1A60174BBC
:101AA0001A60130001688B43FBD12122144B25607F
:101AB000E318A6601A602268002AFCDA6246E26037
:101AC00008221A6080BCB846F0BD3F23226813404C
:101AD000AB42D7D1A3681B051B0D8342D2D1EE22A6
:101AE000E368D20213406345CCD1EBE7001BB7009B
:101AF0000040FDBF08C0004000E0004000F0004092
:101B00000430000010B580241C4BE4051C60002844
:101B10001AD001231A4C18431A4BDC611A4C44406A
:101B20001C62596298628021144BC90519601748DC
:101B300017490860E021C9041960002A07D18022F2
:101B4000144B12061A6010BD0E4BD861EBE753011F
:101B50009B1A9B009A18802312015B049A4209D2B7
:101B600013000D490B60074B5A608022094BD205C8
:101B70001A60E8E7094B1A00F3E7C04600B00540D9
:101B8000D3C007B0008005402D3FF84FFCFF010097
:101B90000820014000A00540C81C0020FFFFFF00F6
:101BA0008023024A9B000B43D362704700800540AC
:101BB000002310B50100988A1B8B984710BDC046C2
:101BC000162310B5010018885B88984710BDC046E1
:101BD000F8B54746CE4680B50F1E18D01423994657
:101BE000043304000025012698464B4618884346D6
:101BF00021681B88984701C4431E9841013506405F
:101C0000AF42F2D13000C0BCB946B046F8BD0126A3
:101C1000F8E7C046002370B504000D00988A054916
:101C20001B8B984703000020002C01DB0130A040F3
:101C30002900984755420000AA23064A1B01136059
:101C40008D235B00D3600449044B19605368002B5B
:101C5000FCDA70470040024000B0FA000060024029
:101C60007047C04610B50148FEF79CFE9470001006
:101C700070B5074D074EB54209D20024013E761BD0
:101C8000B608013608CD01349847B442FAD170BD88
:101C9000106F00104C6F0010054B064A06491A6081
:101CA000064A074B1A6010000B689843FBD1704737
:101CB00000E00040BFCDFBFE08C00040FE7F3C00BE
:101CC00000F00040044BDB6C002B03D18022034B5F
:101CD000D2021A607047C046000011504C201150CB
:101CE000044A054B1A60054A1368DB018033FBD1B7
:101CF0007047C046FFFFFF0100F0004008C00040F1
:101D00004022034B9A675A671A67DA667047C046E3
:101D100000F0014010B5FEF7FBFE10BD70B527497D
:101D2000274E284D761AB4082200302C00D93022D4
:101D30002800920000F07EFF2F2C3BD823002A3B86
:101D4000214A052B1BD93020AE197107001B260034
:101D5000CB0F002902DAA1006A50661CC01AE318F2
:101D60009B004108EB18C900C9181A605A60083373
:101D70008B42FAD1012303421CD098438419A3005B
:101D8000EA50631C2F2C15D09B00EA50A31C2E2C6C
:101D900010D09B00EA50E31C2D2C0BD09B00EA5086
:101DA000231D2C2C06D09B00EA50631D2B2C01D048
:101DB0009B00EA50054B9D6070BDC04600010010BD
:101DC000C001001000000020C101001000ED00E083
:101DD000002310B5294C82B0A367FFF72DFF012225
:101DE000274B1A60636C012BFCD10322254B1A6030
:101DF000224A936B012BFCD1013300930121224A2B
:101E000022480433FFF726FE052301210093204AD0
:101E10002048FFF71FFE0022022104201E4BFFF77F
:101E2000A3FD0022012105201C4BFFF79DFD002290
:101E3000002107201A4BFFF797FD00220021082000
:101E4000174BFFF791FD8023DB0000930022002158
:101E50000920134BFFF712FD0022104B0021062032
:101E6000FFF782FD0420FFF7EFFD0E4900F04CF86C
:101E700001000020FFF794FE02B010BD008000407A
:101E80003CB0004030B00040002F68590080024054
:101E9000008C864700C00240001BB7004059730702
:101EA000006CDC0240420F0001480421014B18473E
:101EB000D00F0020D11B0010124A936F9B0815D23F
:101EC0009066D166002905D0FFE7FFE7FFE7516F75
:101ED000106F704704B580210906C21751400028D1
:101EE00000D0C84304F0CCFF002104BDF0B5146E4F
:101EF000556E576F166FFFF7E3FF14665566576709
:101F00001667F0BD000000D0114A936F9B0813D2F2
:101F100010665166002905D0FFE7FFE7FFE7516F24
:101F2000106F704704B5002801D00020C04304F0B2
:101F3000A7FF002104BDC046F0B5146E556E576F63
:101F4000166FFFF7E5FF1466556657671667F0BD15
:101F5000000000D094464A4A926F9208624601D22D
:101F600028E0C046F0B5464E346E756E776F366F1A
:101F700000F020F89446424A146655665767166783
:101F80006246F0BD94463E4A926F9208624601D284
:101F900054E0C046F0B53A4E346E756E776F366FCA
:101FA00000F04CF89446364A146655665767166733
:101FB0006246F0BD002B24DB11D000293EDA00B5CB
:101FC000C943404200D1013100F038F8C9434042D2
:101FD00000D10131DB43524200D1013300BD002A60
:101FE000EBD1002801D1002905D00020C90FC90775
:101FF00001D1C043410800B504F02AFF00220023AC
:1020000000BD00B500290ADBDB43524200D1013399
:1020100000F014F8C943404200D1013100BDC9436A
:10202000404200D10131DB43524200D1013300F084
:1020300005F8DB43524200D1013300BD002923D112
:10204000002B18D1002A0CD0BC460D4F38667A669A
:1020500000210023FFE7FFE7FFE77A6F386F67464D
:102060007047002801D00748010000B504F0F0FED9
:102070000022002300BD02000B0000200021704759
:10208000000000D0FFFFFFFF002B00D0BFE0130CCB
:1020900028D1002AE7D080B4114F39667A66FFE76D
:1020A000FFE730B4040C7B6F396F1B0423433B669E
:1020B0007A66FFE7FFE7FFE7C04684B27B6F3D6FBC
:1020C0001B0423433B667A66FFE7FFE7C046002315
:1020D0002C042D0C7A6F386F00196941B0BC704721
:1020E000000000D0F0B594460025140E01D1120274
:1020F0000835140F01D112010435940F01D192005B
:102100000235D40F01D152000135D40B0134254FD3
:102110007C66254C3C660E0C93B2FFE7FFE7FFE7B9
:102120003C6F6643360C7703BE467343DF0B5B049C
:10213000C01AB941130C7343DB18C91ACE086643A1
:10214000360CB64493B273431F0F1B01C01AB9413A
:10215000130C73431F0B1B05C01AB941860D8F0268
:102160003E436643360C092D24DB520A7243801A23
:102170007703460A6643360C16235B1BDE40DF40BE
:10218000BF1964466643821B70460435063301005E
:10219000D940A840C01900D30131A24206D2002381
:1021A000F0BD0000000000D0FFFFFFFF121B013058
:1021B000F3D3F1E709277F1BFE406446A2B27243C6
:1021C000801A00D20139220C7243130C1204821AB5
:1021D00099410B007046043513370100F940A840BF
:1021E000801900D30131002B02D1A2420AD2F0BDE6
:1021F000013000D30131121BFAD2013BF8D1A242C7
:1022000000D2F0BD013000D30131121BF7E7F0B569
:102210001C0C00D080E00CB400251C0A04D11B0269
:10222000160E3343120208351C0B04D11B01160F86
:102230003343120104359C0B04D19B00960F3343AA
:1022400092000235DC0B02D192185B4101351C0073
:10225000971864410134464F7C66464C3C660E0C30
:10226000FFE7FFE7FFE7C0463C6F6643360C7703A6
:10227000BE4697B27743C01B00D20139C01B00D2C3
:1022800001399FB27743C91BC91B170C77437E04E2
:10229000FF0B801BB941CE086643360C0C2D33DB97
:1022A000B644120B1F053A431B0B97B27743C01B72
:1022B00000D201399FB27743C91B170C77433E0404
:1022C0003F0C801BB941860D8F023E436643292790
:1022D0007F1BFE400C3D7746AF40BF1930BCA2B219
:1022E000ABB272437343801A9941220C7243130CB0
:1022F0001204801A994102000B000137001BA9410A
:10230000F9D2781E0021F0BD0C277F1BFE407746D6
:102310007F0BAF40FF19E0E700245D1C07D0144F8E
:102320007D663966FFE7FFE7FFE7FFE73C6F95B2A1
:102330009EB265436643401BB141150C1E0C6543BC
:10234000664336042F0C3E432D04401BB141994295
:1023500004D202000B0020000021F0BD01D1904208
:10236000F7D3801A994101349942F2D3F6E700007D
:10237000000000D0FFFFFFFF48404140484018B434
:102380001B4B5B68FC46019308BD04DF232600104D
:1023900018B4174B1B68FC46019308BD00DF2D26BF
:1023A00000109446134A926F920809D2624618B4FC
:1023B0000F4BDB68FC46019308BD0CDFE5280010DD
:1023C0000C4AF0B5146E556E576F166F6246FFF7E4
:1023D000EEFF084A1466556657671667F0BD18B4D5
:1023E000034B9B68FC46019308BD08DF892700105A
:1023F00080120020000000D0FFB550404240504005
:1024000059404B40594000E0FFB5154F4C00640D5A
:1024100003D0BC4204D10C0314D80020090D0905D7
:102420005C00640D03D0BC4204D11C030AD8002216
:102430001B0D1B0501264B4009D44B4003D58B4295
:1024400000D18242FFBD9942FCD19042FFBD0B43B7
:10245000DB1803431343F5D0C9434918FFBD0000FF
:10246000FF07000000B5FFF7CFFF804100BDC04669
:1024700000B5FFF7C9FF01D9002000BD012000BD54
:1024800000B5FFF7B9FF01D9002000BD012000BD54
:1024900000B5FFF7B1FF804100BD012040054A00B3
:1024A000121804D85A00121801D8002070470120D1
:1024B000704700000021002805D17047C11748402F
:1024C000401AFAD0C90713B5064B1B6898470CBCD5
:1024D000441CA2401005120B0349091B09051943AE
:1024E000114310BD1C2A00201F04000010B54C0031
:1024F000620D8023D218DB00D21A5B057E2A10DD24
:102500009E3A13DACC170903490819435242D140C5
:10251000640001341532202A05DAD04008436043B4
:1025200010BD002010BD0846604310BDC80FC01884
:10253000013810BD18B4044B5B6AFC46019308BD1A
:1025400024DF952A0010000080120020132370B5AC
:102550001D78012D19D014DD1F48FFF731FB06004F
:102560001E48FFF72DFB1E4C80223100200000F09A
:1025700061FB022D2DD01B48FFF71AFB1A4B186088
:1025800070BD1A4B164CA364F5E7184B144C23602E
:102590006360A360E36023616361A361E36123621D
:1025A0006362A362E36223636363A363E3632364FD
:1025B0006364A364E36423656365A365E3652366DD
:1025C0006366A366E36623676367A367E367A36441
:1025D000D1E7064BA364CEE7534400005346000006
:1025E000801200204C3300001C2A0020F12500102E
:1025F00007B5604601880A0A0230DF2AFAD1C9B25B
:10260000820804D3028840880004104300E0006878
:10261000014A5050039007BD801200200FB403BC44
:102620000CBCF0B50124E407634000E0F0B50C0DEC
:10263000CF0F661E3605891B640503D3C94340428C
:1026400000D30131640D03D0661CF60A07D0E41BE9
:1026500000207F00791C89078912803C24031D0D0E
:10266000DF0F6E1E36059B1B6D0503D3DB43524205
:1026700000D301336D0D03D06E1CF60A07D0ED1B9D
:1026800000227F007B1C9B079B12803D2D032F1B8C
:10269000661B58D4A446202E46DA20371400BC40CE
:1026A0001D00BD40F24033412A4380185941CB0FF1
:1026B00005D0C943C04300226442504151416246A3
:1026C0004D0D28D10D0D07D100281FD024194041F0
:1026D0004941013A0D0DF9D0640006D3013000D311
:1026E0000131002C01D140084000013A0BD4941C68
:1026F000E40A04D112051144DB071944F0BDD907DF
:10270000204B194300E0D9070020F0BD0029DDD19E
:10271000002CDBD1F0BD0132C6074008CD072843AD
:102720004908002EE1D0D9E73C2E29DA203E403777
:102730001400BC4000D00124F24014431A00BB40F6
:102740001C43D317ACE7AC46202F08DA2036040030
:10275000B4400D00B540F84039412843A5E73C2F6F
:102760000CDA203F40360400B44000D00124F84089
:1027700004430800B1400C43C117EAE710001900F8
:10278000002494E70000F07FF0B50C0D661E3605BE
:10279000891BE60A6405640D02D0651CED0A04D0AD
:1027A000002001210905803C2403A4461C0D671E5E
:1027B0003F05DB1BE70A6405640D02D0651CED0ACA
:1027C00004D0002201231B05803C2403774064448D
:1027D00097B484B296B27443070C7E43150C6F43D2
:1027E00080B26843361802D3012000043F18300439
:1027F000350C00197D41844688B29AB250430C0CC6
:1028000062431F0C7C438EB27E43921902D3012691
:102810003604A4191604170C3618674101BC81B29E
:102820009AB25143040C62431B0C5C4380B2584380
:10283000121802D30120000424181004130C4018AD
:1028400063412D185E410020474106BC88B293B217
:1028500058430C0C6343120C544389B251435B1828
:1028600002D301210904641819041A0C09186241E1
:102870006D1856410020474118BCF902720D1143F2
:10288000F0026A0D1043ED020A0D03D16D194041AB
:102890004941013B124E9B1B7600B3420ED26D00A4
:1028A00007D30130002671416646354301D1400807
:1028B00040001B05C918E4072144F0BD0BDA0133C1
:1028C00006D1013004D101314F0D01D04908F2E7A2
:1028D000E1070020F0BD013631050020EBE70000E4
:1028E000FF030000F0B51C0D671E3F05DB1BE70A68
:1028F0006405640D02D0661CF60A04D00022012390
:102900001B05803C2403D0252D060026F6432E66A9
:102910001E096E66CE0FF619B44649004F0D02D05F
:102920007E1CF60A03D000200021403F3F033E1BDF
:10293000B600B444013F7F05C91B49082E6F01361C
:1029400076089C02950D25437543ED137543AD1331
:1029500001356D10F603761B0CB4CC02450D2C43EB
:10296000A2B2B3B25A43270C7B43350C6F43A4B2D7
:102970006C431B1902D3012424043F191C041D0CB1
:10298000A4187D4124196D41009A91B2ACB2614303
:10299000170C7C432B0C5F4392B25A43A41802D30A
:1029A00001221204BF182204230C52187B41019CFF
:1029B0006C431B19520ED9010A434401A01A81B27B
:1029C000B2B2514303145A43360C734387B2774370
:1029D000D617D21900277E4136049B191704160C0E
:1029E0007F185E417316ED18F301002680337541A0
:1029F000A90F06D16400690AE8055B0A184309D2E9
:102A00002FE00422944480337541A90AA8059B0A4B
:102A1000184326D3404149412404009A019B0D00EC
:102A20005543641B4343E41A95B286B27543170CB1
:102A30007E43030C5F4392B25A43B61802D301227D
:102A40001204BF183204330C52197B4152429C418C
:102A5000002C02D40022013051414008CA07104323
:102A6000490802B06246D7079210084BD218084BAB
:102A70009A4203D212058918C919F0BD0020002A14
:102A800001DC3900F0BD01331905F5E7FD03000055
:102A9000FE070000002200B5203200F004F8080014
:102AA00000BD000000220B150AD410B5944600F0BA
:102AB00031F81414013400DA0021CB17144C2047EC
:102AC0000020002170476244343A0CD40C2A07DA03
:102AD00004009140904052422032D440214310BD26
:102AE000D843D94310BD203207D40C4694405242FB
:102AF00020321141D040204310BD0800C9172032B8
:102B000003D452422032104110BD1800190010BDEC
:102B1000C72A00100A0DCC0F531E1B05C91A5205F7
:102B200003D3C943404200D30131520D03D0531C9B
:102B3000DB0A07D0121B00206400611C8907891280
:102B4000803A1203014BD21A70470000FF030000C5
:102B500051434343C9188C46110C83B24B4310B404
:102B6000040C614392B280B2504362431C041B0CBC
:102B7000001910BC59411304120CC0185141614492
:102B800070470000132310B51C781348FFF718F89E
:102B9000012C0BD004DD01008022104800F04AF81F
:102BA0000F48FFF705F80F4B186010BD0B4C0100E4
:102BB0005422200000F03EF80B4B6365A365E365EB
:102BC00023666366A366E36623676367A367E367B9
:102BD0002362E361E4E7C04653460000801300200F
:102BE0004C3300001C2A0020ED2B001007B5604676
:102BF00001880A0A0230DF2AFAD1C9B2820804D356
:102C0000028840880004104300E00068014A5050E8
:102C1000039007BD8013002001480421014B184791
:102C2000E00F0020D11B0010014B1B68184700006B
:102C3000E00F0020014B5B6818470000E00F002008
:102C40007047C046F8B5DE4657464E464546E0B5A5
:102C500099460D9B0700884693469B0728D00B9BFF
:102C6000002B3CD016000B9C0A9D3619321B013CF0
:102C70004B464146285DB847002CF7D135000D9BE7
:102C80009B070ED55B46EC1A0C9BA34209D91E008C
:102C90002A004B46414620200134B8470135B44252
:102CA000F6D32800F0BCBB46B246A946A046F8BD04
:102CB0000B9B0C9A934214D213005D460C000B9AA6
:102CC0009E1A76192A004B46013521002020B8476C
:102CD000B542F7D10B9BA046002BC4D1E1E715000C
:102CE000CDE75E46002BBED15D46DAE7F0B54F4634
:102CF000D6464646C0B584B09C460EAB1F78129BA4
:102D00009146BA460D9C109E119D9B074CD4002DF8
:102D100041D1B44248D20123129F1F40B8460C9BB8
:102D20005F1E302303E001343B55A64201D9202C1D
:102D3000F9D14346002B00D187E00C9B5F1E302366
:102D4000A54204D830E001343B55AC422CD0202CB5
:102D5000F9D1129BDB060DD5129B5B0557D4A64219
:102D600067D0A54265D00F9B102B53D0022B5BD0B0
:102D7000202C36D12023129C01930C9B4A460093B1
:102D8000039463460295FFF75DFF04B0E0BCBA46CA
:102D9000B146A846F0BD0123129A1340984601237C
:102DA00013422DD1B442BAD3129BDB061ED5129B1F
:102DB0005B05D8D4002CD2D10F9B102B60D00F9B79
:102DC000022B71D0302301240C9A13705346002B30
:102DD00011D1129B5B0740D52B260C9A631C16550C
:102DE000C9E72300013430260C9AD654202CC1D0D8
:102DF0005346002BEDD02D260C9A631C1655BAE7CE
:102E0000002F34D0013DB44200D288E795E70F9BF4
:102E1000102BAFD1129B9B063CD5202CAAD0582357
:102E20000C9A13550134A3E7202CA3D023000134BE
:102E300007E0631E012CBFD00F9A102A36D0022A59
:102E4000D1D162260C9AD65492E7129BDB06CDD5DF
:102E5000129B5B0500D482E785E7129A23001607D0
:102E600000D488E720260C9A0133165583E70C23FB
:102E700013405F1EBB41ED1AB44200D24FE75CE73E
:102E8000129B9B060ED478230C9A022413703023D5
:102E900053709BE7202C00D16CE778230C9A1355D4
:102EA000013465E75823EFE76033EDE70C9AA61E7F
:102EB000B618129A920602D55822327093E77822F9
:102EC000327090E710B5002800D110BD01F0E8FB8A
:102ED000FBE7C04610B5002803D04A680B68110014
:102EE000984710BDF0B54E46DE4657464546E0B51C
:102EF00095B083468946924698461E9A1F9B1000BD
:102F00001900209EFFF7C9FA002800D0D2E11E98D0
:102F10001F990122C44B5242FFF7A4FA002800D0A7
:102F200001E11E981F990122C04B5242FFF7B0FAEF
:102F3000002800D0D6E01E981F990022BC4BFFF756
:102F4000A7FA002800D0B5E01E981F990022B94BBF
:102F5000FFF788FA002800D0ACE01E981F990022E5
:102F60000023FFF77FFA002800D0D1E000230B9365
:102F7000229B5B0500D406260024302306E006AA27
:102F8000013417321355013E202C01D0092EF6D8FA
:102F90001E981F99FFF7AAFAA74BF2009B180CCBBB
:102FA000050008920993FFF789FA02000B001E98AA
:102FB0001F99FFF7E4F9089A099BFFF710FA0690AA
:102FC0000791FFF7B7FA0700FFF774FA02000B004A
:102FD00006980799FFF7D3F90022984B06900791BE
:102FE000FFF756FA002800D1E9E001373800FFF773
:102FF00061FA02000B0008980999FFF739FA0028D6
:1030000001D000270135002E00D1B7E0069513E06E
:10301000172306AA9B180A21380001341D19FEF750
:1030200073FF3031297038000A21013EFEF76CFF32
:10303000092F00D8E1E00700202CE9D1069D2024CB
:103040000CAB0693172706ABFF180DE028000A21EA
:10305000FEF732FF01343031280039550A21FEF7DE
:103060002BFF051E00D1B7E0202CEFD10323229ABD
:103070001340012B17D1219B002B14D00B9B002B4D
:1030800000D1E3E0219B013B2193202B0BD930237E
:10309000219A06E006A9013417310B55944200D35A
:1030A000A0E0202CF6D1229B01940393219B029354
:1030B000069B21E0229B52460493219B49460393A1
:1030C00058461E9B1F9C029600930194434600F0B5
:1030D00043F90400200015B0F0BCBB46B246A94637
:1030E000A046F0BD229B5B070FD40322544B2299CC
:1030F0000192039121990291009352464346494619
:103100005846FFF79FFD0400E4E704224D4BEEE72D
:103110001E9A1F9B00200021FFF731F901231E900A
:103120001F910B9324E70223229A54461A40229BB4
:1031300006929B0700D1ACE02600434D08942F1F58
:103140003200E87843464946013DD8470136BD4242
:10315000F6D1089C069B0434002BBBD05746219A1D
:10316000E31B9A42B6D91500220043464946202067
:103170000134D847E31BAB42F6D3ABE72800FFF797
:103180009DF902000B001E981F99FFF7F8F82B4BD2
:10319000002206000F00FFF765F90CAB069300282C
:1031A00000D04FE7002230003900244BFFF770F9C0
:1031B000002800D046E7012301359D4342E7002265
:1031C000069807991D4BFFF74DF9002800D01AE724
:1031D000002F59D1013716E70323229A1340012B00
:1031E00000D1A6E0202C00D15DE70B9B002B3AD04C
:1031F0002D23069A1355013455E7069D202C00D146
:103200001DE73023361906E006AA0134173213559C
:10321000202C00D113E7A642F6D12E230CAA0134AC
:10322000069293550EE7C046FFFFEFFFFFFFEF7FCB
:1032300065CDCD4165CDCDC1F88000100000E03FE7
:10324000EC700010E4700010F47000100C23229A4F
:10325000134257D0219B013B2193A34200D916E78B
:10326000202C00D11FE7229B5B0704D52B23069A55
:103270001355013417E7229B1B0700D413E72023C3
:10328000069A135501340EE7FB0700D4BBE601375D
:10329000B9E6219B042B00D84EE755464F46043C27
:1032A000E4182A004346013539002020D847AC42B3
:1032B000F7D141E70227229B55461F409B0726D0A6
:1032C00006975F46234EEC1C2A00B07843464946D9
:1032D0000135B847013EAC42F6D1069F002F00D120
:1032E000F8E65746219AE31B9A4200D8F2E6150009
:1032F00022004346494620200134D847E31BAB4215
:10330000F6D3E7E6219BA34200D9C0E6CBE6219B9A
:10331000032BD5D9069754464F46033DED1822009E
:103320004346013439002020D847A542F7D1069FF3
:10333000C6E7219B002B00D154E70B9B002B85D0C7
:10334000219B013B21939C4200D2A0E6202C00D07F
:103350004EE7A8E6F0700010F0B54546DE46574649
:103360004E46E0B59BB0249C259D824688469346F8
:10337000994622002B0020002900FFF78EF8002834
:1033800000D0C1E00122200029007C4B5242FFF70F
:103390007FF8002800D0B7E0012220002900784BF8
:1033A0005242FFF75FF8002800D0ADE00022002372
:1033B00020002900FFF756F8002800D0BBE1089450
:1033C0000995089809998023289ADB001A400F92E2
:1033D0008022289E1201164032000E96289E0F0071
:1033E0000A901E4200D0A4E00B00034300D0CBE0C3
:1033F000002A00D012E23200063326930223134043
:103400000C930223134200D00AE2279B042B00D224
:1034100015E200270426043B0E930022002320001F
:103420002900FFF71FF8002800D0C8E1554B289A63
:10343000134004930E9B0393269B0293089B099CC5
:103440000093019441464B465A465046FFF74AFDC9
:1034500002002020289B0025034059424B415B423B
:103460001840531C089341464B464530D047FB1744
:10347000FC185C40FB0F1F270A93731E0E930AABC8
:10348000FF1806E020000A21FEF73EFD0400202D73
:1034900008D00A212000FEF737FD0135303179557B
:1034A000092CEFD8052306930E9B5646059300235F
:1034B00004930A3303930A9B4146029312AB009391
:1034C00030004B46089A0195FFF710FC0C9B002B2F
:1034D00028D05F46279BC41BA34223D982461D00E8
:1034E0003A194B46414620200134B047A542F7D84F
:1034F00050465946279C421A01320023944200D379
:1035000095E1013018180DE0289B00940195049373
:10351000279B0393269B02934B465A4641465046AF
:10352000FFF7E0FC1BB0F0BCBB46B246A946A04684
:10353000F0BD01432AD10E9B3200002B00D15DE784
:103540000027269B0026BB4200DD82E100220023EB
:1035500020002900FEF786FF002800D04BE1289BC1
:10356000084A02961A408023DB0013430493279BEA
:103570000393089B099C00930194CDE7FFFFEF7F25
:10358000FFFFEFFFFFF7FFFF06232693B24B780004
:10359000400DC018FEF792FFB04AB14BFEF71FFF77
:1035A000B04AB14BFEF7F4FE3F03B04B3F0B3B4339
:1035B0000C900D9100220A981900AD4BFEF7DFFE2A
:1035C000AC4AAD4BFEF70BFF02000B000C980D99B7
:1035D000FEF7DEFEFEF78AFF0700FEF76FFFA74A41
:1035E000A74B0A900B91FEF7FAFE0022A54BFEF7BF
:1035F000CFFEFEF77BFFA44A06000A980B99A34B67
:10360000FEF7EDFE0A900B913000FEF757FFA04A3F
:10361000A04BFEF7E4FE02000B000A980B99FEF7A0
:10362000AEFE02000B000A900B91FEF7D8FE0C9044
:103630000D910A980B9902000B00FEF7A9FE0022DB
:10364000109011910C980D99934BFEF7AAFE002251
:10365000924BFEF79DFE02000B000C980D99FEF7B1
:10366000A0FE00228E4BFEF793FE02000B000C988A
:103670000D99FEF796FE0A9A0B9B0C900D918021F6
:103680000020C905FEF77BFE02000B000C980D9987
:10369000FEF77EFE02000B0010981199FEF781FEE6
:1036A0000022724BFEF774FE7E4B0022F6183305A3
:1036B000FEF795FE02000B000A900B9108980999FD
:1036C000FEF7D0FE002808D00A980B990022734B11
:1036D000FEF767FE0A900B91013F0A990B9A0B00C7
:1036E00011003A006332C62A12D802222898042612
:1036F00010400E9A0C90002A26D1279B042B05D946
:10370000002800D0A1E0279B043B0E93042642E052
:103710000222289810400E9A0C90002A13D1279B61
:10372000052B00D889E0002800D084E0279B0526DF
:10373000053B0E9332E080231B069C46AC44634657
:10374000089409933DE605260B4300D1F9E6089855
:103750000999554A554BFEF793FE002808D0089862
:1037600009990022524BFEF77DFE002800D0E8E6C2
:10377000269B002B34D00F9B002B31D0269B013B86
:103780002693279BB34204D90C9B002B59D00223CC
:103790000C9300230E93002F00D13EE60A9A0B9B58
:1037A00008980999FEF7FDFD002208900991002371
:1037B00020002900FEF756FE002800D136E6089CBE
:1037C000099D289A80203B4B000613402200049359
:1037D0000E9B0393269B02932B180092019331E6D4
:1037E000279BB342D5D90C9B002B2AD000230E93E4
:1037F00002330C93CFE7289B2E4A8020089C099D1A
:103800001A408023DB00134322000493279B000609
:1038100003932B180092019302967DE6052695E608
:1038200000230E930233002704260C93F5E54B1E6C
:103830001B191B1A65E602230C930526AEE7042329
:10384000E7E5279B9B1B0E93A5E7022304260C9319
:10385000A1E7DB1B5E1E79E601FCFFFFFB799F50B1
:103860001344D33FB3C8608B288AC63F0000F03FA3
:103870000000F83F61436F63A787D23F71A37909C6
:103880004F930A400000E03F1655B5BBB16B0240B4
:10389000EF39FAFE422EE63F00002C4000002440A3
:1038A00000001840FF0300002D431CEBE2361A3FD6
:1038B00080842E41FFF7FFFFF0B55746DE464E46A7
:1038C0004546E0B5A3B01F002C9B92460C93C94A15
:1038D000C94B8B460B901A60002900D1BFE1002331
:1038E00038789946002800D1C1E1C44B4C46099371
:1038F000C34B0E935B460A9308E0220053460A9995
:103900000B9DA84701343878002876D00137252848
:10391000F3D110239B46083B9946043B9846033B52
:10392000002602259C463878791C0300203BDBB238
:10393000102B03D8099A9B00D3589F460300303BB5
:10394000092B36D900252A2800D1A7E000230D93A2
:103950002E283FD00300683BDBB2122B1BD80E9AF7
:103960009B00D3589F4663460F001E43DBE70F00C2
:103970002E43D8E743460F001E43D4E75B460F00B3
:103980001E43D0E74B460F001E43CCE780237878D8
:103990005B001E4301310F00672845D82428ACD9AD
:1039A0000300253BDBB2422BA7D896499B00CB589E
:1039B0009F460025AB005D196D002D1808780F009B
:1039C0000300303B303D0131092BF3D900230D9327
:1039D0002E28BFD13022802052429046C00006439C
:1039E00078780B0080444246092A00D851E12A2801
:1039F00000D15EE10F000131ACE70A9BA1469B4676
:103A0000CA4503D801235B425344994653464A466C
:103A1000594600200B9DA847200023B0F0BCBB46B0
:103A2000B246A946A046F0BD0300693BDBB20F2BAE
:103A300000D962E7012199408846734A11408B46BC
:103A4000110042460A4200D013E10A2B2FD0072B67
:103A500000D052E70C9D01CD002800D134E1212394
:103A60001E43B0461F260D9A12ABF618A146944687
:103A70005946340002E0000920290AD00F260640EA
:103A800032003732092E00D8073A013162540F282C
:103A9000F1D863464C468B460D9322E10C9B20CB1C
:103AA000002D52DB78780C930F0001314EE70C9B10
:103AB0000D9904CB90469B46002900D128E143464E
:103AC00018784144002801D100F029FC0D9A944651
:103AD0000A0004E059780133002900D195E19A42A7
:103AE000F8D163460D934346D31A0F93730500D460
:103AF0006CE10F9B0D9A934200D90F9202231A009A
:103B000032400C92334200D191E20C930D9BB946A6
:103B10001E1943461B1BA84622001F000B9D08E0F0
:103B2000541C53460A99A847385D002800D163E128
:103B300022009642F4D145464F4634000C9B002BA0
:103B400000D097E15B460C93DDE6022278781643BD
:103B50000F006D420C930131F8E678786C2800D1A3
:103B600059E180235B001E43013114E780239B0051
:103B700078781E4301310EE77878682800D150E14B
:103B8000802301311E4306E7672800D1C2E04728A1
:103B900000D134E1452800D134E107210C9B0D9A76
:103BA00007338B4319000496039502920CC90B98B6
:103BB000009201930C91220053460A99FFF7CCFB27
:103BC0000400A0E6462800D1A8E007210C9B0D9A2E
:103BD00007338B4319000496039502920CC90B9886
:103BE000009201930C91220053460A99FFF77AF94B
:103BF000040088E6B9380010C41C00205C7F001067
:103C0000A07F0010EC7F001041900000220053467E
:103C100025200A990B9DA847013474E60C9B0433B8
:103C20009B46631C9846B60700D4FFE00C9B22001D
:103C300018780A9953460B9EB0476419012D00D895
:103C400049E245460B9EB8460A9F2A005346013575
:103C500039002020B047A542F7D1474672E7DB4B39
:103C600038780B9300239946002800D03DE60024C5
:103C7000C6E66F2855D000D8BCE21023782800D1C2
:103C80009EE09E430A239C4600230F930A339B46E3
:103C90004DE000218A0052185200013311181878A3
:103CA00030390200303A092AF4D90D911F00591C0D
:103CB00050E60C9BB87804CB0237D143C9170A40B1
:103CC0000D920C93791C45E6102330009843113374
:103CD0001843802380463000DB0018401E4200D18C
:103CE000C0E643460693082305930D9B22000493E8
:103CF00010230393002302935B4601931AAB0093B6
:103D00000A9953460B98FEF7F1FF0C950400FAE56B
:103D10000139D4E680231B011E433EE720231E43C6
:103D200053E708239C4600230F9308339B468023C8
:103D30003000DB0018401E4200D11AE10D23310093
:103D4000994380230A009B001A409146194200D0F3
:103D5000C3E180230A005B001A4090460C9A0432AB
:103D60000F92194200D08FE24B0600D597E10B0667
:103D700000D4E5E20C9B1B8899464B46002B00D0F3
:103D800005E210339943002800D100E20023984651
:103D90000D9B069104935B460393002305950293C4
:103DA0004346D9E0582808D0622878D102239C469F
:103DB00000230F9302339B46B9E720231E43103B99
:103DC0009C4600230F9310339B46B0E702231A0052
:103DD00032400C92334200D105E20C934346B9467F
:103DE0000B9E0A9FA8461D1B220053463900013432
:103DF000B047285D0028F7D145464F469EE6802310
:103E00001B011E4320231E43C7E662460D92424615
:103E10009B1A0F936AE6C0239B00B8781E43F91CD7
:103E2000B9E5C023B8781E43F91CB4E5012D00D8CC
:103E30004AE1631E9946A9444B4652462600A146D4
:103E4000BA461C001700A8460B9D32003B00013605
:103E500020200A99A847A642F7D13B0057469A4628
:103E60004C460C9B320018780A9953460B9D4444EB
:103E7000A84767E6A0460F9B9D4200D862E62C1932
:103E80000B9E4546B8460A9FE41A2A005346013560
:103E900039002020B047A542F7D1474652E680239B
:103EA0003200DB001A4090461E4200D1F3E011219F
:103EB0008E43B4469846802362469B001A40934640
:103EC00062461A4259D180235B001A4091460C9AEF
:103ED00004320F9262461A4200D0A0E163465B06AC
:103EE00000D5D4E063461B0600D412E20C9B0022EE
:103EF0009B5ED8171918414089B2DA0F0C92002B3B
:103F000000D187E188461F2612ABBB461495F718EF
:103F100045464E46E046A14606E028000A21FDF748
:103F2000F3FF0500202E08D00A212800FDF7ECFF42
:103F300001363031B955092DEFD84C46C446B1464B
:103F40005F46149D634606930D9B059504930A23D3
:103F500003930C9B02934B4601931AAB22000093F0
:103F60000A9953460B98FEF7C1FE0F9B04000C9371
:103F7000C9E40C2331009943E3E608220721914666
:103F80000C9B07338B4399444A460ACB08000C929A
:103F9000DA0F9346184300D085E000239946434644
:103FA000002B2FD1002200231092119300231F26F3
:103FB000994612ABF6185B461495BB46E0463700AF
:103FC0000F934E46A146109C119D05E0412C001018
:103FD00004000D00202E0CD00A220023200029000E
:103FE000FDF7D0FF01363032BA55002DF0D1092C43
:103FF000EED80F9B109411955F464C46C446B146CF
:104000009B46149D634606930D9B059504930A23D6
:1040100003935B4602934B4601931AAB2200009335
:104020000A9953460B98FEF761FE04006BE40F9B60
:104030009D4200D896E18023DB000C930F9B2E1944
:10404000F61A43460F930D9BA84699465346BA4627
:104050001F000B9D22003B00013420200A99A84735
:10406000B442F7D10F9B454698464B460D933B0013
:1040700057469A4643461878002800D162E56B1CE3
:104080000F930C9B002B00D1A8E600233DE50C9B71
:104090001B78190031E710239E43B4460BE70C9BB5
:1040A0001B78994669E6DA17129213924A401092E9
:1040B000129813990A005A401192109A119B121AE1
:1040C0008B411092119371E70C9B220018780A998A
:1040D00053460B9CA047444634E5082207269046E9
:1040E0000C9B0733B343984442460C921A685B68B2
:1040F000149208931300089A134305D1103399437F
:1041000000239846002838D161208B0600D5412035
:1041100000231F2698465A4612ABF6180300189241
:104120000F9A0A3BB146169517941997444666466E
:1041300090469B46149F089D159103E007000D00D3
:10414000202C13D03200002338002900FDF71AFF7D
:104150005B46D2B2D318092A01D8130030334A463D
:1041600001341355A845E9D1BE42E7D9189BA046B2
:104170009B461599169D179C199F0D9B06910493BC
:104180005B460393002305950293434644E7612071
:104190008B0600D541201F2612ABF21803000A3B04
:1041A0000C934B464646A146A8461C005D4614911A
:1041B000BB46170002E00400202E0DD0290020008D
:1041C000FDF7A2FE0C9BCB18092901D80B00303358
:1041D0000136BB55AC42EED25F464C46AB46149915
:1041E0004546B046D4E50F9B9D4200D926E70133F2
:1041F0000F93F3E5102332009A439446692800D0C8
:10420000A2E080233200DB001A4090461E4200D11B
:1042100051E64CE64346002B00D093E673E60C9B38
:104220001B68DA0F002B70D0D9175B184B409846EB
:104230001F2612ABF618A14614955C464546BB46B0
:10424000E04637000C9206E028000A21FDF75CFEEC
:104250000500202C08D00A212800FDF755FE013466
:1042600030313955092DEFD85F46C446A3464C4638
:10427000149D0C9A634606930D9B059504930A239F
:10428000029203935B4667E60C9B1B689846002BE3
:1042900003D11033994300282DD161208B0600D51E
:1042A00041201F2612ABF61803000A3B4A460C9326
:1042B000149143463100A846A1465E461400BB4611
:1042C0001D000F0002E00500202C0DD03100280059
:1042D000FDF71AFE0C9BCB18092901D80B003033CF
:1042E00001343B55B542EED223005F464C4645466D
:1042F000B346994614990D9B069104935B4603932C
:104300000023059502934B4626E64346002BB1D188
:104310008EE70C9B1B68D81719184140EDE58023E8
:104320003200DB001A400F921E420FD00230020012
:1043300032400F92304219D00023A0460F939AE5E5
:104340000C9B1B68994618E516009BE402231A0093
:1043500032400C92334200D08CE5002D00D06DE647
:10436000FFF7F0FB01330F93FFF7D0FB0C93F4E75B
:1043700000B585B00391012102900093034813001A
:104380004A4202A9FFF798FA05B000BDD52E0010E9
:1043900010B5094A0300146884B0002C08D001222B
:1043A00000910648524203A9A047012004B010BD65
:1043B00000F0C0F90020F9E7C41C0020C52E001051
:1043C00000BEFDE77047C04610B5FFF7F9FFC046D5
:1043D00070B5FDF74DFC074D074EB54209D20024DC
:1043E000013E761BB608013608CD01349847B44229
:1043F000FAD170BD4C6F0010506F0010030010B563
:10440000080011001B68984710BDC046F8B5437DF1
:1044100007000D001600002B38D0002A1ADD0B789B
:104420000A2B18D00020012E09D0012421006B5C3A
:1044300001340A2B1AD0B442F8D1864203DD311A76
:104440003B6828189847AD19013D2B780D3B5A421F
:1044500053413B75F8BD037D002BE3D102210E488B
:104460003B689847012EEED00120DEE76B1E5B5CB7
:104470000D2BE0D0884203DA091A3B6828189847C8
:10448000054802213B6898472000D4E703681100E3
:1044900028009847DEE7C04648810010F8B50B6851
:1044A0000D005A1CCB180A601871802A00D0F8BD84
:1044B0000E4B1C68002C15D00D4E0F1D02E0246918
:1044C000002C0FD02368002BF9D03368002B01D0CB
:1044D000A342F4D1200039002A68FFF797FF24692E
:1044E000002CEFD100232B60E1E7C046F417002039
:1044F000FC170020F0B54646D6464F46C0B582B000
:1045000090461C0006000D00FDF768F900232F4AB5
:1045100012184B41002B02DA01222D4B52422D4939
:1045200008008A4602F0B4FC81466B1C03D13000BF
:1045300002F05EFC0500002C27D0274F274B1C689B
:10454000002C18D04346002B21D1254B984602E081
:104550002469002C0FD02368002BF9D043461B6838
:10456000002B01D09C42F3D120002A003100B84733
:104570002469002CEFD14B46002B23D1280002B038
:10458000E0BCBA46B146A846F0BD164FD6E7144B7C
:10459000984602E02469002CEDD02368002BF9D066
:1045A00043461B68002B01D0A342F3D12A003100FF
:1045B0002000B8476B460A222000DA71D91D093A5B
:1045C000B847E7E7504602F07BFCD7E740420F00D0
:1045D000FFFFFF7F281000200D440010F41700207B
:1045E000FC170020FD4300100A4A1368002B05D178
:1045F0000CE01A001B691032002B07D08342F8D15F
:10460000002902D118691060196170470029FCD097
:104610001060FAE7F417002010B500F0A7FA10BDFB
:10462000F0B54746CE461A4B80B51A685B6891468E
:10463000984683B0174F184D01AE3C68002C03D14B
:1046400015E02469002C12D02B68002B01D09C426D
:10465000F7D1A368002BF4D001213000984700283F
:10466000EFDD307803B0C0BCB946B046F0BD0B4BAF
:104670005A6A904507D89B6A4B4502D302204042B4
:10468000F0E79045FAD101200021FDF7B1F8D4E719
:10469000007F0010F4170020FC17002000400540A8
:1046A000F0B5CE46474680B583B06B460600DD1DAB
:1046B0002870FDF793F80023194A12184B41002B7C
:1046C00002DA0122174B524217490800894602F0CC
:1046D000DFFB164B80461C68002C14D0144F02E000
:1046E0002469002C0FD02368002BF9D03B68002BE5
:1046F00001D09C42F4D1200001222900FFF786FE60
:104700002469002CEFD14346002B05D1300003B0C3
:10471000C0BCB946B046F0BD484602F0D1FBF5E753
:1047200040420F00FFFFFF7F28100020F4170020F9
:10473000FC17002070B5040002F05AFB01230100B1
:10474000050001222000FFF7D5FE084B1C68002C55
:1047500006D06368002B05D098472469002CF8D157
:10476000280070BD2469002CF3D1F9E7F41700206C
:10477000F0B5CE46474680B5A3B004000E00FDF765
:104780002DF80023264A12184B41002B02DA012291
:10479000244B5242244802F07BFB00232200019369
:1047A00080463300214801A9FFF7E2FD204F019B1D
:1047B00081463C68002B19D0002C2FD01D4E02E002
:1047C0002469002C0FD02368002BF9D03368002B0C
:1047D00001D0A342F4D12000019A02A9FFF716FEEE
:1047E0002469002CEFD100233C680193002C06D0F3
:1047F0006368002B0CD098472469002CF8D14346FD
:10480000002B07D1484623B0C0BCB946B046F0BD26
:104810002469EBE7044802F053FBF3E70194EEE769
:1048200040420F00FFFFFF7F281000209D44001032
:10483000F4170020FC1700200FB400B583B004A9C2
:1048400001C90191FFF794FF03B008BC04B01847F9
:10485000024B1860024B19607047C0468C1700204D
:104860009017002010B5024B1878FCF7A1F910BD85
:104870004C2A0020154B70B51A68002A22D0EFF39D
:10488000108172B610680028FCD0BFF35F8F002043
:104890000F4A596010701B68BFF35F8F186081F377
:1048A0001088002400250B4E3078FCF775F900289D
:1048B00004D1002400252900200070BD3078FCF7C9
:1048C00077F9F8E7FA240025A400ECE7D01C0020D3
:1048D0004D2A00204C2A002070B5050000200E0053
:1048E00001F07EFB002834D0002001F08FFB00286F
:1048F0002FD0FCF773FF0023174A12184B41002BEF
:1049000016DB164C200002F0C3FA002821D000204C
:1049100001F066FB00280FD101200021404200F089
:104920008FFD03256D42200002F0CAFA280070BDF9
:1049300001220B4B5242E4E7002001F067FB002804
:10494000EAD029003200002001F06AFB051EEAD1FE
:10495000E7E703256D42E9E740420F00242A0020E3
:10496000FFFFFF7F10B5FCF739FF00230D4A121837
:104970004B41002B02DA01220B4B52420B4802F052
:1049800087FA00280CD001200021404200F058FD99
:10499000002001F089FB0028F5D1044802F090FACC
:1049A00010BDC04640420F00FFFFFF7F242A0020B9
:1049B000F8B5CE46474680B505000C00FCF70EFF63
:1049C0000023344A12184B41002B02DA0122324BE9
:1049D000524232490800884602F05AFA002803D1B0
:1049E000C0BCB946B046F8BD002001F0F9FA002875
:1049F00048D00026002C41DD294B994613E0A91927
:104A0000002001F08DFB070001200021404200F052
:104A100017FD002001F048FBFCF7E0FE204BF619E3
:104A200003C3B4422ADD002001F09AFBA71B020059
:104A3000B84200DD3A00002AE1D1012000214042C5
:104A400000F0FEFC002001F02FFB002001F0C8FA6E
:104A5000002813D0002001F083FB0028E1D1FCF7EF
:104A6000BDFE4B460F000CCB002184460D481218AA
:104A70004B419F4202D8D4D19445D2D9404602F04E
:104A80001FFAADE700200021054B03C3404602F0AA
:104A900017FAA5E740420F00FFFFFF7F242A0020FE
:104AA0007812002020A1070030B5002185B02848E9
:104AB00002F0FEF900281CD1264B1A68002A16D0F5
:104AC000EFF3108172B610680028FCD0BFF35F8F3F
:104AD00001242148596002781B68D2B20470BFF3E8
:104AE0005F8F0020186081F31088002A17D005B06E
:104AF00030BD01200021404200F0A2FC002001F066
:104B000085FA0500124802F0DBF9002DEFD0134BB7
:104B10001B68002BEBD0124A10689847E7E7FCF7B8
:104B200033FC0400FCF75AFEFA220023920012180C
:104B30004B41002B02DA01220A4B52420121029121
:104B400000210191084920000091FCF721FCCEE7EB
:104B5000242A0020D01C00204D2A00208C17002081
:104B600090170020FFFFFF7F75480010D02310B57D
:104B70001B0684B01C68FCF707FCFCF707FDA0428D
:104B800002D0002004B010BD284B002100201B786B
:104B900001F0ACFC26480368002B44D00120FCF750
:104BA0008BF9FF23234C244920701840FCF718F898
:104BB00020780121FBF7DEFF0520FCF701F8002833
:104BC00024D1082200211D48FEF72EF8FCF7DCFB5B
:104BD0000400FCF703FEFA220023920012184B4156
:104BE000002B02DA0122164B5242012102910021D0
:104BF0000191144920000091FCF7CAFB0028C0DB9A
:104C000011480121FFF7F0FC0120BBE70120FBF771
:104C10006FFF01000948FCF7AFF9002205200B499E
:104C2000FCF708F8ECE7FCF78BF9B7E7A88300106E
:104C3000242A00204C2A0020A94A0010D01C002061
:104C4000FFFFFF7F75480010F00F0020654800103F
:104C500010B5002001F0C4F910BDC04600487047EF
:104C6000C4810010004870477081001010B5040026
:104C700016480378002B20D0002C06D1144B154881
:104C80004380063BFF3B038010BD052C1CD8124B14
:104C9000A400E4580F480123811C013C04E00133C7
:104CA0000A800231142B0CD0E25C002AF7D1C0221A
:104CB000DBB25B0092001343E5E7112100F016F828
:104CC000DAE7CA239B00DEE70020DDE72C2A00207C
:104CD00009040000CC1700205881001010B50248CC
:104CE00000F0F4F810BDC046142A002030B50129A8
:104CF00000D1BBE0744B01391A7812111400303422
:104D0000092A00DDB5E00470012900D1DAE00F22A4
:104D10001C78224014003034092A00D9ACE04470D9
:104D2000022900D1CEE05A78944612111400303492
:104D3000092A00DDA3E08470032900D1C2E06446A3
:104D40000F22224014003034092A00D99AE0C4709E
:104D5000042900D1B6E09A78944612111400303438
:104D6000092A00DD91E00471052900D1AAE064461A
:104D70000F22224014003034092A00D988E04471FF
:104D8000062900D19EE03025AC46DC7822119444FF
:104D9000092A00DD7FE062468271072900D191E097
:104DA0000F22224014003034092A00D977E0C47160
:104DB000082900D186E03025AC461C7922119444A4
:104DC000092A00DD6EE062460272092900D179E00D
:104DD0000F22224014003034092A67D844720A296D
:104DE00000D16FE03025AC465C7922119444092A49
:104DF0005FDC624682720B2964D00F2222401400CD
:104E00003034092A59D8C4720C295BD03025AC46FD
:104E10009C7922119444092A02DD0735AC4694445A
:104E2000624602730D294DD00F2222401400303407
:104E3000092A01D93732140044730E2942D0DA7995
:104E400013111C003034092B01DD37331C0084732F
:104E50000F2937D00F2313401A003732092B01D8FE
:104E600030331A00C27310292CD010300023037085
:104E700030BD3732140046E7373214004FE737327F
:104E8000140058E73732140061E7373214006AE73C
:104E90003732140073E70735AC4694447BE737326A
:104EA000140084E70735AC4694448CE7373214008D
:104EB00094E70735AC4694449BE737321400C4723C
:104EC0000C29A3D14018D1E7142A002010B588B0CE
:104ED00004000D2200216846FDF7A6FE0D220021E8
:104EE00004A8FDF7A1FE6A464B236846137004A987
:104EF00000230D2201F0ECFF152108222000694457
:104F0000FDF798FE08B010BD7047C0460022014B67
:104F10001A7070474B2A00204B790020FF2B0BD1D1
:104F20008B79002B08D1CB79012B05D1082A03D925
:104F3000024B8A7809301A707047C0464B2A00200D
:104F40000120704710B5012913D115495379107903
:104F500009781B0203430020994200D010BD53780A
:104F6000012B08D0022BF9D1642200210020FCF78C
:104F7000C9FD0120F2E7D178937809021943802313
:104F80000A005B001A40194206D00A06D20F480AEE
:104F900003231940FCF73EFE01204042F8E7C046DB
:104FA0004B2A00200048704780820010944601235D
:104FB00010B501290AD152780023012A06D1624690
:104FC0001179527912020A43072A01D0180010BD44
:104FD000A6336146024A00F0EBFE0300F6E7C04646
:104FE000D88100100123037000487047A48200108C
:104FF0004B780A781B0213438A7810B512041A43BF
:10500000CB781B0613439622D200934200D010BDEA
:105010000022012011004042FCF7FCFDF8B500F031
:105020003BF90C23194DFF22AB6705201849FBF70C
:1050300001FE184C402200212000FDF7F5FD40271D
:10504000002301262121144A66702783A260136081
:1050500063545F31618445396354104A1049636079
:10506000E2602787A1620B606362E26201F038FFB1
:1050700080239B052E64EB6490230A4A0120EA50AA
:105080008022094B5202DA64F8BDC046000011507C
:10509000C1040020001800208400105000011050AE
:1050A0008000105010D001000020115010B50121D7
:1050B0000520FBF75FFD10BD10B50022002102485E
:1050C00000F00AF910BDC04620180020044B1970EA
:1050D000002904D080219023024A8902D1507047D0
:1050E000472A0020002011500B785B0600D0704743
:1050F0004B78052BFBD18A78014B1A60F7E7C04645
:1051000000001150F8B5CE464746CB7880B59B07D6
:105110009A0F1000012A58D08C780A794B797F2198
:105120001B022140E50913434A0091462C4E5219B7
:105130005201B218947001246C40547000245B0535
:105140005B0DD4701383D076CA00012D2CD0254F6F
:10515000D2198F01BC46B4446746BA601460002976
:105160002CD0214AC900891879603F339B09022855
:1051700032D09A014B461D4C5B1921685B01F61831
:105180001B4B8A18F16022609A4227D8194A83067D
:105190004A401343802212061343726813600120B1
:1051A000C0BCB946B046F8BD134FD2198F01BC46FA
:1051B000B4446746BA621460002908D100236D0127
:1051C00075196B600D4BEB60E9E70020E8E7094AD1
:1051D000C90089187962C8E7DA01CBE7FCF742FD1C
:1051E000001800208400105004001050CC1C002037
:1051F000FF0F1050000010508000105000011050A0
:1052000010B501F06DFE10BD7F2010B508404000C4
:10521000C90940181100044A400180181A0000F022
:105220005BF8012010BDC046001800207F23180045
:1052300000B5084083B00B4204D14B424B41084AB1
:10524000013393668022C9094000064B4018400193
:105250000021C018120101F053FE03B000BDC0468A
:1052600000201150001800207F22130010B50B40C1
:105270000A4200D110BDC9095B005B1804485B01FC
:10528000C018002300220349C37001F039FEF1E782
:1052900000180020FFF7FFFF80220A4B520410B5D0
:1052A0001A60094B09491A6010000B689843FBD13A
:1052B0008022002152010648FDF7B6FC0922054B69
:1052C0005A6710BD00E0004000F0004008C00040F8
:1052D0000000105000001150002310B5C3820133AC
:1052E000828283760161040001F0BAFD002804D0B7
:1052F00080219023074A8902D150200001F0B8FD97
:10530000002802D00123237710BD200001F0C8FD42
:10531000FAE7C046002011507047C0467047C046AB
:1053200000207047002070477047C0467047C04655
:105330007047C0467047C046024B5878431E98419C
:10534000C0B2704768150020024B18784007C00FA4
:105350007047C04668150020F0B5D6464F46464611
:10536000C0B52C4B814698461B788A46FF2B4BD103
:1053700000293BD0002154222748FDF755FC00228C
:10538000264C274B20001A70FBF7DAFD254B1C60DA
:10539000254C2000143CFBF7E1FD200001F098FBB8
:1053A000224B234D1C60234B002B04D02800FFF719
:1053B00019FE214B186000242B78204F1E4E0DE063
:1053C000336862019B18002B10D05B68002B0DD056
:1053D000984701342B78E4B2A34209D3A342EFD813
:1053E000E31A5B01DB195B68002BF1D100200CE0B4
:1053F00042464B46514648461370FFF70FFE0028C1
:10540000F4D04846FFF752FE0120E0BCBA46B14650
:10541000A846F0BD2410002068150020601500206B
:10542000482A0020BC1500201C100020C0150020B8
:10543000462A0020E54F0010801400206C830010E5
:10544000F0B5DE4657464E464546E0B5C84B91B0EE
:1054500003931B78FF2B00D142E1C64BC64E1F00C1
:10546000C64B0DAC0293C64B019335686A69EFF3E6
:10547000108172B61368002BFCD0BFF35F8FA96157
:105480002800210001F05AF96A69AB69BFF35F8F08
:105490000021116083F31088002800D120E1637897
:1054A000082BE2D89B00FB589F466368002BDCD09A
:1054B000A0689847D9E77F222179B04D0A40530070
:1054C000EB189846C80980444046012330300579DE
:1054D0009D430571057903339D430571002A00D171
:1054E00005E14346A74A1B7D1278934200D3F5E0BD
:1054F000A54A5B011568ED18002D00D1F0E0A36806
:1055000062792078AD69A847AFE7A04B1A78002AE6
:1055100000D1E5E01A78013A1A701B78002BA4D16B
:105520000122964D01212B78042013432B70342344
:10553000EA5C8A43EA54EA5C8243EA540133EA5C57
:105540008A43EA54EA5C8243EA54237800209B466B
:1055500000F088FC602223791A40602A00D1F1E033
:10556000402A00D1F7E0DB06DB0E012B00D115E16C
:10557000022B00D1CAE0002B00D0E3E0202A00D1AA
:1055800011E2002A00D0DDE06379092B00D9D9E0CF
:105590007F4A9B00D3589F46784D2B78DB0700D479
:1055A00063E7FFF7C7FE60E7029BDB78DB0700D409
:1055B0005BE76068FFF7B2FE57E7704D2B78DB07BB
:1055C00000D452E728780007C00FFFF7B1FE4CE780
:1055D00023786B4A994693466A4B6B4A98469246A3
:1055E0003A00002547461B78B0464E4691460EE0ED
:1055F00053461B686A019B18002B00D17DE0DB68D5
:105600003000984701353B78EDB2AB420CD3AB424A
:10561000EED8EB1A5B015B44DB683000984701353C
:105620003B78EDB2AB42F2D2544D54220021280017
:10563000FDF7FAFA1022FF21281DFDF7F5FA2800E0
:105640002022FF21143046464F46FDF7EDFA00F0C8
:10565000FFFB2379AB7008E723784B4A9946494B07
:10566000924698463200BB464E4600254746914634
:105670001B780DE053461B686A019B18002B40D035
:10568000DB683000984701353B78EDB2AB420DD373
:105690009D42EFD3019AEB1A5B01D318DB6830000F
:1056A000984701353B78EDB2AB42F1D2029D5422CE
:1056B00000212800FDF7B8FA1022FF213548FDF738
:1056C000B3FA28002022FF2114304E465F46FDF732
:1056D000ABFA00F0BDFBFFF729FEC6E6934213D0FC
:1056E00011B0F0BCBB46B246A946A046F0BDA368C7
:1056F0006279207800F0CAFBB7E646464F461F4D58
:10570000A5E74E465F46E4E71D4DF8E67023217A93
:105710000B4217D1C80982460F330B405B009846F5
:105720001848EB1853441B7D0078834264D2164816
:105730005B01006881469944002A00D155E14B463F
:10574000002B61D120780021FFF770FD80212078A7
:10575000FFF76CFD89E6104800F084FB01215846F4
:105760000EAAFFF723FC002800D07EE6EAE7C04639
:1057700024100020C4820010C015002068150020ED
:105780006C830010462A002080140020482A002044
:10579000E88200106C150020AD4F0010237A22899A
:1057A0000F2BCFD8FF231340D14AEB181B79127867
:1057B000934234D3C6D1CF4D686900F053FB012129
:1057C00058466B690EAA9847002800D04DE6602223
:1057D000150023791D401A42B4D163790A3B012B8D
:1057E000B0D800F03FFB63790A2B00D18AE158461C
:1057F0000EA900F0C7FA38E6834200D0F0E0BD4BB6
:105800009946002A00D1F0E04B46586900F02AFB87
:105810004B46012158465B690EAA9847A3E7B64A52
:105820005B011568ED18002DC6D18BE7A379994669
:105830006B789945DBD06B78002B00D02CE14B4680
:105840006B70002B00D124E148460138C0B2FFF74D
:1058500009FA002800D174E143780793022B00D0A5
:105860006FE10122C179B1468B11491113400A4001
:10587000302112015B0113432A78A8468A4313435F
:105880002B7009239A4682445646BA46C3788278DA
:105890001B021343C3180593954B0493954B089330
:1058A000954B0993954B0A93059BB34200D84BE166
:1058B000737801220B2B03D13378F278F6187378C2
:1058C000042B00D03AE1059B00279B1B9BB206935B
:1058D000049B0B921D7819E0099A7B011568ED185D
:1058E000002D00D12AE1310058462B69069A9847CD
:1058F0008446082803D9069A824200D30BE1049B10
:1059000001371D78FFB2BD4200D217E1BD42E3D896
:10591000089B7D1B6D015D19E5E76B780CAA0232CF
:105920001370584601230EA900F042FA9DE5E08865
:10593000030AC0B20F2B00D904E771499A008A58B4
:1059400097460EA800F094FA5846A179FFF7B4FBE9
:1059500002222B7813432B7087E5E388012B00D0BC
:10596000F0E608222B78584693430EA92B7000F0DE
:1059700009FA7AE5022029780CAB9A1C8B06890873
:10598000DB0F01400B431380584602230EA900F0A1
:105990000FFA6AE5E388012B00D0D3E608222B78C2
:1059A00013432B7023E7237A22890F2B00D9C9E6F2
:1059B000FF2313404E4AEB181B791278934228D2EA
:1059C0004D4A5B011568ED18002D00D1BAE66869F3
:1059D00000F048FA012158466B690EAA9847C2E6C2
:1059E000002A00D0AEE60023994662790220130017
:1059F00004928343012B11D0002A00D0A2E62B0091
:105A00004344534430331B790CAA9B07DB0F02320B
:105A1000B9E7934200D095E6364DD8E7E388002BEE
:105A200012D1039B1878049B012B23D0FFF7FEFBB8
:105A300043460221EB18534430331A790A430121BB
:105A40001A711A790A431A714B46002B00D10CE5E2
:105A5000586900F007FA4B4601215B690EAA5846C7
:105A60009847002000F0FEF93523EB5CDB0700D5FA
:105A7000FBE4BCE6FFF7F8FB43460221EB18534476
:105A800030331A798A431A711A7904998A431A7140
:105A9000DAE7FFF74BFCAAE600215846FFF716FBB2
:105AA0005846FFF7ADFB00229246124AAB780592AA
:105AB000114A049306922A000D4B55469846924689
:105AC0001B780EE0069B6A011B689B18002B54D0C4
:105AD000DB6858469847434601351B78EDB2AB4228
:105AE00037D3AB42EED8059AEB1A5B01D318EFE738
:105AF000462A00206C830010801400207C150020B2
:105B0000108300100CAB9A1C584601230EA9157087
:105B100000F04EF9A9E40B9A012A4CD0002A3CD09F
:105B20000023B07804E00133DBB20F71934234D22A
:105B3000C118C9B241440D79FF2DF4D04E464546F7
:105B4000574600236B70FDE54E465746FFF7ECFBCA
:105B50004DE65546542200212800FDF765F8102235
:105B6000FF21281DFDF760F828002022FF211430B6
:105B7000FDF75AF8049BAB7061E65546FAE7FFF76C
:105B800011FA021E00D1DDE5D37891781B020B4398
:105B900058460EA900F00CF9E5E565463B003100DA
:105BA0002A000A9800F046FD049B76191B78BB4238
:105BB00000D379E6C2E7174B29699942B0D1079A19
:105BC000AEE7FFF7ADFB021E00D1BBE558461378E8
:105BD0000EA900F0EDF8C6E52189FFF747F8021E8F
:105BE000F4D1AFE5022B0FD0FFF79CFB021ECBD107
:105BF000A8E5FFF733F8021E00D1A3E512235846AB
:105C00000EA900F0D5F8AEE5FFF72CF8021EBBD1C7
:105C100098E5C0465D620010F0B54F464646D64650
:105C2000C0B50C0016001F0082B0002A3AD07023C5
:105C300098461D4B002599461C4B9A461AE04B4648
:105C40001B78200001935346997800F0B9FC002896
:105C50001CD021000198FFF755FA002816D0A37830
:105C6000DA09012A19D00A9A01351370B54219DAF6
:105C70002378E4186378052B08D1E3789B079B0F02
:105C8000BB4203D14246A3781A42D8D0002002B0CA
:105C9000E0BCBA46B146A846F0BD0B9A0135137078
:105CA000B542E5DB0120F2E7241000206815002052
:105CB000702270B58B780C001A4201D0002070BDA4
:105CC000064B20001D78064B997800F079FC0028DF
:105CD000F4D021002800FFF715FAF0E72410002087
:105CE000681500207F20074B10B51A680840CB09C3
:105CF00034334000C018044B1100C01800F01CFCE5
:105D000010BDC046BC150020681500207F20074B41
:105D100010B51A680840CB0934334000C018044B52
:105D20001100C01800F030FC10BDC046BC150020AA
:105D30006815002070B57F24C80984460C400F48C0
:105D400064000419644430342079C00701D5002070
:105D500070BD0B48012500788446207928432071C6
:105D60006046FFF751FA0028F2D1012223799343CC
:105D700023712379033293432371E8E768150020E8
:105D80002410002070B5094C0600082220000D00E8
:105D9000FCF750FF00238021E360A3602B783000E4
:105DA000994300220023FFF7C5FF70BD481500206E
:105DB000F0B5C646244C170080460822200000B5E6
:105DC0000D001E00FCF736FF0023A760E381EB798E
:105DD000AA791B0213431A1CB34200D9321C96B293
:105DE000A281002B0CD0002E15D0002F2AD0402EDF
:105DF0001AD8237896B27F2B1BD80021134A0EE0C5
:105E000080212B780022994340460023FFF792FF20
:105E100080BCB846F0BD7F2300222178994333002F
:105E20004046FFF787FFF3E74022237896B27F2BA7
:105E3000E3D9064C320039002000FCF7FBFE80213C
:105E40002200ECE70020E3E74815002008150020B9
:105E500010B5142200210248FCF7E6FE10BDC04632
:105E600048150020014B18617047C04648150020B6
:105E700010B5054C010008222000FCF7DBFE0023D2
:105E8000A360E36010BDC0464815002070B5374CD4
:105E90001D0023780600DA09C9098A4210D00020C3
:105EA000002D00D070BD21003000FFF71DF92369DF
:105EB000002B03D022000321300098470120F1E796
:105EC0007F2B06D8A0680028ECD02A002849FCF7D0
:105ED000B1FEE289A1685219E38892B24919E281C0
:105EE000A160934214D03F2D12D9A389981A051CA2
:105EF00080B2402828D82078ADB27F2826D800214B
:105F00009A4230D01A4A2B003000FFF713FFC9E73E
:105F10002369002B05D02200022130009847002879
:105F200008D0802123780022994330000023FFF716
:105F300001FFB7E700213000FFF778F9300080213A
:105F4000FFF774F90120ADE74025D4E79A4207D066
:105F5000074C2A002000FCF76DFE80212200D2E7CA
:105F600080210022CFE70022CDE7C046481500205F
:105F70000815002070B50400FFF7DEF9002800D1F5
:105F800070BDFFF7E1F90028FAD1C8236343124A34
:105F90002500D418E1780029F2D010339E18300083
:105FA00000F0B6FB3F28EBD90020E178FFF79AFE1E
:105FB0000028E5D0300000F0ABFBE1783F2807D99E
:105FC000064BEA01D21800204023FFF7B3FED7E7C3
:105FD0000020FFF79BFED3E7301000208414002040
:105FE00010B50400FFF7A8F9002801D1002010BD6A
:105FF000FFF7AAF90028F9D1C8226243024B013009
:106000009B181B791840F2E730100020C82310B508
:1060100043430248181800F05DFB10BD40100020FB
:10602000F8B5C82343431D4D1033EE1880230400F8
:106030005B029A4200D31A4A300092B200F0CCFBC5
:106040000700FFF779F9002801D13800F8BDFFF704
:106050007BF90028F9D1C8236343ED18EB78002BB6
:10606000F3D0300000F054FB3F28EED90020E9784F
:10607000FFF738FE0028E8D0300000F049FBE9784F
:106080003F2807D9074BE201D21800204023FFF731
:1060900051FEDAE70020FFF739FED6E73010002086
:1060A000FFFF000084140020F8B50400FFF744F956
:1060B000002801D10020F8BDFFF746F90028F9D1EA
:1060C000C82325005D432B00134E2433F7183800F6
:1060D00000F000FB0028EDD075190020A978FFF72B
:1060E00001FE0028E6D00D4AE3019C182100402261
:1060F000380000F071FBA9780300051E07D02200CC
:106100000020FFF717FE0028D4D02800D3E7002096
:10611000FFF7FCFDCEE7C04630100020C41400207D
:1061200070B5C82444430C4B0500E41880235B027F
:106130009A4200D3094A200092B200F015FC0600F2
:10614000200000F0C7FA3F2801D8300070BD2800B9
:10615000FFF7AAFFF9E7C04654100020FFFF000038
:10616000C82310B543430248181800F0D1FA10BDF7
:1061700054100020F0B50025184C83B0C82200212F
:106180002000FCF751FD164B21001D70FF236371A9
:10619000E1235B02A360200008234022A37338316F
:1061A0000095073B103000F05FFA27000123210023
:1061B00020002600402278310093B837243000F0C8
:1061C00053FAC0363800FAF7BBFE3000FAF7B8FED3
:1061D000E56127622663656303B0F0BD30100020DF
:1061E000041500200A4B196B1A6A00290CD0002AEA
:1061F00007D00022DA615A631A6300221A62012072
:1062000070475A631A63FAE7002AF8D0D961F4E7B5
:106210003010002070B5052200210D48FCF704FD68
:106220000C4D2B78DA0707D50B4C9B070CD50121B9
:10623000200000F06DFC70BD0548103000F048FCF7
:106240002B78054C9B07F2D4200000F041FCEEE7D0
:10625000301000200415002054100020F0B54B79B8
:10626000070083B0022B02D18B79022B03D00024CC
:10627000200003B0F0BD214B1E009B78002BF6D10F
:106280008B78092433700D784D196B78242B07D047
:106290000CE02B78ED181C196B78A4B2242B05D1D7
:1062A000A242F6D20020FFF765FEE1E71A00052BB7
:1062B00015D0042AF6D16B790A2BF3D1104B2E7826
:1062C00001930133009338000223A919023AFFF722
:1062D000A3FC0028CBD00E34A419A4B2E2E7290015
:1062E0003800FFF7E5FC0028C1D0AB7873702B783D
:1062F0001C19ED186A78A4B2DBE7C0463010002004
:106300003210002060238C461100127870B51340C3
:106310000022202B08D1324C4B7926000D792478AD
:106320001B022B439C4201D0100070BD4B78222BE6
:106330001CD008D8202B39D0212BF5D16346012B56
:1063400043D00122F0E7232BEED16346012B42D04C
:10635000032BF6D1234B002BF3D08B78C978002088
:106360000902194300E000BF0122DDE76346012B6B
:1063700031D0032BE5D10125CB788A781B0213435A
:106380001C001D4033000121243318006940347182
:1063900000F0BEFB144B002BD3D0012362081A403F
:1063A0002900002000E000BF0122BDE76346012B69
:1063B0000BD0032BC5D10D4B002BC2D031000020D8
:1063C0000831FEF715FE0122AEE7094A0723FFF761
:1063D000EFFC0122A8E7FFF7D5FC0122A4E7C046A5
:1063E000301000200000000000000000F14F0010FD
:1063F00038100020F8B54746CE4680B5344C1F0013
:10640000E37880460D008B423BD0A37800208B427E
:1064100011D0C0BCB946B046F8BD2E4B002B04D0FD
:106420002D4800F06DF900284FD00020FFF7A2FDA5
:10643000A378AB420AD1294B002B02D0002000E008
:1064400000BF0020FFF730FE002801D00120E0E768
:10645000234C200000F03EF90028F7D1002FF5D0A2
:10646000BB06F3D1243C4046A178FFF73BFC002853
:10647000ECD0002300224046A178FFF75BFC01200E
:10648000C7E7184E14483100BAB200F06DFA164B47
:10649000002BC2D06379FF2BBFD0002FBDD0BC46EC
:1064A000B444E14603E001364E45B6D06379327814
:1064B0009A42F8D1084800F023F90028F3D1064B9E
:1064C000103B597900E000BFEDE700E000BFACE70A
:1064D00030100020000000004010002000000000EC
:1064E00054100020841400200000000000B50300B8
:1064F00083B0002910D00020012B07D80A78002A89
:1065000004D00C48C2540120012A01D003B000BDC0
:106510001800FEF721FFF9E701236A46002001A9D0
:106520009380FEF719FF0028F0D00122014B1A706A
:10653000ECE7C0465C15002070B504002378080025
:10654000DB070E00DD0F002B16D123785B0701D58A
:10655000280070BD0121494200F0CAFC2378DB0706
:10656000DD0F002B0AD123785B0708D4042223789F
:1065700001251343237002E00025E9E700253000E0
:1065800000F09EFCE4E7C04670B50D000121040058
:106590004942280000F0ACFC23785B07DE0F002B9B
:1065A00004DB280000F08CFC300070BD2378DB0792
:1065B00004D40422237893432370F2E70026F0E703
:1065C000437902791B021343C2785B0592075B0D86
:1065D000920F022A1AD0032A0BD00020012A07D1D9
:1065E00002394A425141104A891899424041C0B289
:1065F000704702394A1E91410C4A4942114080229B
:106600000020D200891899424041F1E7022904D0C4
:10661000002040229A424041EAE7054A9818434246
:106620005841C0B2E4E7C046FF03000040FCFFFF52
:1066300000FEFFFF8446881830B51C00814206D258
:106640004A78052A04D00A7889188842F8D830BDDB
:106650007F228B781A4052006244DB09D4540A78B6
:1066600089188842ECD8F2E7F0B5C64600B59846DE
:106670006B461E7E802304000F0015001B029A4209
:1066800026D8C068002803D00121494200F030FC20
:106690002069002803D00121494200F029FC42462C
:1066A0005204F303520C1343E3800023E068638138
:1066B0002760A5802381002801D000F001FC20691B
:1066C000002801D000F0FCFB012080BCB846F0BDE2
:1066D0000020FAE7038941899C4682889BB288B2F0
:1066E0008C4507D31B1A9BB2101C9A4200D9181C68
:1066F00080B270475100091A5B189BB2F4E7C0469C
:1067000003894089181A43425841C0B27047C046B5
:10671000038941899C4682889BB288B28C4507D305
:106720001B1A9BB200209A4201D9D21A90B270472C
:106730005100091A5B189BB2F4E7C04670B504001B
:1067400000690D00002803D00121494200F0D0FB70
:10675000238962899C4698B291B2A388944532D32A
:10676000421A92B2002A27D0934208D298422FD3DD
:10677000C01A81B261818B4203D8C91A89B28B4297
:10678000FBD9E28823685204520C5143280059185F
:10679000FCF750FA618901254A1C92B2A388914204
:1067A0000DD900225B00D21A20696281002801D035
:1067B00000F086FB280070BD0025628992B25B0064
:1067C0009A42F1DBEFE75A00521A821892B2C9E7F7
:1067D000C01881B26181CEE7F0B54646D6464F4635
:1067E000C0B5060000698A46904682B0002803D0F2
:1067F0000121494200F07CFB31897289B5888BB256
:1068000094B2914255D31F1BBFB2002F4BD0BD4253
:1068100005D2AB4252D25B199CB22F007481434621
:10682000B8453ED89FB2A54203D8641BA4B2A54286
:10683000FBD9F28831685204500C020062432B1BD2
:106840009BB28918019002009F4225D943439BB215
:106850001A0050469946FCF7EDF95046019A7D1B07
:106860006419544331684844A2B2FCF7E3F97189D2
:10687000B588CB199BB26A00994216D99B1A306928
:106880007381002801D000F01BFB380002B0E0BC8F
:10689000BA46B146A846F0BD50467A43FCF7CAF95D
:1068A000E5E73B1CBEE773899BB26A009342E6DBD7
:1068B000E4E76F003F1BDF19BFB2A6E75B1B9CB28A
:1068C000ABE7C046F8B50400C0680F00002803D04D
:1068D0000121494200F00CFB258920896189A288A9
:1068E000ADB283B28EB2884228D39B1B9BB29A4230
:1068F00009D8E679F60906D1E068002801D000F051
:10690000DFFA3000F8BD2B0095421CD39B1A9BB2D6
:106910009342FBD2E28820685204520C5343390060
:10692000C018FCF787F96B1C9BB2A2889D4216D950
:10693000002352009B1A01262381DDE75100891BA9
:106940005B189BB2D3E7E28820685204520C534391
:106950003900C018FCF76EF90135A288ABB25200BD
:106960009342E8DBE6E7C046F0B54E464546DE46D4
:106970005746E0B589460500160083B0002A6BD063
:10698000C068002803D00121494200F0B1FA2F89E4
:10699000EA79BBB298466B89AF889BB2D2093DD1E8
:1069A000984562D27A00D31A43449BB2BB4261D26B
:1069B000FB1A1A1C9BB2B34200D9321C96B2F31BCD
:1069C00001934346F3189BB29B46EA884446B84578
:1069D00003D3E41BA4B2BC42FBD252043B1B570CB2
:1069E0003A00624328689BB28018B34256D33A00FB
:1069F00049467243FCF71EF9AB885B00D84501D8C5
:106A00009B4502DB5A46D31A9B465B4637002B81D7
:106A1000E868002821D000F053FA1EE0BE422BD2D5
:106A200098454CD34246D21A92B27900F01B921983
:106A300001908A42C5DBDA1992B29346921B92B258
:106A40009046934240D94346591A8BB29846F31860
:106A50009BB29B46EA88B9E70027380003B0F0BC38
:106A6000BB46B246A946A046F0BD4246D31A9BB2E9
:106A7000BB429DD30027CBE7002FC9D0CC46EA8884
:106A8000F61B5104490C714398468C44D9190023D4
:106A900089B2E1468B463E00019397E77B439BB268
:106AA0001A0049469A46FCF7C5F84946019B2868F2
:106AB000E2187A43514492B2FCF7BCF89CE77900A3
:106AC000CA1A424492B2B1E79142BCDDC2E7C04665
:106AD00010B50400C068002803D00121494200F02D
:106AE00007FA2069002803D00121494200F000FA8A
:106AF0000023E06863812381002801D000F0E0F9E1
:106B00002069002801D000F0DBF9012010BDC0464B
:106B100070B50400C0680D00002803D0012149426F
:106B200000F0E6F92069002803D00121494200F075
:106B3000DFF97F21E279EB011140E0681943E1714F
:106B4000002801D000F0BCF92069002801D000F035
:106B5000B7F9012070BDC04600B5054B83B00100F8
:106B6000009300220B230348F9F772FF03B000BD26
:106B7000987100103E2A002010B50A4B0A4AC4182A
:106B8000240DA40082B0009208482200E31CF9F70B
:106B90005FFF844202DC001B02B010BD01204042B6
:106BA000FAE7C0460000E0AFB87100109C17002063
:106BB000F0B54E464546DE465746E0B5050083B083
:106BC0000F00F9F707FF324B324AEB181B0D9B0001
:106BD00091469C46D35801223E790521B24020249B
:106BE00079568046013AA41B00293FDB8C423AD3F8
:106BF000100088400C00034235D1B879002843D1F9
:106C00008A40100092463F681A40184239D18020CD
:106C10008001002E17D0A3462C0065469C46330009
:106C20000E00110001954A00BD5A854200D2AD19EF
:106C3000721812329200013115519942F3D3019A20
:106C400063465C4694465246614613434A46535057
:106C50004046F9F7CBFE200003B0F0BCBB46B2467D
:106C6000A946A046F0BD01246442F1E7002C02DAF7
:106C700007E0013C05D31000A04021000342F8D1F9
:106C8000BBE709246442E3E714246442E0E7C0461A
:106C90000000E0AF84160020F0B54E46DE465746B1
:106CA0004546E0B583B00C0089460CA984460878B7
:106CB0001F2A42D86100019109196446C90064186D
:106CC0002500DC352E68B2462600CC363668B34641
:106CD0001B4EA1198026B6020E60411E884141421A
:106CE0001F20084017494018052B0CD9A0271F2644
:106CF0007F05D834510139430532053B29603240C4
:106D00002060052BF6D852019B061343019A4A4492
:106D1000D20062441100DC310B601300D8331860DC
:106D200053460B605B460020CC32136003B0F0BCCE
:106D3000BB46B246A946A046F0BD05204042F5E755
:106D4000CC30000080E00000944601228A4070B5FB
:106D5000C6461C00036800B593430360002C30D086
:106D60004A005318DB00C3181D002668C8352E6082
:106D7000A66804356E606668E468DC332E601C60CB
:106D80005318DB00184CC218121980242406146012
:106D90001460164A0C1D8A40826001221500A5402D
:106DA000802408318A40A4010419256061462260CC
:106DB0001F22C0180A40D8300260002040BCB046F4
:106DC00070BD4A005318DB00C3181D008026C8356B
:106DD00076022E60C0263603AE60F82604357602B1
:106DE000DC332E601C60CBE7D010000001010101F4
:106DF000030084469B070BD00300032102E001330C
:106E00000B4206D01A78002AF9D16246981A7047C8
:106E1000030019680C4A0D488A188A4302420FD1B0
:106E20005968094A04338A188A43024208D15968CA
:106E3000054A04338A188A430242F1D000E0013344
:106E40001A78002AFBD1E0E7FFFEFEFE80808080FA
:106E500001B40248844601BC604700BFB90E00205F
:106E600001B40248844601BC604700BF890B002082
:106E700001B40248844601BC604700BFB10B00204A
:106E800001B40248844601BC604700BFB90E00202F
:106E900001B40248844601BC604700BF6501002080
:106EA00001B40248844601BC604700BF3D0C00208D
:106EB00001B40248844601BC604700BFC100002005
:106EC00001B40248844601BC604700BFD5010020E0
:106ED00001B40248844601BC604700BF890200201B
:106EE00001B40248844601BC604700BFD1030020C2
:106EF00001B40248844601BC604700BF99010020EC
:106F000001B40248844601BC604700BFED0B00207D
:106F1000991C0010C51C0010A91E0010192C00108F
:106F20004D250010852B0010D11D0010E11C001014
:106F3000011D0010151D0010F10E00101D1D001088
:106F4000B1120010611C00102D0B0010DD4C001060
:106F50005041434B45545F41525241595F4F4B2082
:106F6000636F756E743D25752062797465733D2578
:106F7000750A000046495253545F524551554553D6
:106F8000545F4F4B000000005452414E534645524F
:106F90005F4F4B005041434B4554535F4F4B2025AF
:106FA0006C750A00444D415F444542554720636F6C
:106FB0006D706C657465643D256C752072656D61DE
:106FC000696E696E673D256C7520627573793D2524
:106FD00064206669666F5F656D7074793D25642015
:106FE0006669666F5F66756C6C3D25642070633DF5
:106FF000257520626173653D2575206E78743D2589
:10700000642063733D25642073636C6B3D25640AC3
:10701000000000005245414459000000494D4147DD
:10702000455F4F4B000000000A2A2A2A2050414E9B
:107030004943202A2A2A0A004E6F207370696E6C19
:107040006F636B732061726520617661696C616248
:107050006C6500004E6F2075736572204952517344
:107060002061726520617661696C61626C65000007
:10707000486172647761726520616C61726D202570
:107080006420616C726561647920636C61696D650F
:10709000640000004861726420617373657274005B
:1070A00052656C6561736500626F6F74325F773231
:1070B0003571303830000000322E332E30000000A1
:1070C0007069636F000000007069636F5F746F5FC9
:1070D00066706761000000004A756C20323420320F
:1070E00030323600666E692B00000000666E690063
:1070F0006E616E00666E692D0000000055534220DF
:10710000737464696E202F207374646F757400004B
:1071100052617370626572727920506900000000DC
:107120005069636F00000000426F61726420434445
:10713000430000005265736574000000556E68617D
:107140006E646C65642049525120307825780A00BD
:10715000657020253032582077617320616C72652C
:1071600061647920617661696C61626C6500000020
:1071700043616E277420636F6E74696E7565207845
:10718000666572206F6E20696E6163746976652032
:1071900065702025303258004E6F20444D412063E9
:1071A00068616E6E656C73206172652061766169DD
:1071B0006C61626C650000004E6F2050494F207377
:1071C00074617465206D616368696E6573206172B6
:1071D0006520617661696C61626C6500010000FF89
:1071E0000102000000FFFF01FFFEFD01010600FD9E
:1071F000FE0402FEFEFD0000FEFF04FFFD0505008B
:107200000000FFFFFD0200FF0202FDFE01FD000085
:10721000FF020201FDFCFCFC06FF0303FF0001026C
:10722000FE06FE0601FF060301FFFDFE020102004D
:1072300003FA01FEFF02FB00FE01FE07FF0002064B
:10724000020103FE03FFFFFFFA02FEFF0302FD023D
:107250000301020000FD07FEFB03FFFF00FBFB0331
:10726000FF06FFFA010401000401030201FBFF0312
:1072700001FEFEFE0002FE03FEFFFFFEFFFD010415
:10728000FDFEFF0101FDFCFF01FFFF0302FC010009
:107290000004000305FF020500FFFF010100FF01DC
:1072A000FFFFFF00FF0101FEFF0101FE000101FFE2
:1072B000FF0000FF01000100000101FE00010100CC
:1072C0000000000000010100FF0001FFFF00FF00BF
:1072D000000001FF00000100000000FF000101FEAE
:1072E000FF0201FFFF0301FD000301FD000200FD9D
:1072F000FE0300FDFF0102FDFE010200FF0202FF8E
:1073000000010100FF000101FFFF0000FF00FFFF7F
:1073100000FFFF00010000FEFF0101FE0001FFFF72
:10732000FF01FE00FF02FE00FF00FFFFFF0001FE65
:10733000FF00010000FF02FF000001FFFFFF00004F
:107340000000FF010001FFFF010000FE020100FE3E
:107350000200010001FFFE00FF00FC00FEFFFE0135
:10736000FFFF000100FE000100FFFF0000FE010022
:1073700001FE0000FF000000010100FF0201FFFF0D
:10738000030000FD03000000030000000200FF01F5
:107390000100FD00010100FF02FF010002FEFE00EE
:1073A00002FEFEFF02FFFFFF02FEFFFE01FFFF00E5
:1073B000000000FF0201FFFE0300FF000200FF01CA
:1073C00002FF000202FC000103FEFFFF030200FFB8
:1073D000030000FF02FEFE0001FFFF0000FDFFFFB3
:1073E00000FE00FDFF00FEFF0101FFFF020000FFA5
:1073F00000FDFF01FFFE0101FFFD0001FDFB01009B
:10740000FAFD0000FC01000101FF000201FFFF0185
:10741000FFFF0001FDFF02FFFF0001FE0101FF0071
:10742000FF000000000000FFFFFE0101FEFE010062
:10743000FDFF0200FBFE0100FB030001FE04010250
:1074400000000102010001FF01FF00FE00FF02FC3D
:10745000FF0101FE0202FF01FF0001FF0101FFFF2A
:1074600000FFFFFEFEFF0100FD000001FC01000225
:10747000FF0400030103010300FFFF0100FF00FE02
:1074800000FF01FC000000FD0003FFFE0202FEFF02
:1074900000FF01000000FFFEFFFFFFFDFE00FFFFF9
:1074A000FF010001FE0200020104010200020100CE
:1074B000FF0001FEFFFF00FEFE0000FFFF01FFFFD7
:1074C00002020001010200000100FF000001FFFEB6
:1074D000FFFFFEFDFE00FFFE0001FFFE000201FFB8
:1074E000010101FEFF0102FFFF0100FFFE0100009C
:1074F000FE000001FF02FF000102FF010101010087
:107500000000FF01FE0000FF0000FFFFFF0100FE82
:107510000001FF00FFFFFEFFFFFEFF0000FEFFFF78
:1075200000FE00FFFFFF0001FF0000030000FF035B
:1075300000FF000100010000FF01FF000000FF004C
:107540000200FFFE02FF00FE02FEFFFF01FEFFFF42
:1075500001FFFEFE02FFFFFF02FEFF0000FEFF0133
:1075600000FEFF02FEFE0002000100FF0001FF001E
:107570000101000000000000000100010100FF0007
:10758000010100000001FF000100FE010202FEFFF8
:107590000302FE000201FFFE0000FFFF0101FF00E9
:1075A000FF000000FF000000FF0000FF00FF0000E0
:1075B0000000000000FFFF0101FFFF0102FEFE02CC
:1075C00001FE000101FFFF0102FEFF0201FFFF01BA
:1075D00000FFFF0100000000FF000101FF00FF01AC
:1075E00000010000000000000000010000FE010298
:1075F00001FD0002FFFD000200FC010101FC000290
:1076000001FD0203FFFD010300FE020300FF010272
:10761000FFFF010100FFFF000000FF00FFFFFF0070
:10762000FF0000FF00000100FE000100FF0001FE5E
:10763000FF0000FD00FF00FEFF000100FF00010051
:10764000010001000102010100020101FFFF01012F
:1076500000FF000100010000FF010100FE0101FE2A
:10766000FE0100FEFE0200FDFF0100FFFE01FE0123
:10767000FD01FDFEFF0100FD000201FC000301FE13
:10768000000202FF000102000000000001010000F2
:10769000FF0001FFFE0000FEFE0000FEFE01FFFEF7
:1076A0000000FF0003FFFC010302FEFC000300FBDF
:1076B000FE0200FC000200FD000201FC000100FED1
:1076C00001000000000000FFFFFF01FEFF00FFFFC0
:1076D0000000FFFE000100010200010305FFFDFDA7
:1076E000010200FEFEFF00FFFFFEFFFF01FEFEFFA6
:1076F00001FF00FE000101FD0000FF00010000FF8E
:107700000100FF000101FF01FF00FF03FF0201056F
:1077100000FF020200FE0000FD000003FDFF00006C
:10772000FEFEFF0202FB000400FCFF01FF0000FE62
:10773000000100000101000001020001020101033B
:1077400000000203FD000105FDFE0101FDFD010138
:10775000FC010103FE02000200010003020000031D
:1077600001FF0000FF0102FEFF00FF01FF0100FF1B
:10777000010100FE00000101FEFD0003FDFC00030D
:10778000FDFE0200FE000100FD020103FE010002F9
:10779000FF0101010000FF0000FF00FEFE0001FDEF
:1077A00001FF0101000002FF000300FE000100FED6
:1077B00000FDFF0000FBFF0201FE000200000002CE
:1077C000FEFF0102FFFF000100FF0000FFFE00FEC0
:1077D000FFFF01FD00FF01FF0100FFFFFF0000FEB2
:1077E000000000FD00FFFFFC02FE00FE01FE0101A3
:1077F00002FE0003FFFFFF02FF00FFFF00FF01FE8C
:1078000000FF01FE000001FD000000FFFF0100007D
:10781000010000FFFFFF00FF01FF01FD000000FC71
:10782000000100FE000100FDFE0100FE000100FE5F
:10783000000000FDFF0000FDFF0100FEFF0000FE54
:10784000FF0000FF00FF0100FF000001000000FF3B
:10785000010300010002FE02FF01FF01FD02000022
:10786000FE01FFFEFF0001FE0000FFFE0000FFFF23
:107870000000FEFFFF010000FFFF0000000000000D
:1078800001000000FF0100010001000000000101F3
:107890000000FF000100FFFF0200FF010201FF01E5
:1078A000020100000201FFFF01FFFF00010001FFD4
:1078B000FF00FF00010001FFFF010100000000FFC9
:1078C000FF00FF00000001FF01FF000000FEFF00BD
:1078D00000FEFFFF00FFFF0001FFFFFF00FFFFFFB3
:1078E00001FFFF0001000000000000000000FF0198
:1078F000FF0000FF0100FFFF000101010000020086
:1079000000FF00000200000103010000010000FF71
:1079100000FF01FEFFFE01FEFEFD01FEFFFE00FE78
:1079200001FF00000001FFFFFF0100000001010056
:107930000003000000020101010202000301020134
:10794000030102000000030001FF040000FF050026
:10795000FFFE0400FFFE0300FFFE02000000000027
:1079600000000000000100FFFF020100000200FF14
:107970000100010002010100020100FF03010000FB
:107980000301FF000300010002FF020000FE0300EC
:1079900000FD040101FE010000000000000200FEE5
:1079A000FF02FFFF000000FF02FFFF0003FFFF01D7
:1079B00001FFFE000203FDFF0203FE00010100FFC4
:1079C00000FF020001FC020102FA050201FF0300B0
:1079D0000000FF00010100FF0001FF00FFFF00FFAA
:1079E000FFFEFFFFFFFDFEFFFEFE01FFFE0202FFA6
:1079F000FE04FFFF0003FEFF0001FF0001FC00008A
:107A000003FC040201FF0301FF0100000000FFFE70
:107A1000FF00FFFDFFFDFFFEFFFFFF00FFFE000078
:107A200000FF0500FE030300FD02FFFFFF02FDFE55
:107A300000FFFDFF01FEFCFE01FE0000020101024D
:107A4000FF010000000200000000FF0000FFFE0038
:107A500000FFFF01FFFEFE01FF000401FD02040024
:107A6000FD02FE01FE01FE000000FF00FFFFFDFE23
:107A70000100FE010101FF02FF00000001010201FF
:107A800001020003FFFFFE02FE00FC00FFFEFC00FF
:107A9000FD000301FC010102FE00FE010000FFFFEA
:107AA00000010000010001010300FE020102FE02CC
:107AB00001000000010303010302020203FF0302AD
:107AC00002FE000101FDFE00FEFF0000FE00FF01BE
:107AD0000100010101000201010002010200020295
:107AE0000300FE03000100000000FF00010102018D
:107AF000030103020400040003FF030002FE02FF6F
:107B000002FE00FF01FF01FF010003FF010103006E
:107B10000100030102FF01010201FE030001000157
:107B20000000000001020202000102FF0101010049
:107B3000020002FF02FF01FF03FF01FF01FF03FF3D
:107B400000FE03FF0000030000FF0100020000022E
:107B50000100000200FF0100000001FF0001000021
:107B60000102FF000003FF0000010000020101000C
:107B700002FF000002000000020100000101FF00FE
:107B800000010001000000010000FF0100000101F0
:107B90000000FF000101FFFF0001FF00FF00FEFEEB
:107BA0000001FFFF0102FE010102FE000102FD00D3
:107BB0000101FE000201FFFF000200010000FFFFC3
:107BC000FF0000000001FF00000000FFFF000000B8
:107BD000000000000000FF0001FEFF0000FFFFFFAB
:107BE0000100FF000001FF00FFFEFFFF00FFFF009C
:107BF00001FFFEFFFFFF0000FFFF000000FF01FF8D
:107C00000001FF0100FF000000000000FFFFFEFF79
:107C1000FFFEFFFFFFFFFEFE0000FEFFFFFFFCFE7A
:107C200000FFFCFF01FFFDFF0200FD000100FE015F
:107C30000100FF000100000001FF00010001000041
:107C4000FE01FE00FE00000000FF00FE00FF00FF3E
:107C500000FF01FFFF0001FFFE0001FEFF00FFFF2C
:107C60000000FD0001FFFE0101FEFF020100000017
:107C70000001FF00FE01FF000000FFFF0000010007
:107C800000FE030000FF03000100010000FF0000F0
:107C9000FF000301FF020201FE02000100FF0200DB
:107CA00000FD0103FFFE0000FF00FF01FF01FE00D9
:107CB000FE010100010003000100030100FF0201B9
:107CC00000FFFF00FEFFFE01FF000300FF030500B1
:107CD000FE020501FF00050100FC0104FEFE01019A
:107CE000FF010001FE01FE0000000101010002028F
:107CF0000100030101FF0101FFFEFE01FEFEFD0286
:107D0000FF000100FF0207FFFF030601000204015C
:107D100000FD020300FE010100FF0000FF00FE0065
:107D20000100FF040300000203FF010101FF010144
:107D3000FFFE0003FFFDFD05FFFE00020101030041
:107D40000003020002030300FF0103FEFE0101FE27
:107D50000000FF010001FF000102FF01020200FE1E
:107D6000030101FE01010300FE000201FEFE00020C
:107D700001000201020201010101FDFF010100FEFB
:107D8000000102FDFE0202FE01FF0000FF00FE00F6
:107D9000FF0200FF010203FF010306FE010205FED0
:107DA000FF0004FFFF000200000103000101FEFFCD
:107DB0000100FFFFFF0100FEFF0101FCFD0201FECB
:107DC000FFFF0000FFFFFDFFFE00FFFF00000200BD
:107DD000000104FE000003FEFFFF02FE0000FF00A2
:107DE0000100FFFF0000FF0000FF0000000002FD97
:107DF000FDFF02FDFF0100FF0000000000FFFF008B
:107E0000FE01FF00FF000100FFFF01FF000000FE78
:107E1000FFFFFFFE00FFFDFF00FFFFFE00FF00FF72
:107E2000000001FE000003FEFE0100FFFF0100FF55
:107E3000000001FF00FEFF00FEFFFEFFFF0100004B
:107E4000FE0101FFFE000400FFFF0500FFFF03002D
:107E5000FFFE01FFFFFF01FE00FF01FFFF0101FE2A
:107E600000FF00FFFFFFFF010000010000FFFE0117
:107E700000FFFE010000FE0201FFFE01FF00020202
:107E800000000301FF000201FFFF000200FFFF02EC
:107E90000100FF0201FFFE0100FF00010001FFFFE2
:107EA0000100000000FF0100000100010001FF00CF
:107EB000FF00FE0100FFFD0200FFFE03FF00FD03C7
:107EC000FF01FC01FF01FD01FF00FF01FFFF0000BA
:107ED0000000010001FF0001E07E00100BFF000028
:107EE0008D20A080087742B742BF42BFE21742B759
:107EF0000D3042A720C00000494D4731000000006E
:107F0000FFFFFFFFFFFFFF7F06005250D3F07542D7
:107F1000A070001006005250E182887FA870001007
:107F200006005250ABB36053B870001006005250B8
:107F3000BBFF3CB6C070001006005250861C030206
:107F4000C8700010060052505422A29DD870001034
:107F500005005250DE65F4681C930010843900104F
:107F60003C3900103C3900107C3900103C390010BD
:107F70003C3900103C3900103C3900103C390010ED
:107F80003C3900103C390010743900103C390010A5
:107F90006E3900103C3900103C3900106639001071
:107FA000783B0010963900106C3B00109639001099
:107FB0005A3B00109639001096390010963900107F
:107FC0009639001096390010963900109639001035
:107FD0008C3900109639001096390010963900102F
:107FE00096390010963900108C3900100C3C0010A6
:107FF000FA380010FA380010FA380010FA38001079
:10800000FA380010FA380010FA380010FA38001068
:10801000FA380010FA380010FA380010FA38001058
:10802000FA380010FA380010FA380010FA38001048
:10803000FA380010FA380010FA380010FA38001038
:10804000FA380010FA380010FA380010FA38001028
:10805000FA380010FA380010FA380010FA38001018
:10806000FA380010FA380010FA380010883B001077
:10807000C43B0010883B0010FA380010FA3800109A
:10808000FA380010FA380010FA380010FA380010E8
:10809000FA380010FA380010FA380010FA380010D8
:1080A000FA380010FA380010FA380010FA380010C8
:1080B000FA380010FA380010A43D0010FA38001009
:1080C000FA380010FA380010FA380010FA380010A8
:1080D000FA380010FA380010FA380010FA38001098
:1080E000A43D00101C3C0010A43D0010883B001073
:1080F000C43B0010883B0010000000000000F03F6F
:108100000000000000002440000000000000594072
:108110000000000000408F40000000000088C340C5
:1081200000000000006AF8400000000080842E413A
:1081300000000000D01263410000000084D7974186
:108140000000000065CDCD410D0A00000600525030
:1081500053B4F4A1FC700010000000001071001076
:10816000207100102C2A002028710010347100109A
:1081700009025400030100807D080B000202020086
:10818000000904000001020200040524002001058A
:1081900024010001042402060524060001070581CC
:1081A0000308001009040100020A0000000705028C
:1081B000024000000705820240000009040200009E
:1081C000FF00010512011002EF0201408A2E0A0091
:1081D00000010102030100000A0000000000030684
:1081E000A6000800020002009C001400030057498A
:1081F0004E555342000000000000000000008000C7
:108200000400010028004400650076006900630056
:10821000650049006E007400650072006600610030
:1082200063006500470055004900440000004E000F
:108230007B006200630037003300390038006300C0
:1082400031002D0037003300630064002D0034003E
:108250006300620037002D003900380062003800EA
:108260002D003900310033006100380066006300E2
:10827000610037006200660036007D0000000000EB
:10828000050F2100011C100500DF60DDD88945C7FE
:108290004C9CD2659D9E648A9F00000306A6000147
:1082A0000000000000000000094F00100000000066
:1082B0000D4F0010194F0010454F0010414F001096
:1082C000000000006A540010D055001058560010ED
:1082D000A8550010BA550010985500100A55001006
:1082E000B6540010AA540010745900105A590010C6
:1082F0004457001094590010445700104259001080
:108300002E590010445700101A5900102C58001014
:1083100044570010F25B0010E45B0010D85B0010C3
:108320004457001044570010C25B0010E45B00107B
:108330004457001044570010445700104457001091
:108340004457001044570010445700107E5B001043
:10835000080D0020080D0020520D0020720D002095
:10836000B20D0020C40D0020000D00200000000010
:1083700075610010E5610010156200105D6200106B
:0C83800005630010F56300100000000011
:10838C00087F0010147F0010207F00102C7F00103D
:10839C00387F0010447F0010507F00104C8100107B
:1083AC0003000068EFF3108C72B60268002AFCD050
:1083BC00BFF35F8F04229A56002A0BDB002900D0F2
:1083CC000A6000201B68BFF35F8F00221A608CF3D9
:1083DC0010887047D0221206126801201A71F1E73A
:1083EC00F0B51F00D023C6461B061B680400160000
:1083FC009846002500B50AE0BFF35F8F156081F346
:10840C0010883000390000F0CBFE002818D122680B
:10841C00EFF3108172B61368002BFCD0BFF35F8FA3
:10842C00237922687F2BE7D943462371BFF35F8FF3
:10843C000023136081F31088012080BCB846F0BD86
:10844C000020FAE770B582B001A9060014001D00E7
:10845C00FFF7A6FF002807D1D0221206019B127845
:10846C005BB252B2934201D102B070BD22002B001C
:10847C003000FFF7B5FFF7E7F8B50E00070000F086
:10848C009FFEFA2204000D00002392003000002110
:10849C0000F09EFE22002B0012184B41002B02DA3A
:1084AC000122034B52423800FFF79AFFF8BDC04639
:1084BC00FFFFFF7F0268EFF3108172B61368002B89
:1084CC00FCD0BFF35F8FFF2303710368BFF35F8F93
:1084DC0000221A6081F3108840BF7047084B9C46FD
:1084EC001B78002B0BD18023064807495B051A68C3
:1084FC00C25004338B42FAD1012362461370704789
:10850C00492A00208C1600100001001010B5014BF8
:10851C00984710BD8D160020084B5A6842609A6827
:10852C008260DA68C2601A6902615A6942619B69A9
:10853C008361A0235B051B68036070470000024049
:10854C004268084B5A6082689A60C268DA600269B5
:10855C001A6142695A6182699A61A02302685B05BB
:10856C001A60704700000240F0B5D6464F464646AA
:10857C000023C0B5182788B01E0081460D00988ACC
:10858C0046493B88140098473B8880464449B08A4A
:10859C009847002343490600988A3B8898478246AF
:1085AC00FFF79CFF01A8FFF7B7FFC047B0473E4B52
:1085BC0021001A6880239B005340C0229200134074
:1085CC003A4A1360002C1CD00823C0209C4640055E
:1085DC00163F6246836A1A401F4239D0631A00293B
:1085EC002BD1002A0BD1002C0BD0C0230822022641
:1085FC005B059B6A1A401E4242D0002AF5D0002C23
:10860C0030D1294B1A68C0239B009343274A13602F
:10861C00D047FFF77BFF01A8FFF792FF08B0E0BC43
:10862C00BA46B146A846F0BD002C2BD1C02252054B
:10863C00966A08223240B6072BD50D2B19D9002A81
:10864C00F2D1C0225205966A08223240B607F4D401
:10865C00002A04D10B002343002BBAD1D1E70B0025
:10866C00002CF9D0036E013C2B70230001350B4319
:10867C00F2E74B461B780139036601239944E7E77F
:10868C000021E5E7C0235B051B6E013C2B70013517
:10869C009FE70B00A242DFD1DCE7C0464946000051
:1086AC0045580000464300000C8001400C900140EE
:1086BC000022154B10B59A60DA601A615A619A6102
:1086CC00DA611A625A629A62DA621A635A639A63BC
:1086DC00DA631A645A649A64DA641A655A659A659C
:1086EC00DA651A665A669A66DA661A675A679A677C
:1086FC00DA67F03292000021044800F089FD044B47
:10870C00044A1A6010BDC0460000105040180020EA
:10871C00CC1C002080011050F0B54746CE4680B5E9
:10872C001C4B00249F6D012685B0002F1BD01A4BCB
:10873C0098461A4B994604E00134E4B27600202C9A
:10874C0011D03E42F8D043469E65012365086D006A
:10875C00A343ED186D014D44280000F013FC0028D4
:10876C0006D1B743E8D105B0C0BCB946B046F0BDA0
:10877C00EB8AE0210393002301A8AA78C9000180A9
:10878C0001210271437100F01DFC280000F098FBE0
:10879C00E7E7C046000011500030115000180020CF
:1087AC009823C64AF0B5D55880232E009B0210247E
:1087BC0085B01E401D4274D0C14BC24C9A6AC24B4C
:1087CC0000261A603B23E35C022B00D14BE17B2398
:1087DC00E35C022B00D1EFE0BB23E35C022B00D166
:1087EC00F6E0FB23E35C022B00D1FDE03C23FF33DE
:1087FC00E35C022B00D129E17C23FF33E35C022BE9
:10880C0000D10AE1BC23FF33E35C022B00D13BE136
:10881C00FC23FF33E35C022B00D1F1E0AB4BE35CB8
:10882C00022B00D170E1AA4BE35C022B00D101E1D9
:10883C00A84BE35C022B00D171E1A74BE35C022B4C
:10884C0000D12EE1A54BE35C022B00D19CE1A44BA3
:10885C00E35C022B00D16DE1A24BE35C022B00D157
:10886C009DE1A14BE35C022B00D17BE1002E08D1F2
:10887C009E4B1B78002B04D180219D4A903389029A
:10888C00D150C02269468D4B92009B6C80265B05B3
:10889C008A805B0D012101A8029300F093FB954C9B
:1088AC00B602EB0600D57BE080235B021D422FD085
:1088BC000224844F1E43BB7E002B14D000F0A0FC7E
:1088CC00012800D970E0C02200213800920100F08C
:1088DC00FDFA380000F0F4FA00F092FC012802D9FD
:1088EC00834B5C661C660123FB702037012C20D166
:1088FC00C0236A46DB0093807F4A02AB03CA03C3E2
:10890C00012101A800F05EFB8022794B92021A65CE
:10891C0080235B011D420ED18023DB011D4221D13E
:10892C0080231B021D422DD1AE4200D0BEE105B00A
:10893C00F0BD0124BFE700241E43604B1C60FFF711
:10894C00B7FE80236A465B0093801472012101A854
:10895C0000F038FB8022664B12031A658023DB0182
:10896C001D42DDD01E4380236A46DB00938001212B
:10897C0001A800F027FB10225D4B1A6580231B0217
:10898C001D42D1D01E43A0236A46DB0093800121F7
:10899C0001A800F017FB8022554B12011A65C3E7A2
:1089AC00FFF7BAFE26007FE7544B444A1C66536E11
:1089BC002340A342FBD186E77833E75C002F00D13C
:1089CC000AE70233E25C002A00D00DE13E0003E727
:1089DC00B833E75C002F00D103E70233E25C002AD6
:1089EC0000D0F9E03E00FCE6F833E75C002F00D144
:1089FC00FCE60233E25C002A00D041E13E00F5E6E1
:108A0C00F933FF33E75C002F00D107E70233E25C58
:108A1C00002A00D02BE13E0000E77933FF33E75CFE
:108A2C00002F00D1EEE60233E25C002A00D015E103
:108A3C003E00E7E6324BE75C002F00D1F8E602334C
:108A4C00E25C002A00D001E13E00F1E63933FF334D
:108A5C00E75C002F00D1CFE60233E25C002A00D0A5
:108A6C00EBE03E00C8E63833E65C002E00D1AEE603
:108A7C000233E25C002A00D1A9E62000002220305B
:108A8C00E25400F04BFAA2E6B933FF33E75C002F57
:108A9C0000D1BDE60233E25C002A00D0C4E03E0007
:108AAC00B6E6184BE75C002F00D1CBE60233E25C54
:108ABC00002A00D0B0E03E00C4E6C04600001150D1
:108ACC000040054000180020F81700203B02000071
:108ADC007B020000BB020000FB0200003B03000015
:108AEC007B030000BB030000FB030000472A0020AF
:108AFC0000301150100002000000105000201150E6
:108B0C007A020000FA0200006B4BE75C002F00D1E8
:108B1C0089E60233E25C002A76D13E0083E6674B9D
:108B2C00E75C002F00D188E60233E25C002A63D1B7
:108B3C003E0082E6624BE75C002F00D18CE60233EC
:108B4C00E25C002A00D0A3E05E4BE35C022B30D148
:108B5C005D4BE35C002B27D15C4BE35C022B00D01C
:108B6C008FE63E005A4BE35C002B00D17EE6FF23E0
:108B7C009B00E25C002A00D183E60022E2541C3BFD
:108B8C00E01800F0CBF97CE6524BE75C002F00D1EB
:108B9C005DE60233E25C002A16D13E0057E64A4BF2
:108BAC00E35C002B00D15CE6EF239B00E25C002A27
:108BBC0075D1464BE35C022B00D062E6444BE35C80
:108BCC00002B00D15DE6D2E70022E2541C3BE018FA
:108BDC0000F0A4F93E003AE620000022A030E25456
:108BEC003E0000F09BF9FCE5200000226030E254CE
:108BFC003E0000F093F9EFE50022E2541C3BE01834
:108C0C0000F08CF93E0018E60022E2541C3BE01800
:108C1C0000F084F93E0006E60022E2541C3BE0180A
:108C2C0000F07CF93E000DE620000022A130FF3060
:108C3C00E2543E0000F072F9EAE5200000222130F7
:108C4C00FF30E2543E0000F069F9D5E50022E25411
:108C5C001C3BE01800F062F93E00E9E52000002220
:108C6C006130FF30E2543E0000F058F9CAE52000B4
:108C7C000022E130FF30E2543E0000F04FF9CDE528
:108C8C0020000022E030E2543E0000F047F9ADE550
:108C9C000022E2541C3BE01800F040F954E700229B
:108CAC00E2541C3BE01800F039F982E731000A4825
:108CBC00694000F07DFAC0463A020000BA0200009A
:108CCC007A030000BB030000BA030000FB030000A2
:108CDC00FA0300003A0300003C710010F0B58C461A
:108CEC00838A018B020083B00E1C994200D91E1C92
:108CFC00B6B29B1B9CB2D37880211800451EA841AC
:108D0C00C90031434003084301214B40D3705378D1
:108D1C009482002B32D11169002E2AD06346D4687C
:108D2C009B01E418731E0193062B32D923000B43CD
:108D3C009B072ED1631A013B022B2AD90023B708BB
:108D4C00BF00CD58E5500433BB42FAD19E420ED041
:108D5C00019DE418EF1ACD18C95C21700199994254
:108D6C0005D06B786370012F01D0AB78A3701169BB
:108D7C00948A802389191B0211611843002C02D19B
:108D8C008023DB0118436346002B00D0000403B0A2
:108D9C00F0BD0023CD5CE55401339E42FAD1E6E7E9
:108DAC008368F0B51A68002900D0120C437892053C
:108DBC00950D002B09D1C38AEB18C382038BAB42F0
:108DCC0001D9002383822800F0BD0469002D28D02E
:108DDC00C36889016F1EBC465E18062F27D9013166
:108DEC005B18E31A022B22D9230033439B071ED1B5
:108DFC000023120E9200F158E15004339A42FAD13A
:108E0C0095420DD063469F1AA318B45CB1181C7020
:108E1C00944505D04A785A70012F01D08A789A70FF
:108E2C000469C38A6419EB18C3820461C6E7002283
:108E3C00B35CA35401329542FAD10469F1E7C04600
:108E4C0010B50400836800211B68FFF7A9FF636855
:108E5C001B685B0002D5238B834200D010BD01211F
:108E6C002000FFF79DFFF9E7084B1A6C00239207CF
:108E7C0003D48278D209012A01D018007047C37E2E
:108E8C00023B5A425341DBB2F7E7C0460000115097
:108E9C0010B5FFF7E9FF00280AD0064B064A9B6A7B
:108EAC00064912685B189B1A0020C6229A42404160
:108EBC0010BDC04600400540F8170020E0FCFFFF45
:108ECC0000238376436103617047C04610B5836805
:108EDC00002901D01C682140002A12D08024E40013
:108EEC00114322420DD01A6822420CD1084A0A4082
:108EFC001A60084A126C920703D40C23033BFDD270
:108F0C008368196010BD8178034800F051F9C046A0
:108F1C00FFFBFFFF0000115050710010436870B54B
:108F2C000021802504001E68FFF7D8FE124B6D014E
:108F3C001A6C0543A37892070ED55B060ED00F4B27
:108F4C001E4080239B053343626800211360200080
:108F5C002A00FFF7BBFF70BDDB09F0D0A38A002B02
:108F6C00EDD001212000FFF7B9FEA023044ADB0558
:108F7C00324005431343E7E700001150FFFFFFAFFA
:108F8C00FFFFFFDF70B5857E0400002D14D0FFF7C6
:108F9C0057FFA38A002B01D1280070BD2000FFF7DA
:108FAC0077FF002803D0012300252377F4E7200066
:108FBC00FFF7B4FF0025EFE78178014800F0F8F8DF
:108FCC0070710010F0B54746CE4680B54378050069
:108FDC000F0085B0062B07D8684A9B00D3589F46D4
:108FEC00674A137801331370664B1C686269EFF3A0
:108FFC00108172B61368002BFCD0BFF35F8FA16198
:10900C002000290000F0F4F86269A369BFF35F8FB8
:10901C000021116083F31088002804D105B0C0BC76
:10902C00B946B046F0BD3A006978287800F0D8F817
:10903C00F4E70121544B1A788A431A701A780131DB
:10904C008A431A7000225A701A7802318A431A70B5
:10905C00CAE74E4B00241E001A784D4B98464D4BD8
:10906C00994610E04B461B6861015B18002B06D03B
:10907C00DB69002B03D06968287898473278013473
:10908C00E4B2944217D8A242ECD8A31A5B01434431
:10909C00EEE73D4B1A78D207C0D504211A780A4363
:1090AC001A70A1E7384B1A78D207B7D504211A7871
:1090BC008A431A7098E7344A1378904611005B077C
:1090CC0028D51378042201AC93430B7020000021A7
:1090DC00083200F09DF82B78237005236370294B20
:1090EC001B6818005A69EFF3108172B61368002BD5
:1090FC00FCD0BFF35F8F06008161210000F078F88F
:10910C007269B369BFF35F8F0021116083F310881C
:10911C0000282CD14346DB78DB0700D47EE72B7884
:10912C0001AC2370032363706B686360154B1D687F
:10913C006A69EFF3108172B61368002BFCD0BFF391
:10914C005F8FA9612800210000F052F86A69AB69B1
:10915C00BFF35F8F0021116083F31088002800D1CA
:10916C005CE73A006178207800F03AF856E73A006C
:10917C006178207800F034F8CCE7C04650830010BA
:10918C00482A0020C015002068150020462A00201F
:10919C006C830010801400207047C0460000000053
:1091AC0001B40248844601BC604700BF8D16001014
:1091BC0001B40248844601BC604700BFA5090010F9
:1091CC0001B40248844601BC604700BFDD170010A3
:1091DC0001B40248844601BC604700BF512B00100B
:1091EC0001B40248844601BC604700BF195300100B
:1091FC0001B40248844601BC604700BFC56800103A
:10920C0001B40248844601BC604700BF99090010B4
:10921C0001B40248844601BC604700BF292C0010F1
:10922C001000000000000000000001000000000021
:10923C000000000000000200000000000000000020
:10924C00000003000000000000000000000004000B
:10925C0000000000000000000000050000000000FD
:10926C00000000000000FF000000000001B548688D
:10927C0001318E460047704609380149884701BDC7
:10928C00ED0D001000000000FFFFFFFFFFFFFF7F50
:10929C0000000000000000000000000000000000C2
:1092AC0000000000F810002000000000000000008A
:1092BC00503300004C330000543300005233000094
:1092CC004D5300004D430000533400004334000064
:1092DC00B149001065490010D948001051480010E0
:1092EC000000000000010000C415002010000C005C
:1092FC000000000000000000000000000000000062
:10930C0000000000FF000000000000000000000052
:04000005100001E9FD
:00000001FF
